name_from;name_to;distance;price1;price2;price3;price4;price5
ABBEVILLE EST N°22;ABBEVILLE NORD N°23;;2.70;4.00;6.10;8.20;1.50
ABBEVILLE EST N°22;AMIENS NORD N°20;;4.50;6.90;10.10;14.40;2.50
ABBEVILLE EST N°22;AMIENS OUEST N°19;;4.80;7.10;10.70;14.50;2.80
ABBEVILLE EST N°22;AMIENS SUD (péage de Dury);;6.00;9.20;13.20;18.30;3.80
ABBEVILLE EST N°22;AUMALE N°12;;7.30;10.40;19.10;26.20;4.40
ABBEVILLE EST N°22;BEAUVAIS CENTRE N°14;;10.70;15.70;22.10;30.40;6.60
ABBEVILLE EST N°22;BEAUVAIS NORD N°15;;10.50;14.70;22.10;30.30;6.30
ABBEVILLE EST N°22;BERCK N°25;;6.50;9.40;13.30;18.50;4.00
ABBEVILLE EST N°22;BOULOGNE EST (péage d'Herquelingue);;10.30;15.20;22.50;30.90;6.30
ABBEVILLE EST N°22;ESSERTAUX N°17;;6.40;9.90;14.20;19.10;3.90
ABBEVILLE EST N°22;ETAPLES / LE TOUQUET N°26;;7.20;11.20;15.00;22.20;4.20
ABBEVILLE EST N°22;HARDIVILLERS N°16;;7.90;11.60;16.90;22.40;4.70
ABBEVILLE EST N°22;L'ISLE-ADAM (péage d'Amblainville);;15.90;23.30;34.70;48.30;9.90
ABBEVILLE EST N°22;LA CÔTE PICARDE N°24;;4.90;7.30;11.20;15.60;2.90
ABBEVILLE EST N°22;MÉRU N°13;;12.00;17.90;25.70;35.40;7.70
ABBEVILLE EST N°22;NEUFCHÂTEL-EN-BRAY (A28) (péage d'Haudricourt);;8.90;13.80;21.60;29.50;5.80
ABBEVILLE EST N°22;NEUFCHÂTEL-HARDELOT N°27;;8.50;12.80;17.10;25.40;5.00
ABBEVILLE EST N°22;POIX-DE-PICARDIE N°13;;6.00;8.90;14.00;20.60;3.60
ABBEVILLE EST N°22;SALOUËL N°18;;5.10;7.70;10.80;15.20;2.90
ABBEVILLE EST N°22;VALLÉE DE LA NIÈVRE N°21;;2.30;3.90;5.90;8.40;1.40
ABBEVILLE NORD N°23;ABBEVILLE EST N°22;;2.70;4.00;6.10;8.20;1.50
ABBEVILLE NORD N°23;AMIENS NORD N°20;;6.50;9.60;13.80;19.30;4.10
ABBEVILLE NORD N°23;AMIENS OUEST N°19;;6.50;9.90;13.80;19.30;4.10
ABBEVILLE NORD N°23;AMIENS SUD (péage de Dury);;7.60;11.60;17.20;22.40;4.70
ABBEVILLE NORD N°23;AUMALE N°12;;9.20;13.00;20.10;27.80;5.70
ABBEVILLE NORD N°23;BEAUVAIS CENTRE N°14;;11.80;17.80;25.30;34.20;7.40
ABBEVILLE NORD N°23;BEAUVAIS NORD N°15;;11.70;17.30;24.80;31.90;7.20
ABBEVILLE NORD N°23;BERCK N°25;;5.20;8.70;12.60;17.60;3.00
ABBEVILLE NORD N°23;BOULOGNE EST (péage d'Herquelingue);;9.30;13.90;20.90;28.60;5.80
ABBEVILLE NORD N°23;ESSERTAUX N°17;;8.30;11.70;17.00;24.00;5.00
ABBEVILLE NORD N°23;ETAPLES / LE TOUQUET N°26;;6.50;9.90;13.40;20.30;3.90
ABBEVILLE NORD N°23;HARDIVILLERS N°16;;9.40;13.90;19.90;27.20;5.70
ABBEVILLE NORD N°23;L'ISLE-ADAM (péage d'Amblainville);;16.90;25.80;38.00;52.30;10.40
ABBEVILLE NORD N°23;LA CÔTE PICARDE N°24;;4.10;5.80;8.70;13.00;2.50
ABBEVILLE NORD N°23;MÉRU N°13;;13.80;19.90;29.10;40.30;8.70
ABBEVILLE NORD N°23;NEUFCHÂTEL-EN-BRAY (A28) (péage d'Haudricourt);;10.10;17.00;23.60;35.50;6.70
ABBEVILLE NORD N°23;NEUFCHÂTEL-HARDELOT N°27;;7.70;11.40;16.40;25.30;5.00
ABBEVILLE NORD N°23;POIX-DE-PICARDIE N°13;;7.90;11.20;16.90;24.50;4.80
ABBEVILLE NORD N°23;SALOUËL N°18;;7.20;10.40;14.40;20.20;4.20
ABBEVILLE NORD N°23;VALLÉE DE LA NIÈVRE N°21;;4.10;6.70;9.50;13.00;2.40
AIRE-SUR-LA-LYS N°4;ALBERT N°13.1;;9.40;14.10;19.80;28.50;5.40
AIRE-SUR-LA-LYS N°4;AMIENS EST (péage de Jules Verne);;13.70;21.50;29.70;43.40;8.30
AIRE-SUR-LA-LYS N°4;ARRAS EST (A1) N°15;;6.60;10.00;15.30;21.30;4.00
AIRE-SUR-LA-LYS N°4;ARRAS NORD (A26) N°7;;6.20;9.70;13.20;17.10;3.60
AIRE-SUR-LA-LYS N°4;ATHIES N°54;;10.60;16.70;24.10;35.40;6.40
AIRE-SUR-LA-LYS N°4;BAPAUME N°14;;8.40;13.10;18.90;27.20;4.80
AIRE-SUR-LA-LYS N°4;BÉTHUNE N°6;;3.80;5.10;7.60;11.00;2.10
AIRE-SUR-LA-LYS N°4;CALAIS (péage de Setques);;3.30;4.90;7.80;10.50;1.80
AIRE-SUR-LA-LYS N°4;CAMBRAI N°14;;8.70;13.60;19.60;26.40;5.10
AIRE-SUR-LA-LYS N°4;COMPIÈGNE OUEST N°10;;15.50;22.50;32.60;44.50;9.00
AIRE-SUR-LA-LYS N°4;GARE TGV N°53;;10.10;14.90;21.50;31.20;6.00
AIRE-SUR-LA-LYS N°4;GUIGNICOURT N°14;;18.40;27.10;37.10;53.20;10.70
AIRE-SUR-LA-LYS N°4;HORDAIN (péage d'Hordain);;10.60;16.00;22.30;30.50;5.80
AIRE-SUR-LA-LYS N°4;LA FÈRE N°12;;13.90;20.70;26.90;40.00;8.80
AIRE-SUR-LA-LYS N°4;LAON N°13;;15.60;22.70;32.10;46.80;9.50
AIRE-SUR-LA-LYS N°4;LIÉVIN N°6.2;;4.60;7.20;10.30;15.10;2.80
AIRE-SUR-LA-LYS N°4;LILLE / DOURGES (péage de Fresnes);;7.80;12.10;17.00;22.80;4.30
AIRE-SUR-LA-LYS N°4;LILLERS N°5;;2.50;4.00;5.40;7.50;1.20
AIRE-SUR-LA-LYS N°4;MARQUION N°8;;8.60;12.90;18.60;25.00;5.00
AIRE-SUR-LA-LYS N°4;MASNIÈRES N°9;;9.50;14.20;20.10;29.70;5.30
AIRE-SUR-LA-LYS N°4;NŒUX-LES-MINES N°6.1;;4.20;6.50;9.00;12.90;2.40
AIRE-SUR-LA-LYS N°4;PARIS / ROISSY (péage de Chamant);;22.50;33.20;46.00;62.90;12.40
AIRE-SUR-LA-LYS N°4;PÉRONNE / VALLEE DE LA SOMME N°13;;9.80;14.20;20.90;31.20;5.80
AIRE-SUR-LA-LYS N°4;PONT-SAINTE-MAXENCE N°9;;16.40;24.20;36.20;49.30;9.70
AIRE-SUR-LA-LYS N°4;REIMS (péage de Courcy);;22.60;33.90;43.90;65.00;13.80
AIRE-SUR-LA-LYS N°4;RESSONS N°11;;13.80;21.70;29.50;43.90;8.00
AIRE-SUR-LA-LYS N°4;ROYE N°12;;11.70;17.50;26.90;39.00;7.20
AIRE-SUR-LA-LYS N°4;SAINT-QUENTIN NORD N°10;;11.70;18.80;26.20;37.10;7.70
AIRE-SUR-LA-LYS N°4;SAINT-QUENTIN SUD N°11;;12.40;19.40;26.90;38.90;8.50
AIRE-SUR-LA-LYS N°4;SENLIS N°8;;18.20;28.10;38.00;53.90;10.80
AIRE-SUR-LA-LYS N°4;VILLERS-BRETONNEUX N°52;;10.90;18.70;26.30;35.50;7.10
ALBERT N°13.1;AIRE-SUR-LA-LYS N°4;;9.40;14.10;19.80;28.50;5.40
ALBERT N°13.1;AMIENS EST (péage de Jules Verne);;12.00;19.30;26.80;38.40;7.30
ALBERT N°13.1;ARRAS EST (A1) N°15;;4.90;7.30;10.80;15.00;2.80
ALBERT N°13.1;ARRAS NORD (A26) N°7;;4.80;7.70;11.20;13.60;2.80
ALBERT N°13.1;ATHIES N°54;;1.00;1.40;2.50;3.80;0.70
ALBERT N°13.1;BAPAUME N°14;;2.80;4.40;6.50;9.00;1.50
ALBERT N°13.1;BÉTHUNE N°6;;7.00;10.20;14.80;20.00;4.10
ALBERT N°13.1;CALAIS (péage de Setques);;12.10;18.70;27.40;36.40;7.90
ALBERT N°13.1;CAMBRAI N°14;;4.40;6.40;9.70;12.00;2.60
ALBERT N°13.1;COMPIÈGNE OUEST N°10;;6.60;9.90;15.50;22.60;4.10
ALBERT N°13.1;GARE TGV N°53;;2.80;4.10;6.40;9.30;1.50
ALBERT N°13.1;GUIGNICOURT N°14;;6.80;10.70;16.90;21.60;4.30
ALBERT N°13.1;HORDAIN (péage d'Hordain);;1.90;3.20;4.50;6.90;1.20
ALBERT N°13.1;LA FÈRE N°12;;4.30;6.90;10.60;14.40;2.80
ALBERT N°13.1;LAON N°13;;5.50;8.60;13.60;17.30;3.60
ALBERT N°13.1;LIÉVIN N°6.2;;5.20;8.20;12.10;14.90;3.10
ALBERT N°13.1;LILLE / DOURGES (péage de Fresnes);;2.60;4.20;6.70;8.50;1.40
ALBERT N°13.1;LILLERS N°5;;8.70;13.30;18.60;26.70;5.00
ALBERT N°13.1;MARQUION N°8;;4.10;5.50;9.50;11.50;2.40
ALBERT N°13.1;MASNIÈRES N°9;;3.80;5.40;9.10;10.20;2.40
ALBERT N°13.1;NŒUX-LES-MINES N°6.1;;5.70;8.80;12.80;16.20;3.50
ALBERT N°13.1;PARIS / ROISSY (péage de Chamant);;12.90;19.00;27.80;39.40;7.70
ALBERT N°13.1;PÉRONNE / VALLEE DE LA SOMME N°13;;2.10;3.10;4.50;6.40;1.20
ALBERT N°13.1;PONT-SAINTE-MAXENCE N°9;;7.10;11.10;17.00;24.20;4.10
ALBERT N°13.1;REIMS (péage de Courcy);;9.20;13.60;20.30;27.20;5.60
ALBERT N°13.1;RESSONS N°11;;5.30;7.90;12.70;18.20;3.10
ALBERT N°13.1;ROYE N°12;;4.00;5.80;9.60;13.00;2.30
ALBERT N°13.1;SAINT-QUENTIN NORD N°10;;2.80;4.10;7.10;9.00;1.50
ALBERT N°13.1;SAINT-QUENTIN SUD N°11;;4.50;6.80;9.90;13.30;2.80
ALBERT N°13.1;SENLIS N°8;;8.80;13.40;19.40;28.40;5.40
ALBERT N°13.1;VILLERS-BRETONNEUX N°52;;4.10;6.70;10.30;13.90;2.50
AMIENS EST (péage de Jules Verne);AIRE-SUR-LA-LYS N°4;;13.70;21.50;29.70;43.40;8.30
AMIENS EST (péage de Jules Verne);ALBERT N°13.1;;12.00;19.30;26.80;38.40;7.30
AMIENS EST (péage de Jules Verne);ARRAS EST (A1) N°15;;14.50;22.70;31.00;39.60;8.40
AMIENS EST (péage de Jules Verne);ARRAS NORD (A26) N°7;;9.90;15.50;22.20;30.70;5.50
AMIENS EST (péage de Jules Verne);ATHIES N°54;;9.50;15.30;20.60;28.50;5.20
AMIENS EST (péage de Jules Verne);BAPAUME N°14;;14.70;23.70;33.00;45.40;8.80
AMIENS EST (péage de Jules Verne);BÉTHUNE N°6;;11.40;19.00;24.20;37.00;7.20
AMIENS EST (péage de Jules Verne);CALAIS (péage de Setques);;16.70;24.50;32.70;45.90;10.10
AMIENS EST (péage de Jules Verne);CAMBRAI N°14;;12.50;19.60;24.80;33.90;7.70
AMIENS EST (péage de Jules Verne);COMPIÈGNE OUEST N°10;;14.40;22.00;33.50;47.40;8.50
AMIENS EST (péage de Jules Verne);GARE TGV N°53;;10.70;17.10;24.00;33.80;5.90
AMIENS EST (péage de Jules Verne);GUIGNICOURT N°14;;9.50;14.70;21.40;28.70;5.20
AMIENS EST (péage de Jules Verne);HORDAIN (péage d'Hordain);;14.60;22.40;31.70;43.50;8.20
AMIENS EST (péage de Jules Verne);LA FÈRE N°12;;5.80;9.80;13.60;18.70;3.70
AMIENS EST (péage de Jules Verne);LAON N°13;;7.20;11.80;17.00;20.70;4.10
AMIENS EST (péage de Jules Verne);LIÉVIN N°6.2;;10.40;16.50;22.80;31.70;5.80
AMIENS EST (péage de Jules Verne);LILLE / DOURGES (péage de Fresnes);;18.50;26.90;37.60;51.80;10.50
AMIENS EST (péage de Jules Verne);LILLERS N°5;;13.60;20.50;29.70;41.70;7.90
AMIENS EST (péage de Jules Verne);MARQUION N°8;;8.70;13.50;20.30;26.80;4.70
AMIENS EST (péage de Jules Verne);MASNIÈRES N°9;;9.10;13.40;19.40;27.00;5.20
AMIENS EST (péage de Jules Verne);NŒUX-LES-MINES N°6.1;;10.70;16.70;24.10;33.80;6.00
AMIENS EST (péage de Jules Verne);PARIS / ROISSY (péage de Chamant);;17.70;28.70;43.10;55.60;10.90
AMIENS EST (péage de Jules Verne);PÉRONNE / VALLEE DE LA SOMME N°13;;10.40;16.80;24.30;33.60;6.50
AMIENS EST (péage de Jules Verne);PONT-SAINTE-MAXENCE N°9;;14.70;22.70;34.60;48.90;8.90
AMIENS EST (péage de Jules Verne);REIMS (péage de Courcy);;10.90;17.70;24.90;33.90;6.50
AMIENS EST (péage de Jules Verne);RESSONS N°11;;14.00;20.90;31.40;44.90;7.90
AMIENS EST (péage de Jules Verne);ROYE N°12;;12.60;19.80;29.10;40.70;7.20
AMIENS EST (péage de Jules Verne);SAINT-QUENTIN NORD N°10;;7.40;11.10;16.20;22.50;4.10
AMIENS EST (péage de Jules Verne);SAINT-QUENTIN SUD N°11;;6.50;10.50;15.10;20.70;4.10
AMIENS EST (péage de Jules Verne);SENLIS N°8;;15.10;22.80;35.30;50.30;9.90
AMIENS EST (péage de Jules Verne);VILLERS-BRETONNEUX N°52;;13.20;19.90;27.90;40.10;7.70
AMIENS NORD N°20;ABBEVILLE EST N°22;;4.50;6.90;10.10;14.40;2.50
AMIENS NORD N°20;ABBEVILLE NORD N°23;;6.50;9.60;13.80;19.30;4.10
AMIENS NORD N°20;AMIENS OUEST N°19;;2.20;3.90;5.10;7.40;1.30
AMIENS NORD N°20;AMIENS SUD (péage de Dury);;3.20;4.60;6.90;10.00;1.70
AMIENS NORD N°20;AUMALE N°12;;5.20;8.20;12.80;17.70;3.50
AMIENS NORD N°20;BEAUVAIS CENTRE N°14;;7.90;12.00;16.30;22.20;4.70
AMIENS NORD N°20;BEAUVAIS NORD N°15;;7.10;11.00;15.40;21.00;4.40
AMIENS NORD N°20;BERCK N°25;;9.90;14.60;20.70;29.50;6.10
AMIENS NORD N°20;BOULOGNE EST (péage d'Herquelingue);;13.60;20.60;28.60;40.30;8.60
AMIENS NORD N°20;ESSERTAUX N°17;;4.00;6.10;8.20;11.70;2.30
AMIENS NORD N°20;ETAPLES / LE TOUQUET N°26;;10.90;15.50;21.80;32.40;6.40
AMIENS NORD N°20;HARDIVILLERS N°16;;4.80;7.50;10.90;15.40;2.90
AMIENS NORD N°20;L'ISLE-ADAM (péage d'Amblainville);;11.90;18.00;25.70;36.40;7.40
AMIENS NORD N°20;LA CÔTE PICARDE N°24;;8.60;12.80;17.70;25.50;5.20
AMIENS NORD N°20;MÉRU N°13;;9.70;13.70;20.00;27.40;5.90
AMIENS NORD N°20;NEUFCHÂTEL-EN-BRAY (A28) (péage d'Haudricourt);;7.00;11.00;15.70;21.30;4.40
AMIENS NORD N°20;NEUFCHÂTEL-HARDELOT N°27;;11.50;17.30;24.00;35.90;7.00
AMIENS NORD N°20;POIX-DE-PICARDIE N°13;;4.10;5.70;9.40;12.00;2.40
AMIENS NORD N°20;SALOUËL N°18;;2.80;4.20;5.60;7.80;1.40
AMIENS NORD N°20;VALLÉE DE LA NIÈVRE N°21;;3.90;5.60;8.00;11.50;2.10
AMIENS OUEST N°19;ABBEVILLE EST N°22;;4.80;7.10;10.70;14.50;2.80
AMIENS OUEST N°19;ABBEVILLE NORD N°23;;6.50;9.90;13.80;19.30;4.10
AMIENS OUEST N°19;AMIENS NORD N°20;;2.20;3.90;5.10;7.40;1.30
AMIENS OUEST N°19;AMIENS SUD (péage de Dury);;1.40;1.90;3.40;4.30;0.80
AMIENS OUEST N°19;AUMALE N°12;;4.30;6.70;9.90;13.60;2.60
AMIENS OUEST N°19;BEAUVAIS CENTRE N°14;;6.00;7.80;14.90;18.40;3.80
AMIENS OUEST N°19;BEAUVAIS NORD N°15;;5.20;7.10;13.80;16.20;3.00
AMIENS OUEST N°19;BERCK N°25;;9.90;14.60;20.70;29.50;6.10
AMIENS OUEST N°19;BOULOGNE EST (péage d'Herquelingue);;13.60;20.70;28.70;40.30;8.60
AMIENS OUEST N°19;ESSERTAUX N°17;;2.20;3.10;5.60;6.50;1.00
AMIENS OUEST N°19;ETAPLES / LE TOUQUET N°26;;10.90;15.50;22.00;32.40;6.60
AMIENS OUEST N°19;HARDIVILLERS N°16;;3.50;5.00;8.80;11.00;1.90
AMIENS OUEST N°19;L'ISLE-ADAM (péage d'Amblainville);;10.60;14.80;25.70;34.20;6.40
AMIENS OUEST N°19;LA CÔTE PICARDE N°24;;8.60;13.00;17.70;25.50;5.20
AMIENS OUEST N°19;MÉRU N°13;;7.60;10.50;19.40;23.00;5.00
AMIENS OUEST N°19;NEUFCHÂTEL-EN-BRAY (A28) (péage d'Haudricourt);;6.20;9.90;14.60;18.80;3.90
AMIENS OUEST N°19;NEUFCHÂTEL-HARDELOT N°27;;11.50;17.70;24.00;35.90;7.00
AMIENS OUEST N°19;POIX-DE-PICARDIE N°13;;2.50;4.20;5.80;7.30;1.30
AMIENS OUEST N°19;SALOUËL N°18;;0.90;1.50;2.40;3.00;0.60
AMIENS OUEST N°19;VALLÉE DE LA NIÈVRE N°21;;4.10;6.20;9.30;11.60;2.40
AMIENS SUD (péage de Dury);ABBEVILLE EST N°22;;6.00;9.20;13.20;18.30;3.80
AMIENS SUD (péage de Dury);ABBEVILLE NORD N°23;;7.60;11.60;17.20;22.40;4.70
AMIENS SUD (péage de Dury);AMIENS NORD N°20;;3.20;4.60;6.90;10.00;1.70
AMIENS SUD (péage de Dury);AMIENS OUEST N°19;;1.40;1.90;3.40;4.30;0.80
AMIENS SUD (péage de Dury);AUMALE N°12;;3.60;5.40;7.70;10.70;2.10
AMIENS SUD (péage de Dury);BEAUVAIS CENTRE N°14;;5.10;7.30;12.20;15.00;3.10
AMIENS SUD (péage de Dury);BEAUVAIS NORD N°15;;4.60;6.40;10.80;13.40;2.80
AMIENS SUD (péage de Dury);BERCK N°25;;11.00;17.00;24.60;31.50;6.70
AMIENS SUD (péage de Dury);BOULOGNE EST (péage d'Herquelingue);;15.80;22.50;29.30;47.80;9.40
AMIENS SUD (péage de Dury);ESSERTAUX N°17;;1.20;1.70;2.90;4.00;0.60
AMIENS SUD (péage de Dury);ETAPLES / LE TOUQUET N°26;;12.40;17.40;24.70;34.70;7.20
AMIENS SUD (péage de Dury);HARDIVILLERS N°16;;2.70;3.90;6.40;8.10;1.50
AMIENS SUD (péage de Dury);L'ISLE-ADAM (péage d'Amblainville);;9.60;13.20;22.30;29.50;5.90
AMIENS SUD (péage de Dury);LA CÔTE PICARDE N°24;;9.80;14.00;22.30;29.60;5.90
AMIENS SUD (péage de Dury);MÉRU N°13;;6.70;9.40;16.20;19.50;4.10
AMIENS SUD (péage de Dury);NEUFCHÂTEL-EN-BRAY (A28) (péage d'Haudricourt);;5.50;8.40;12.20;16.20;3.30
AMIENS SUD (péage de Dury);NEUFCHÂTEL-HARDELOT N°27;;12.70;19.30;26.40;39.00;8.60
AMIENS SUD (péage de Dury);POIX-DE-PICARDIE N°13;;1.70;2.50;3.90;5.10;0.80
AMIENS SUD (péage de Dury);SALOUËL N°18;;1.00;1.40;2.50;2.90;0.70
AMIENS SUD (péage de Dury);VALLÉE DE LA NIÈVRE N°21;;5.20;7.60;11.30;16.20;3.10
ARRAS EST (A1) N°15;AIRE-SUR-LA-LYS N°4;;6.60;10.00;15.30;21.30;4.00
ARRAS EST (A1) N°15;ALBERT N°13.1;;4.90;7.30;10.80;15.00;2.80
ARRAS EST (A1) N°15;AMIENS EST (péage de Jules Verne);;14.50;22.70;31.00;39.60;8.40
ARRAS EST (A1) N°15;ARRAS NORD (A26) N°7;;2.00;3.00;4.40;6.30;1.00
ARRAS EST (A1) N°15;ATHIES N°54;;3.90;5.80;9.30;12.10;2.40
ARRAS EST (A1) N°15;BAPAUME N°14;;3.60;4.90;7.70;10.20;2.10
ARRAS EST (A1) N°15;BÉTHUNE N°6;;4.00;5.70;9.00;12.20;2.40
ARRAS EST (A1) N°15;CALAIS (péage de Setques);;9.20;14.00;19.70;29.00;5.40
ARRAS EST (A1) N°15;CAMBRAI N°14;;4.30;6.50;10.00;13.00;2.50
ARRAS EST (A1) N°15;COMPIÈGNE OUEST N°10;;12.40;17.40;25.50;36.70;6.80
ARRAS EST (A1) N°15;GARE TGV N°53;;5.50;8.80;13.20;18.50;3.60
ARRAS EST (A1) N°15;GUIGNICOURT N°14;;8.80;12.70;20.20;27.60;5.10
ARRAS EST (A1) N°15;HORDAIN (péage d'Hordain);;4.80;7.40;11.10;14.70;2.90
ARRAS EST (A1) N°15;LA FÈRE N°12;;6.00;9.50;13.60;18.50;3.60
ARRAS EST (A1) N°15;LAON N°13;;7.00;10.80;15.60;21.80;4.30
ARRAS EST (A1) N°15;LIÉVIN N°6.2;;2.50;3.80;5.50;7.80;1.30
ARRAS EST (A1) N°15;LILLE / DOURGES (péage de Fresnes);;2.80;4.30;7.10;8.90;1.50
ARRAS EST (A1) N°15;LILLERS N°5;;5.70;9.30;12.60;18.50;3.60
ARRAS EST (A1) N°15;MARQUION N°8;;1.00;1.70;2.50;2.80;0.60
ARRAS EST (A1) N°15;MASNIÈRES N°9;;2.10;2.70;4.00;5.90;1.10
ARRAS EST (A1) N°15;NŒUX-LES-MINES N°6.1;;3.00;4.60;6.80;9.90;1.50
ARRAS EST (A1) N°15;PARIS / ROISSY (péage de Chamant);;18.90;27.50;39.80;55.30;11.60
ARRAS EST (A1) N°15;PÉRONNE / VALLEE DE LA SOMME N°13;;5.50;9.00;13.30;18.90;3.60
ARRAS EST (A1) N°15;PONT-SAINTE-MAXENCE N°9;;12.70;18.40;28.30;39.30;7.70
ARRAS EST (A1) N°15;REIMS (péage de Courcy);;10.90;16.90;24.00;32.40;6.90
ARRAS EST (A1) N°15;RESSONS N°11;;10.30;14.90;22.80;31.10;5.90
ARRAS EST (A1) N°15;ROYE N°12;;8.50;12.30;18.80;26.40;5.00
ARRAS EST (A1) N°15;SAINT-QUENTIN NORD N°10;;3.50;4.70;6.70;10.00;1.70
ARRAS EST (A1) N°15;SAINT-QUENTIN SUD N°11;;5.40;8.40;12.60;16.70;3.50
ARRAS EST (A1) N°15;SENLIS N°8;;14.60;21.10;31.60;44.90;8.90
ARRAS EST (A1) N°15;VILLERS-BRETONNEUX N°52;;7.90;12.30;17.40;24.10;4.30
ARRAS NORD (A26) N°7;AIRE-SUR-LA-LYS N°4;;6.20;9.70;13.20;17.10;3.60
ARRAS NORD (A26) N°7;ALBERT N°13.1;;4.80;7.70;11.20;13.60;2.80
ARRAS NORD (A26) N°7;AMIENS EST (péage de Jules Verne);;9.90;15.50;22.20;30.70;5.50
ARRAS NORD (A26) N°7;ARRAS EST (A1) N°15;;2.00;3.00;4.40;6.30;1.00
ARRAS NORD (A26) N°7;ATHIES N°54;;6.70;10.80;15.50;22.50;4.30
ARRAS NORD (A26) N°7;BAPAUME N°14;;3.80;5.40;8.10;11.80;2.10
ARRAS NORD (A26) N°7;BÉTHUNE N°6;;3.00;4.80;6.90;9.40;1.70
ARRAS NORD (A26) N°7;CALAIS (péage de Setques);;9.30;13.50;19.40;25.00;5.20
ARRAS NORD (A26) N°7;CAMBRAI N°14;;4.30;6.20;10.30;12.80;2.50
ARRAS NORD (A26) N°7;COMPIÈGNE OUEST N°10;;10.60;15.80;24.50;31.50;5.80
ARRAS NORD (A26) N°7;GARE TGV N°53;;5.80;9.00;12.90;18.10;3.80
ARRAS NORD (A26) N°7;GUIGNICOURT N°14;;13.30;19.80;27.40;35.50;8.40
ARRAS NORD (A26) N°7;HORDAIN (péage d'Hordain);;5.00;8.50;11.80;15.10;3.20
ARRAS NORD (A26) N°7;LA FÈRE N°12;;9.30;13.50;18.50;24.70;5.20
ARRAS NORD (A26) N°7;LAON N°13;;11.00;16.30;24.50;32.00;6.60
ARRAS NORD (A26) N°7;LIÉVIN N°6.2;;1.40;2.30;3.00;4.50;0.70
ARRAS NORD (A26) N°7;LILLE / DOURGES (péage de Fresnes);;2.60;3.90;6.30;7.80;1.50
ARRAS NORD (A26) N°7;LILLERS N°5;;4.80;7.50;11.30;15.10;2.90
ARRAS NORD (A26) N°7;MARQUION N°8;;3.30;4.80;7.50;10.00;1.80
ARRAS NORD (A26) N°7;MASNIÈRES N°9;;4.60;7.10;10.10;13.80;2.80
ARRAS NORD (A26) N°7;NŒUX-LES-MINES N°6.1;;2.00;3.00;4.10;6.30;1.10
ARRAS NORD (A26) N°7;PARIS / ROISSY (péage de Chamant);;16.60;26.20;35.70;49.40;9.10
ARRAS NORD (A26) N°7;PÉRONNE / VALLEE DE LA SOMME N°13;;5.50;9.00;12.60;18.00;3.60
ARRAS NORD (A26) N°7;PONT-SAINTE-MAXENCE N°9;;11.00;16.80;26.50;36.50;6.50
ARRAS NORD (A26) N°7;REIMS (péage de Courcy);;16.60;25.20;36.80;48.60;9.70
ARRAS NORD (A26) N°7;RESSONS N°11;;9.10;13.30;20.20;28.30;5.20
ARRAS NORD (A26) N°7;ROYE N°12;;7.90;12.10;18.10;25.00;4.40
ARRAS NORD (A26) N°7;SAINT-QUENTIN NORD N°10;;7.10;11.40;15.20;21.10;4.30
ARRAS NORD (A26) N°7;SAINT-QUENTIN SUD N°11;;7.90;11.70;17.70;23.70;4.70
ARRAS NORD (A26) N°7;SENLIS N°8;;12.90;20.30;30.20;37.50;7.40
ARRAS NORD (A26) N°7;VILLERS-BRETONNEUX N°52;;8.20;12.20;17.80;22.60;4.80
ATHIES N°54;AIRE-SUR-LA-LYS N°4;;10.60;16.70;24.10;35.40;6.40
ATHIES N°54;ALBERT N°13.1;;1.00;1.40;2.50;3.80;0.70
ATHIES N°54;AMIENS EST (péage de Jules Verne);;9.50;15.30;20.60;28.50;5.20
ATHIES N°54;ARRAS EST (A1) N°15;;3.90;5.80;9.30;12.10;2.40
ATHIES N°54;ARRAS NORD (A26) N°7;;6.70;10.80;15.50;22.50;4.30
ATHIES N°54;BAPAUME N°14;;2.50;3.70;5.60;7.80;1.30
ATHIES N°54;BÉTHUNE N°6;;8.70;13.40;20.10;27.00;5.10
ATHIES N°54;CALAIS (péage de Setques);;14.40;20.90;31.10;42.90;8.50
ATHIES N°54;CAMBRAI N°14;;3.60;5.60;8.30;11.30;2.40
ATHIES N°54;COMPIÈGNE OUEST N°10;;4.30;6.10;10.10;12.40;2.50
ATHIES N°54;GARE TGV N°53;;2.80;4.30;6.00;8.70;1.50
ATHIES N°54;GUIGNICOURT N°14;;4.60;7.10;10.60;13.50;2.70
ATHIES N°54;HORDAIN (péage d'Hordain);;4.80;7.60;11.40;15.70;3.00
ATHIES N°54;LA FÈRE N°12;;1.80;2.80;4.10;5.60;1.20
ATHIES N°54;LAON N°13;;2.80;4.60;7.50;9.20;1.70
ATHIES N°54;LIÉVIN N°6.2;;7.10;11.10;17.00;23.50;4.50
ATHIES N°54;LILLE / DOURGES (péage de Fresnes);;5.50;9.00;13.30;19.00;3.60
ATHIES N°54;LILLERS N°5;;10.10;15.50;21.20;32.90;6.10
ATHIES N°54;MARQUION N°8;;5.70;8.80;12.00;18.00;3.20
ATHIES N°54;MASNIÈRES N°9;;4.70;7.40;11.10;13.90;2.90
ATHIES N°54;NŒUX-LES-MINES N°6.1;;7.70;11.80;17.70;23.70;4.80
ATHIES N°54;PARIS / ROISSY (péage de Chamant);;8.70;12.80;20.00;25.90;5.20
ATHIES N°54;PÉRONNE / VALLEE DE LA SOMME N°13;;0.30;0.40;0.70;1.20;0.20
ATHIES N°54;PONT-SAINTE-MAXENCE N°9;;4.60;6.70;10.90;13.90;2.80
ATHIES N°54;REIMS (péage de Courcy);;6.20;9.70;14.70;18.70;3.80
ATHIES N°54;RESSONS N°11;;3.00;4.40;6.70;8.40;1.70
ATHIES N°54;ROYE N°12;;1.30;2.00;3.30;4.50;0.60
ATHIES N°54;SAINT-QUENTIN NORD N°10;;3.70;5.20;7.40;11.00;2.40
ATHIES N°54;SAINT-QUENTIN SUD N°11;;1.80;3.30;4.50;6.30;1.20
ATHIES N°54;SENLIS N°8;;5.90;8.90;14.30;18.00;3.60
ATHIES N°54;VILLERS-BRETONNEUX N°52;;4.60;6.70;9.80;13.40;2.50
AUMALE N°12;ABBEVILLE EST N°22;;7.30;10.40;19.10;26.20;4.40
AUMALE N°12;ABBEVILLE NORD N°23;;9.20;13.00;20.10;27.80;5.70
AUMALE N°12;AMIENS NORD N°20;;5.20;8.20;12.80;17.70;3.50
AUMALE N°12;AMIENS OUEST N°19;;4.30;6.70;9.90;13.60;2.60
AUMALE N°12;AMIENS SUD (péage de Dury);;3.60;5.40;7.70;10.70;2.10
AUMALE N°12;BEAUVAIS CENTRE N°14;;7.00;10.00;18.90;24.00;4.90
AUMALE N°12;BEAUVAIS NORD N°15;;5.70;8.40;14.90;17.50;3.70
AUMALE N°12;BERCK N°25;;11.40;16.70;28.70;33.30;7.30
AUMALE N°12;BOULOGNE EST (péage d'Herquelingue);;14.80;23.20;37.70;49.90;10.00
AUMALE N°12;ESSERTAUX N°17;;4.80;7.50;11.50;15.30;2.90
AUMALE N°12;ETAPLES / LE TOUQUET N°26;;11.80;18.70;29.00;38.00;8.00
AUMALE N°12;HARDIVILLERS N°16;;4.70;6.60;11.10;13.40;2.80
AUMALE N°12;L'ISLE-ADAM (péage d'Amblainville);;9.50;12.70;23.90;27.50;5.70
AUMALE N°12;LA CÔTE PICARDE N°24;;10.10;15.20;24.60;32.10;6.40
AUMALE N°12;MÉRU N°13;;8.20;10.60;19.40;24.50;5.10
AUMALE N°12;NEUFCHÂTEL-EN-BRAY (A28) (péage d'Haudricourt);;3.40;5.00;7.80;10.70;2.00
AUMALE N°12;NEUFCHÂTEL-HARDELOT N°27;;13.10;20.00;30.90;39.70;8.40
AUMALE N°12;POIX-DE-PICARDIE N°13;;12.40;18.00;31.60;39.60;8.00
AUMALE N°12;SALOUËL N°18;;3.40;5.10;7.60;10.10;2.10
AUMALE N°12;VALLÉE DE LA NIÈVRE N°21;;7.00;10.20;15.80;20.20;4.10
BAPAUME N°14;AIRE-SUR-LA-LYS N°4;;8.40;13.10;18.90;27.20;4.80
BAPAUME N°14;ALBERT N°13.1;;2.80;4.40;6.50;9.00;1.50
BAPAUME N°14;AMIENS EST (péage de Jules Verne);;14.70;23.70;33.00;45.40;8.80
BAPAUME N°14;ARRAS EST (A1) N°15;;3.60;4.90;7.70;10.20;2.10
BAPAUME N°14;ARRAS NORD (A26) N°7;;3.80;5.40;8.10;11.80;2.10
BAPAUME N°14;ATHIES N°54;;2.50;3.70;5.60;7.80;1.30
BAPAUME N°14;BÉTHUNE N°6;;5.40;8.90;14.20;17.30;3.50
BAPAUME N°14;CALAIS (péage de Setques);;11.20;17.10;27.10;36.10;6.80
BAPAUME N°14;CAMBRAI N°14;;5.20;8.10;12.70;16.20;3.60
BAPAUME N°14;COMPIÈGNE OUEST N°10;;9.10;12.90;20.40;27.50;5.30
BAPAUME N°14;GARE TGV N°53;;4.10;6.30;9.90;12.40;2.50
BAPAUME N°14;GUIGNICOURT N°14;;10.00;14.00;21.60;28.00;5.60
BAPAUME N°14;HORDAIN (péage d'Hordain);;3.60;5.40;8.50;11.70;2.10
BAPAUME N°14;LA FÈRE N°12;;6.50;10.20;15.80;20.20;4.00
BAPAUME N°14;LAON N°13;;7.70;11.70;18.20;23.60;4.50
BAPAUME N°14;LIÉVIN N°6.2;;4.20;6.20;9.60;12.70;2.40
BAPAUME N°14;LILLE / DOURGES (péage de Fresnes);;4.00;5.60;9.30;11.10;2.30
BAPAUME N°14;LILLERS N°5;;7.80;11.70;18.60;24.70;4.30
BAPAUME N°14;MARQUION N°8;;2.60;4.10;6.40;8.40;1.50
BAPAUME N°14;MASNIÈRES N°9;;3.10;4.50;7.20;9.90;2.00
BAPAUME N°14;NŒUX-LES-MINES N°6.1;;4.50;7.00;11.40;14.10;2.70
BAPAUME N°14;PARIS / ROISSY (péage de Chamant);;15.60;22.10;32.30;43.90;9.20
BAPAUME N°14;PÉRONNE / VALLEE DE LA SOMME N°13;;3.90;5.80;9.00;12.10;2.10
BAPAUME N°14;PONT-SAINTE-MAXENCE N°9;;9.10;13.80;21.90;30.20;5.70
BAPAUME N°14;REIMS (péage de Courcy);;11.30;17.00;25.70;33.40;7.20
BAPAUME N°14;RESSONS N°11;;7.20;11.20;17.70;22.20;4.60
BAPAUME N°14;ROYE N°12;;5.70;8.90;13.40;18.40;3.50
BAPAUME N°14;SAINT-QUENTIN NORD N°10;;4.10;5.90;9.90;13.20;2.50
BAPAUME N°14;SAINT-QUENTIN SUD N°11;;6.10;9.50;14.40;19.00;3.80
BAPAUME N°14;SENLIS N°8;;11.50;15.90;25.90;35.20;6.80
BAPAUME N°14;VILLERS-BRETONNEUX N°52;;5.70;9.30;13.30;18.70;3.60
BEAUVAIS CENTRE N°14;ABBEVILLE EST N°22;;10.70;15.70;22.10;30.40;6.60
BEAUVAIS CENTRE N°14;ABBEVILLE NORD N°23;;11.80;17.80;25.30;34.20;7.40
BEAUVAIS CENTRE N°14;AMIENS NORD N°20;;7.90;12.00;16.30;22.20;4.70
BEAUVAIS CENTRE N°14;AMIENS OUEST N°19;;6.00;7.80;14.90;18.40;3.80
BEAUVAIS CENTRE N°14;AMIENS SUD (péage de Dury);;5.10;7.30;12.20;15.00;3.10
BEAUVAIS CENTRE N°14;AUMALE N°12;;7.00;10.00;18.90;24.00;4.90
BEAUVAIS CENTRE N°14;BEAUVAIS NORD N°15;;2.20;3.30;5.70;6.40;1.30
BEAUVAIS CENTRE N°14;BERCK N°25;;15.70;23.10;32.50;44.40;9.50
BEAUVAIS CENTRE N°14;BOULOGNE EST (péage d'Herquelingue);;20.30;28.60;40.60;60.70;12.30
BEAUVAIS CENTRE N°14;ESSERTAUX N°17;;6.10;7.80;13.80;18.40;3.70
BEAUVAIS CENTRE N°14;ETAPLES / LE TOUQUET N°26;;16.10;24.10;34.20;47.90;9.90
BEAUVAIS CENTRE N°14;HARDIVILLERS N°16;;3.90;5.10;9.00;11.00;2.40
BEAUVAIS CENTRE N°14;L'ISLE-ADAM (péage d'Amblainville);;5.10;6.60;11.90;14.90;3.20
BEAUVAIS CENTRE N°14;LA CÔTE PICARDE N°24;;14.80;21.50;29.10;40.60;8.80
BEAUVAIS CENTRE N°14;MÉRU N°13;;2.60;3.40;6.40;7.50;1.70
BEAUVAIS CENTRE N°14;NEUFCHÂTEL-EN-BRAY (A28) (péage d'Haudricourt);;9.70;14.40;24.10;30.90;5.80
BEAUVAIS CENTRE N°14;NEUFCHÂTEL-HARDELOT N°27;;17.10;25.20;35.80;50.60;10.40
BEAUVAIS CENTRE N°14;POIX-DE-PICARDIE N°13;;5.70;8.30;15.10;19.00;3.60
BEAUVAIS CENTRE N°14;SALOUËL N°18;;5.80;7.50;13.40;16.30;3.60
BEAUVAIS CENTRE N°14;VALLÉE DE LA NIÈVRE N°21;;9.40;14.20;19.80;26.80;5.70
BEAUVAIS NORD N°15;ABBEVILLE EST N°22;;10.50;14.70;22.10;30.30;6.30
BEAUVAIS NORD N°15;ABBEVILLE NORD N°23;;11.70;17.30;24.80;31.90;7.20
BEAUVAIS NORD N°15;AMIENS NORD N°20;;7.10;11.00;15.40;21.00;4.40
BEAUVAIS NORD N°15;AMIENS OUEST N°19;;5.20;7.10;13.80;16.20;3.00
BEAUVAIS NORD N°15;AMIENS SUD (péage de Dury);;4.60;6.40;10.80;13.40;2.80
BEAUVAIS NORD N°15;AUMALE N°12;;5.70;8.40;14.90;17.50;3.70
BEAUVAIS NORD N°15;BEAUVAIS CENTRE N°14;;2.20;3.30;5.70;6.40;1.30
BEAUVAIS NORD N°15;BERCK N°25;;15.70;22.50;32.50;44.10;9.50
BEAUVAIS NORD N°15;BOULOGNE EST (péage d'Herquelingue);;20.10;28.50;40.50;58.80;12.00
BEAUVAIS NORD N°15;ESSERTAUX N°17;;4.90;6.80;13.00;16.80;3.00
BEAUVAIS NORD N°15;ETAPLES / LE TOUQUET N°26;;15.90;23.70;32.90;45.80;9.60
BEAUVAIS NORD N°15;HARDIVILLERS N°16;;3.10;4.20;7.40;9.60;1.80
BEAUVAIS NORD N°15;L'ISLE-ADAM (péage d'Amblainville);;6.90;9.40;17.00;21.70;4.20
BEAUVAIS NORD N°15;LA CÔTE PICARDE N°24;;14.80;21.30;29.10;40.60;8.80
BEAUVAIS NORD N°15;MÉRU N°13;;4.10;5.70;10.30;12.40;2.50
BEAUVAIS NORD N°15;NEUFCHÂTEL-EN-BRAY (A28) (péage d'Haudricourt);;8.10;11.80;19.10;25.60;4.90
BEAUVAIS NORD N°15;NEUFCHÂTEL-HARDELOT N°27;;17.00;25.20;35.80;50.00;10.30
BEAUVAIS NORD N°15;POIX-DE-PICARDIE N°13;;4.50;5.60;10.90;12.20;2.60
BEAUVAIS NORD N°15;SALOUËL N°18;;4.90;6.70;12.10;14.70;2.90
BEAUVAIS NORD N°15;VALLÉE DE LA NIÈVRE N°21;;9.30;13.30;19.20;26.50;5.40
BERCK N°25;ABBEVILLE EST N°22;;6.50;9.40;13.30;18.50;4.00
BERCK N°25;ABBEVILLE NORD N°23;;5.20;8.70;12.60;17.60;3.00
BERCK N°25;AMIENS NORD N°20;;9.90;14.60;20.70;29.50;6.10
BERCK N°25;AMIENS OUEST N°19;;9.90;14.60;20.70;29.50;6.10
BERCK N°25;AMIENS SUD (péage de Dury);;11.00;17.00;24.60;31.50;6.70
BERCK N°25;AUMALE N°12;;11.40;16.70;28.70;33.30;7.30
BERCK N°25;BEAUVAIS CENTRE N°14;;15.70;23.10;32.50;44.40;9.50
BERCK N°25;BEAUVAIS NORD N°15;;15.70;22.50;32.50;44.10;9.50
BERCK N°25;BOULOGNE EST (péage d'Herquelingue);;4.70;7.40;10.80;15.40;2.90
BERCK N°25;ESSERTAUX N°17;;11.30;17.20;22.80;33.10;6.80
BERCK N°25;ETAPLES / LE TOUQUET N°26;;2.20;3.40;5.20;6.90;1.50
BERCK N°25;HARDIVILLERS N°16;;12.40;18.70;27.10;36.90;8.10
BERCK N°25;L'ISLE-ADAM (péage d'Amblainville);;21.00;31.30;44.70;61.30;13.10
BERCK N°25;LA CÔTE PICARDE N°24;;3.10;4.80;7.10;10.30;1.90
BERCK N°25;MÉRU N°13;;17.30;25.20;36.10;50.30;10.40
BERCK N°25;NEUFCHÂTEL-EN-BRAY (A28) (péage d'Haudricourt);;12.70;20.70;31.10;43.50;8.70
BERCK N°25;NEUFCHÂTEL-HARDELOT N°27;;3.40;5.10;7.50;10.20;2.10
BERCK N°25;POIX-DE-PICARDIE N°13;;9.90;15.20;23.30;32.10;6.40
BERCK N°25;SALOUËL N°18;;9.90;15.00;21.40;29.70;6.10
BERCK N°25;VALLÉE DE LA NIÈVRE N°21;;7.50;11.50;15.80;23.00;4.60
BÉTHUNE N°6;AIRE-SUR-LA-LYS N°4;;3.80;5.10;7.60;11.00;2.10
BÉTHUNE N°6;ALBERT N°13.1;;7.00;10.20;14.80;20.00;4.10
BÉTHUNE N°6;AMIENS EST (péage de Jules Verne);;11.40;19.00;24.20;37.00;7.20
BÉTHUNE N°6;ARRAS EST (A1) N°15;;4.00;5.70;9.00;12.20;2.40
BÉTHUNE N°6;ARRAS NORD (A26) N°7;;3.00;4.80;6.90;9.40;1.70
BÉTHUNE N°6;ATHIES N°54;;8.70;13.40;20.10;27.00;5.10
BÉTHUNE N°6;BAPAUME N°14;;5.40;8.90;14.20;17.30;3.50
BÉTHUNE N°6;CALAIS (péage de Setques);;7.10;10.60;15.00;19.30;4.20
BÉTHUNE N°6;CAMBRAI N°14;;5.80;9.30;14.50;18.70;3.70
BÉTHUNE N°6;COMPIÈGNE OUEST N°10;;12.80;19.20;26.90;38.90;7.60
BÉTHUNE N°6;GARE TGV N°53;;7.70;11.00;17.10;23.00;4.60
BÉTHUNE N°6;GUIGNICOURT N°14;;14.60;22.30;31.20;42.40;9.20
BÉTHUNE N°6;HORDAIN (péage d'Hordain);;7.40;12.40;16.80;21.50;4.40
BÉTHUNE N°6;LA FÈRE N°12;;10.30;15.40;22.40;30.80;6.00
BÉTHUNE N°6;LAON N°13;;12.70;19.40;28.70;40.60;7.80
BÉTHUNE N°6;LIÉVIN N°6.2;;1.90;3.00;4.20;6.30;1.20
BÉTHUNE N°6;LILLE / DOURGES (péage de Fresnes);;4.80;7.20;10.30;13.90;2.70
BÉTHUNE N°6;LILLERS N°5;;2.80;4.20;6.40;8.90;1.50
BÉTHUNE N°6;MARQUION N°8;;5.50;9.20;12.60;17.50;3.10
BÉTHUNE N°6;MASNIÈRES N°9;;6.40;10.20;14.40;20.10;3.90
BÉTHUNE N°6;NŒUX-LES-MINES N°6.1;;1.40;2.20;3.10;4.50;0.80
BÉTHUNE N°6;PARIS / ROISSY (péage de Chamant);;19.50;28.00;41.10;54.40;11.20
BÉTHUNE N°6;PÉRONNE / VALLEE DE LA SOMME N°13;;7.20;10.90;16.80;23.00;4.40
BÉTHUNE N°6;PONT-SAINTE-MAXENCE N°9;;13.70;19.50;28.80;40.40;8.10
BÉTHUNE N°6;REIMS (péage de Courcy);;20.00;28.60;37.60;55.20;11.50
BÉTHUNE N°6;RESSONS N°11;;11.00;17.50;23.70;36.60;6.80
BÉTHUNE N°6;ROYE N°12;;9.60;14.70;21.80;28.00;5.60
BÉTHUNE N°6;SAINT-QUENTIN NORD N°10;;9.30;13.60;19.00;27.00;5.30
BÉTHUNE N°6;SAINT-QUENTIN SUD N°11;;9.60;14.70;21.10;30.40;5.90
BÉTHUNE N°6;SENLIS N°8;;15.10;22.70;33.30;45.40;8.80
BÉTHUNE N°6;VILLERS-BRETONNEUX N°52;;9.60;14.50;22.60;29.00;5.60
BOULAY N°36;CHÂLONS-EN-CHAMPAGNE / LA VEUVE N°24;;14.40;20.80;30.50;40.50;9.00
BOULAY N°36;CHARMONT-SOUS-BARBUISE N°22;;14.50;20.80;30.60;43.00;9.00
BOULAY N°36;CHÂTEAU-THIERRY N°20;;21.70;32.30;48.50;62.50;13.40
BOULAY N°36;CLERMONT-EN-ARGONNE N°27;;8.30;11.90;18.60;24.60;5.00
BOULAY N°36;DORMANS N°21;;21.10;30.60;46.20;59.30;12.80
BOULAY N°36;FAREBERSVILLER N°39;;1.10;1.80;2.60;3.20;0.80
BOULAY N°36;FRESNES-EN-WOËVRE N°30;;3.50;4.90;7.60;10.90;2.10
BOULAY N°36;FREYMING-MERLEBACH (A320);;0.70;0.90;1.50;1.80;0.50
BOULAY N°36;HOCHFELDEN N°45;;9.10;14.00;20.60;26.70;4.90
BOULAY N°36;JARNY N°31;;3.10;4.20;6.30;8.90;1.80
BOULAY N°36;MEAUX (A140) / CRECY N°16;;28.60;43.20;65.60;87.80;18.40
BOULAY N°36;MONT-CHOISY N°18;;16.60;25.50;41.50;55.10;10.50
BOULAY N°36;MONTREUIL-AUX-LIONS N°19;;24.30;36.10;54.60;68.50;14.90
BOULAY N°36;PARIS / NOISY-LE-GRAND (péage de Coutevroult);;31.00;47.00;71.70;95.50;19.90
BOULAY N°36;PHALSBOURG N°43;;5.50;8.10;12.50;17.40;3.30
BOULAY N°36;PUTTELANGE N°40;;1.70;2.40;3.70;4.80;1.20
BOULAY N°36;REIMS EST (péage de Taissy);;15.70;23.90;39.20;48.50;9.30
BOULAY N°36;REIMS NORD (péage d'Ormes);;18.50;27.30;41.60;53.70;11.40
BOULAY N°36;REIMS OUEST (péage de Thillois) N°22;;20.00;29.60;45.10;58.20;12.60
BOULAY N°36;REIMS SUD N°23;;18.50;26.80;41.40;54.90;11.60
BOULAY N°36;SAINT-ÉTIENNE-AU-TEMPLE N°25;;11.80;16.50;26.60;35.80;6.80
BOULAY N°36;SAINT-GIBRIEN N°17;;16.40;25.50;40.10;48.20;9.70
BOULAY N°36;SAINTE-MARIE-AUX-CHÊNES N°32;;1.50;2.00;3.00;4.20;0.90
BOULAY N°36;SAINTE-MENEHOULD N°26;;9.80;13.70;21.60;28.40;5.60
BOULAY N°36;SARRE-UNION N°42;;3.50;5.70;8.60;11.90;2.20
BOULAY N°36;SARREGUEMINES N°41;;2.30;3.30;5.20;7.10;1.50
BOULAY N°36;SAVERNE N°44;;6.70;10.40;14.70;19.60;3.80
BOULAY N°36;SOMMESOUS N°20;;19.60;30.10;47.50;60.30;11.50
BOULAY N°36;ST-JEAN-LES-DEUX-JUMEAUX N°18;;26.70;39.80;59.30;75.80;16.30
BOULAY N°36;STRASBOURG (péage de Schwindratzheim);;11.10;16.40;24.60;32.30;6.30
BOULAY N°36;VALLÉE DE L'AUBE N°21;;23.60;35.20;55.00;71.80;13.20
BOULAY N°36;VATRY N°19;;18.20;27.90;44.90;56.70;11.00
BOULAY N°36;VERDUN N°29;;5.60;8.40;12.80;16.90;3.40
BOULAY N°36;VOIE SACRÉE N°28;;7.10;11.40;16.70;22.60;4.10
BOULOGNE EST (péage d'Herquelingue);ABBEVILLE EST N°22;;10.30;15.20;22.50;30.90;6.30
BOULOGNE EST (péage d'Herquelingue);ABBEVILLE NORD N°23;;9.30;13.90;20.90;28.60;5.80
BOULOGNE EST (péage d'Herquelingue);AMIENS NORD N°20;;13.60;20.60;28.60;40.30;8.60
BOULOGNE EST (péage d'Herquelingue);AMIENS OUEST N°19;;13.60;20.70;28.70;40.30;8.60
BOULOGNE EST (péage d'Herquelingue);AMIENS SUD (péage de Dury);;15.80;22.50;29.30;47.80;9.40
BOULOGNE EST (péage d'Herquelingue);AUMALE N°12;;14.80;23.20;37.70;49.90;10.00
BOULOGNE EST (péage d'Herquelingue);BEAUVAIS CENTRE N°14;;20.30;28.60;40.60;60.70;12.30
BOULOGNE EST (péage d'Herquelingue);BEAUVAIS NORD N°15;;20.10;28.50;40.50;58.80;12.00
BOULOGNE EST (péage d'Herquelingue);BERCK N°25;;4.70;7.40;10.80;15.40;2.90
BOULOGNE EST (péage d'Herquelingue);ESSERTAUX N°17;;15.20;23.10;31.20;48.10;9.40
BOULOGNE EST (péage d'Herquelingue);ETAPLES / LE TOUQUET N°26;;3.50;5.10;7.60;10.50;2.00
BOULOGNE EST (péage d'Herquelingue);HARDIVILLERS N°16;;16.30;25.30;36.40;52.50;9.80
BOULOGNE EST (péage d'Herquelingue);L'ISLE-ADAM (péage d'Amblainville);;25.00;37.10;52.10;75.70;15.60
BOULOGNE EST (péage d'Herquelingue);LA CÔTE PICARDE N°24;;6.80;10.50;14.50;21.00;4.50
BOULOGNE EST (péage d'Herquelingue);MÉRU N°13;;21.90;31.10;45.20;66.00;13.00
BOULOGNE EST (péage d'Herquelingue);NEUFCHÂTEL-EN-BRAY (A28) (péage d'Haudricourt);;17.20;28.00;41.50;57.90;11.60
BOULOGNE EST (péage d'Herquelingue);NEUFCHÂTEL-HARDELOT N°27;;1.90;2.80;4.10;5.90;1.00
BOULOGNE EST (péage d'Herquelingue);POIX-DE-PICARDIE N°13;;14.70;22.40;34.10;46.50;8.60
BOULOGNE EST (péage d'Herquelingue);SALOUËL N°18;;13.90;21.20;28.70;40.30;8.80
BOULOGNE EST (péage d'Herquelingue);VALLÉE DE LA NIÈVRE N°21;;11.50;17.00;24.30;35.00;7.00
CALAIS (péage de Setques);AIRE-SUR-LA-LYS N°4;;3.30;4.90;7.80;10.50;1.80
CALAIS (péage de Setques);ALBERT N°13.1;;12.10;18.70;27.40;36.40;7.90
CALAIS (péage de Setques);AMIENS EST (péage de Jules Verne);;16.70;24.50;32.70;45.90;10.10
CALAIS (péage de Setques);ARRAS EST (A1) N°15;;9.20;14.00;19.70;29.00;5.40
CALAIS (péage de Setques);ARRAS NORD (A26) N°7;;9.30;13.50;19.40;25.00;5.20
CALAIS (péage de Setques);ATHIES N°54;;14.40;20.90;31.10;42.90;8.50
CALAIS (péage de Setques);BAPAUME N°14;;11.20;17.10;27.10;36.10;6.80
CALAIS (péage de Setques);BÉTHUNE N°6;;7.10;10.60;15.00;19.30;4.20
CALAIS (péage de Setques);CAMBRAI N°14;;11.80;19.00;26.30;34.00;7.40
CALAIS (péage de Setques);COMPIÈGNE OUEST N°10;;18.50;29.40;42.40;56.00;11.20
CALAIS (péage de Setques);GARE TGV N°53;;12.60;19.70;27.90;38.80;8.40
CALAIS (péage de Setques);GUIGNICOURT N°14;;21.10;32.90;44.60;60.30;13.20
CALAIS (péage de Setques);HORDAIN (péage d'Hordain);;13.30;21.50;28.30;39.70;7.90
CALAIS (péage de Setques);LA FÈRE N°12;;16.90;25.10;34.80;47.50;10.30
CALAIS (péage de Setques);LAON N°13;;19.70;29.70;39.90;54.60;12.20
CALAIS (péage de Setques);LIÉVIN N°6.2;;8.70;12.80;18.00;24.60;5.10
CALAIS (péage de Setques);LILLE / DOURGES (péage de Fresnes);;10.20;15.60;21.50;30.00;5.80
CALAIS (péage de Setques);LILLERS N°5;;5.50;9.00;13.20;16.70;3.10
CALAIS (péage de Setques);MARQUION N°8;;11.70;17.00;24.10;31.90;6.80
CALAIS (péage de Setques);MASNIÈRES N°9;;12.30;18.30;26.00;36.80;8.10
CALAIS (péage de Setques);NŒUX-LES-MINES N°6.1;;8.00;11.70;16.60;22.20;4.30
CALAIS (péage de Setques);PARIS / ROISSY (péage de Chamant);;25.20;38.00;54.40;72.50;15.40
CALAIS (péage de Setques);PÉRONNE / VALLEE DE LA SOMME N°13;;12.40;19.00;27.80;38.60;8.30
CALAIS (péage de Setques);PONT-SAINTE-MAXENCE N°9;;19.00;30.10;42.80;59.60;11.70
CALAIS (péage de Setques);REIMS (péage de Courcy);;26.60;38.70;53.80;71.90;16.20
CALAIS (péage de Setques);RESSONS N°11;;17.70;27.50;38.00;48.90;10.30
CALAIS (péage de Setques);ROYE N°12;;15.00;24.00;34.00;45.50;9.00
CALAIS (péage de Setques);SAINT-QUENTIN NORD N°10;;15.40;23.20;32.70;42.50;9.70
CALAIS (péage de Setques);SAINT-QUENTIN SUD N°11;;15.90;23.90;34.60;46.80;9.80
CALAIS (péage de Setques);SENLIS N°8;;20.20;31.80;48.00;65.50;12.50
CALAIS (péage de Setques);VILLERS-BRETONNEUX N°52;;13.70;23.00;29.30;44.40;8.50
CAMBRAI N°14;AIRE-SUR-LA-LYS N°4;;8.70;13.60;19.60;26.40;5.10
CAMBRAI N°14;ALBERT N°13.1;;4.40;6.40;9.70;12.00;2.60
CAMBRAI N°14;AMIENS EST (péage de Jules Verne);;12.50;19.60;24.80;33.90;7.70
CAMBRAI N°14;ARRAS EST (A1) N°15;;4.30;6.50;10.00;13.00;2.50
CAMBRAI N°14;ARRAS NORD (A26) N°7;;4.30;6.20;10.30;12.80;2.50
CAMBRAI N°14;ATHIES N°54;;3.60;5.60;8.30;11.30;2.40
CAMBRAI N°14;BAPAUME N°14;;5.20;8.10;12.70;16.20;3.60
CAMBRAI N°14;BÉTHUNE N°6;;5.80;9.30;14.50;18.70;3.70
CAMBRAI N°14;CALAIS (péage de Setques);;11.80;19.00;26.30;34.00;7.40
CAMBRAI N°14;COMPIÈGNE OUEST N°10;;10.50;15.00;23.10;31.00;5.50
CAMBRAI N°14;GARE TGV N°53;;5.20;8.20;12.00;17.00;3.20
CAMBRAI N°14;GUIGNICOURT N°14;;7.10;10.60;16.70;22.00;4.10
CAMBRAI N°14;HORDAIN (péage d'Hordain);;4.40;6.60;9.90;14.30;2.80
CAMBRAI N°14;LA FÈRE N°12;;4.20;6.60;9.80;13.30;2.50
CAMBRAI N°14;LAON N°13;;5.20;7.80;11.60;15.00;3.20
CAMBRAI N°14;LIÉVIN N°6.2;;4.70;7.50;11.30;14.40;3.00
CAMBRAI N°14;LILLE / DOURGES (péage de Fresnes);;4.80;7.20;10.90;14.60;2.70
CAMBRAI N°14;LILLERS N°5;;8.00;11.90;17.60;24.10;4.70
CAMBRAI N°14;MARQUION N°8;;3.30;5.10;7.40;10.40;1.90
CAMBRAI N°14;MASNIÈRES N°9;;0.90;1.60;2.40;2.90;0.60
CAMBRAI N°14;NŒUX-LES-MINES N°6.1;;5.20;9.10;12.80;15.80;3.50
CAMBRAI N°14;PARIS / ROISSY (péage de Chamant);;16.30;23.90;36.40;50.20;9.60
CAMBRAI N°14;PÉRONNE / VALLEE DE LA SOMME N°13;;4.70;7.60;11.30;15.00;3.00
CAMBRAI N°14;PONT-SAINTE-MAXENCE N°9;;10.80;16.50;24.40;33.80;6.00
CAMBRAI N°14;REIMS (péage de Courcy);;9.10;13.90;19.40;26.20;5.40
CAMBRAI N°14;RESSONS N°11;;9.00;13.80;19.80;27.70;4.90
CAMBRAI N°14;ROYE N°12;;7.40;10.70;16.10;21.50;4.40
CAMBRAI N°14;SAINT-QUENTIN NORD N°10;;1.20;1.70;2.60;3.40;0.50
CAMBRAI N°14;SAINT-QUENTIN SUD N°11;;3.10;5.10;6.80;9.90;1.90
CAMBRAI N°14;SENLIS N°8;;12.90;19.40;28.40;38.90;7.50
CAMBRAI N°14;VILLERS-BRETONNEUX N°52;;7.70;11.40;16.20;21.70;4.30
CHÂLONS-EN-CHAMPAGNE / LA VEUVE N°24;BOULAY N°36;;14.40;20.80;30.50;40.50;9.00
CHÂLONS-EN-CHAMPAGNE / LA VEUVE N°24;CHÂTEAU-THIERRY N°20;;6.20;9.50;13.40;18.70;3.90
CHÂLONS-EN-CHAMPAGNE / LA VEUVE N°24;CLERMONT-EN-ARGONNE N°27;;3.80;5.60;9.10;11.00;2.40
CHÂLONS-EN-CHAMPAGNE / LA VEUVE N°24;DORMANS N°21;;4.80;7.20;10.60;15.20;2.90
CHÂLONS-EN-CHAMPAGNE / LA VEUVE N°24;FAREBERSVILLER N°39;;18.10;28.00;40.60;54.30;11.30
CHÂLONS-EN-CHAMPAGNE / LA VEUVE N°24;FRESNES-EN-WOËVRE N°30;;7.00;11.20;15.80;20.30;4.60
CHÂLONS-EN-CHAMPAGNE / LA VEUVE N°24;FREYMING-MERLEBACH (A320);;17.70;27.10;39.50;52.90;11.00
CHÂLONS-EN-CHAMPAGNE / LA VEUVE N°24;HOCHFELDEN N°45;;26.10;40.20;58.60;77.80;15.40
CHÂLONS-EN-CHAMPAGNE / LA VEUVE N°24;JARNY N°31;;9.10;13.90;19.80;24.70;5.70
CHÂLONS-EN-CHAMPAGNE / LA VEUVE N°24;MEAUX (A140) / CRECY N°16;;14.10;20.80;30.20;42.30;8.70
CHÂLONS-EN-CHAMPAGNE / LA VEUVE N°24;METZ (A31);;12.90;18.80;27.50;36.30;8.10
CHÂLONS-EN-CHAMPAGNE / LA VEUVE N°24;MONT-CHOISY N°18;;2.80;4.60;8.00;11.00;1.90
CHÂLONS-EN-CHAMPAGNE / LA VEUVE N°24;MONTREUIL-AUX-LIONS N°19;;8.80;13.50;19.40;26.90;5.40
CHÂLONS-EN-CHAMPAGNE / LA VEUVE N°24;PARIS / NOISY-LE-GRAND (péage de Coutevroult);;16.50;24.60;36.30;50.00;10.20
CHÂLONS-EN-CHAMPAGNE / LA VEUVE N°24;PHALSBOURG N°43;;22.50;34.30;50.50;68.50;13.80
CHÂLONS-EN-CHAMPAGNE / LA VEUVE N°24;PUTTELANGE N°40;;18.70;28.60;41.70;55.90;11.70
CHÂLONS-EN-CHAMPAGNE / LA VEUVE N°24;REIMS EST (péage de Taissy);;1.20;1.50;2.50;3.50;0.50
CHÂLONS-EN-CHAMPAGNE / LA VEUVE N°24;REIMS NORD (péage d'Ormes);;2.90;4.50;6.60;9.90;1.80
CHÂLONS-EN-CHAMPAGNE / LA VEUVE N°24;REIMS OUEST (péage de Thillois) N°22;;4.40;6.10;9.30;13.00;2.50
CHÂLONS-EN-CHAMPAGNE / LA VEUVE N°24;REIMS SUD N°23;;3.00;4.60;6.70;10.20;1.80
CHÂLONS-EN-CHAMPAGNE / LA VEUVE N°24;SAINT-AVOLD N°37;;17.70;27.10;39.50;52.90;11.00
CHÂLONS-EN-CHAMPAGNE / LA VEUVE N°24;SAINT-GIBRIEN N°17;;1.50;2.30;4.40;5.70;0.80
CHÂLONS-EN-CHAMPAGNE / LA VEUVE N°24;SAINTE-MARIE-AUX-CHÊNES N°32;;12.90;18.80;27.50;36.30;8.10
CHÂLONS-EN-CHAMPAGNE / LA VEUVE N°24;SAINTE-MENEHOULD N°26;;2.20;3.90;5.60;7.10;1.40
CHÂLONS-EN-CHAMPAGNE / LA VEUVE N°24;SARRE-UNION N°42;;20.50;31.90;46.60;63.00;12.70
CHÂLONS-EN-CHAMPAGNE / LA VEUVE N°24;SARREGUEMINES N°41;;19.30;29.50;43.20;58.20;12.00
CHÂLONS-EN-CHAMPAGNE / LA VEUVE N°24;SAVERNE N°44;;23.70;36.60;52.70;70.70;14.30
CHÂLONS-EN-CHAMPAGNE / LA VEUVE N°24;SOMMESOUS N°20;;5.60;8.90;14.70;16.80;3.40
CHÂLONS-EN-CHAMPAGNE / LA VEUVE N°24;ST-JEAN-LES-DEUX-JUMEAUX N°18;;11.00;17.00;24.50;33.60;6.80
CHÂLONS-EN-CHAMPAGNE / LA VEUVE N°24;STRASBOURG (péage de Schwindratzheim);;28.10;42.60;62.60;83.40;16.80
CHÂLONS-EN-CHAMPAGNE / LA VEUVE N°24;VALLÉE DE L'AUBE N°21;;8.10;11.80;20.30;24.50;4.70
CHÂLONS-EN-CHAMPAGNE / LA VEUVE N°24;VATRY N°19;;3.20;5.40;9.50;12.20;2.30
CHÂLONS-EN-CHAMPAGNE / LA VEUVE N°24;VOIE SACRÉE N°28;;4.90;7.50;11.30;14.30;2.90
CHARMONT-SOUS-BARBUISE N°22;BOULAY N°36;;14.50;20.80;30.60;43.00;9.00
CHARMONT-SOUS-BARBUISE N°22;CHÂTEAU-THIERRY N°20;;14.20;21.20;33.30;43.70;8.50
CHARMONT-SOUS-BARBUISE N°22;CLERMONT-EN-ARGONNE N°27;;4.00;6.80;10.00;12.50;2.60
CHARMONT-SOUS-BARBUISE N°22;DORMANS N°21;;13.60;19.60;30.80;40.60;7.50
CHARMONT-SOUS-BARBUISE N°22;FAREBERSVILLER N°39;;18.20;28.00;40.70;56.80;11.30
CHARMONT-SOUS-BARBUISE N°22;FRESNES-EN-WOËVRE N°30;;7.70;11.70;16.80;23.30;4.70
CHARMONT-SOUS-BARBUISE N°22;FREYMING-MERLEBACH (A320);;17.80;27.10;39.60;55.40;11.00
CHARMONT-SOUS-BARBUISE N°22;HOCHFELDEN N°45;;26.20;40.20;58.70;80.30;15.40
CHARMONT-SOUS-BARBUISE N°22;JARNY N°31;;9.80;14.60;21.20;26.80;6.10
CHARMONT-SOUS-BARBUISE N°22;MEAUX (A140) / CRECY N°16;;21.80;31.80;49.20;64.30;12.60
CHARMONT-SOUS-BARBUISE N°22;METZ (A31);;13.00;18.80;27.60;38.80;8.10
CHARMONT-SOUS-BARBUISE N°22;MONT-CHOISY N°18;;4.10;6.10;9.40;13.30;2.30
CHARMONT-SOUS-BARBUISE N°22;MONTREUIL-AUX-LIONS N°19;;17.00;24.80;39.00;52.40;9.80
CHARMONT-SOUS-BARBUISE N°22;PARIS / NOISY-LE-GRAND (péage de Coutevroult);;24.20;35.60;55.30;72.00;14.10
CHARMONT-SOUS-BARBUISE N°22;PHALSBOURG N°43;;22.60;34.30;50.60;71.00;13.80
CHARMONT-SOUS-BARBUISE N°22;PUTTELANGE N°40;;18.80;28.60;41.80;58.40;11.70
CHARMONT-SOUS-BARBUISE N°22;REIMS EST (péage de Taissy);;6.70;10.20;17.00;22.00;4.10
CHARMONT-SOUS-BARBUISE N°22;REIMS NORD (péage d'Ormes);;11.70;16.70;27.10;34.50;6.30
CHARMONT-SOUS-BARBUISE N°22;REIMS OUEST (péage de Thillois) N°22;;13.20;18.80;30.20;38.60;7.10
CHARMONT-SOUS-BARBUISE N°22;REIMS SUD N°23;;11.90;17.20;28.50;36.20;6.60
CHARMONT-SOUS-BARBUISE N°22;SAINT-AVOLD N°37;;17.80;27.10;39.60;55.40;11.00
CHARMONT-SOUS-BARBUISE N°22;SAINT-ÉTIENNE-AU-TEMPLE N°25;;0.80;1.00;1.30;1.50;0.50
CHARMONT-SOUS-BARBUISE N°22;SAINT-GIBRIEN N°17;;5.60;8.90;15.30;19.20;3.60
CHARMONT-SOUS-BARBUISE N°22;SAINTE-MARIE-AUX-CHÊNES N°32;;13.00;18.80;27.60;38.80;8.10
CHARMONT-SOUS-BARBUISE N°22;SAINTE-MENEHOULD N°26;;2.50;4.60;6.60;8.40;1.90
CHARMONT-SOUS-BARBUISE N°22;SARRE-UNION N°42;;20.60;31.90;46.70;65.50;12.70
CHARMONT-SOUS-BARBUISE N°22;SARREGUEMINES N°41;;19.40;29.50;43.30;60.70;12.00
CHARMONT-SOUS-BARBUISE N°22;SAVERNE N°44;;23.80;36.60;52.80;73.20;14.30
CHARMONT-SOUS-BARBUISE N°22;SOMMESOUS N°20;;1.20;2.10;3.20;4.20;0.80
CHARMONT-SOUS-BARBUISE N°22;ST-JEAN-LES-DEUX-JUMEAUX N°18;;19.60;28.30;43.80;55.90;11.10
CHARMONT-SOUS-BARBUISE N°22;STRASBOURG (péage de Schwindratzheim);;28.20;42.60;62.70;85.90;16.80
CHARMONT-SOUS-BARBUISE N°22;VATRY N°19;;3.30;5.40;9.30;11.90;2.10
CHARMONT-SOUS-BARBUISE N°22;VOIE SACRÉE N°28;;5.50;8.90;13.40;16.20;3.10
CHÂTEAU-THIERRY N°20;BOULAY N°36;;21.70;32.30;48.50;62.50;13.40
CHÂTEAU-THIERRY N°20;CHÂLONS-EN-CHAMPAGNE / LA VEUVE N°24;;6.20;9.50;13.40;18.70;3.90
CHÂTEAU-THIERRY N°20;CHARMONT-SOUS-BARBUISE N°22;;14.20;21.20;33.30;43.70;8.50
CHÂTEAU-THIERRY N°20;CLERMONT-EN-ARGONNE N°27;;10.30;15.30;23.70;30.70;6.70
CHÂTEAU-THIERRY N°20;FAREBERSVILLER N°39;;25.40;39.50;58.60;76.30;15.70
CHÂTEAU-THIERRY N°20;FRESNES-EN-WOËVRE N°30;;14.60;22.60;32.60;42.60;8.70
CHÂTEAU-THIERRY N°20;FREYMING-MERLEBACH (A320);;25.00;38.60;57.50;74.90;15.40
CHÂTEAU-THIERRY N°20;HOCHFELDEN N°45;;33.40;51.70;76.60;99.80;19.80
CHÂTEAU-THIERRY N°20;JARNY N°31;;16.60;23.90;36.30;45.90;9.70
CHÂTEAU-THIERRY N°20;MEAUX (A140) / CRECY N°16;;4.60;7.00;10.80;14.70;2.90
CHÂTEAU-THIERRY N°20;METZ (A31);;20.20;30.30;45.50;58.30;12.50
CHÂTEAU-THIERRY N°20;MONT-CHOISY N°18;;7.40;10.30;16.60;21.00;4.30
CHÂTEAU-THIERRY N°20;PARIS / NOISY-LE-GRAND (péage de Coutevroult);;7.00;10.80;16.90;22.40;4.40
CHÂTEAU-THIERRY N°20;PHALSBOURG N°43;;29.80;45.80;68.50;90.50;18.20
CHÂTEAU-THIERRY N°20;PUTTELANGE N°40;;26.00;40.10;59.70;77.90;16.10
CHÂTEAU-THIERRY N°20;REIMS EST (péage de Taissy);;4.20;6.10;9.00;12.10;2.60
CHÂTEAU-THIERRY N°20;REIMS NORD (péage d'Ormes);;2.30;3.70;5.40;7.10;1.50
CHÂTEAU-THIERRY N°20;REIMS OUEST (péage de Thillois) N°22;;2.40;3.70;5.40;7.10;1.50
CHÂTEAU-THIERRY N°20;REIMS SUD N°23;;2.50;3.40;5.10;6.90;1.50
CHÂTEAU-THIERRY N°20;SAINT-AVOLD N°37;;25.00;38.60;57.50;74.90;15.40
CHÂTEAU-THIERRY N°20;SAINT-ÉTIENNE-AU-TEMPLE N°25;;6.50;9.90;14.60;19.10;4.10
CHÂTEAU-THIERRY N°20;SAINT-GIBRIEN N°17;;6.40;9.30;15.30;19.50;4.00
CHÂTEAU-THIERRY N°20;SAINTE-MARIE-AUX-CHÊNES N°32;;20.20;30.30;45.50;58.30;12.50
CHÂTEAU-THIERRY N°20;SAINTE-MENEHOULD N°26;;8.80;14.20;20.40;27.70;6.00
CHÂTEAU-THIERRY N°20;SARRE-UNION N°42;;27.80;43.40;64.60;85.00;17.10
CHÂTEAU-THIERRY N°20;SARREGUEMINES N°41;;26.60;41.00;61.20;80.20;16.40
CHÂTEAU-THIERRY N°20;SAVERNE N°44;;31.00;48.10;70.70;92.70;18.70
CHÂTEAU-THIERRY N°20;SOMMESOUS N°20;;8.60;13.40;22.00;27.20;5.40
CHÂTEAU-THIERRY N°20;ST-JEAN-LES-DEUX-JUMEAUX N°18;;2.10;3.30;4.70;6.50;1.00
CHÂTEAU-THIERRY N°20;STRASBOURG (péage de Schwindratzheim);;35.40;54.10;80.60;105.40;21.20
CHÂTEAU-THIERRY N°20;VALLÉE DE L'AUBE N°21;;10.80;16.50;26.30;33.30;6.50
CHÂTEAU-THIERRY N°20;VATRY N°19;;8.00;12.50;20.30;25.60;5.10
CHÂTEAU-THIERRY N°20;VOIE SACRÉE N°28;;12.30;18.70;27.10;35.40;7.60
CLERMONT-EN-ARGONNE N°27;BOULAY N°36;;8.30;11.90;18.60;24.60;5.00
CLERMONT-EN-ARGONNE N°27;CHÂLONS-EN-CHAMPAGNE / LA VEUVE N°24;;3.80;5.60;9.10;11.00;2.40
CLERMONT-EN-ARGONNE N°27;CHARMONT-SOUS-BARBUISE N°22;;4.00;6.80;10.00;12.50;2.60
CLERMONT-EN-ARGONNE N°27;CHÂTEAU-THIERRY N°20;;10.30;15.30;23.70;30.70;6.70
CLERMONT-EN-ARGONNE N°27;DORMANS N°21;;9.70;13.90;21.40;27.70;6.00
CLERMONT-EN-ARGONNE N°27;FAREBERSVILLER N°39;;12.00;19.10;28.70;38.40;7.30
CLERMONT-EN-ARGONNE N°27;FRESNES-EN-WOËVRE N°30;;2.20;2.90;5.40;6.30;1.30
CLERMONT-EN-ARGONNE N°27;FREYMING-MERLEBACH (A320);;11.60;18.20;27.60;37.00;7.00
CLERMONT-EN-ARGONNE N°27;HOCHFELDEN N°45;;20.00;31.30;46.70;61.90;11.40
CLERMONT-EN-ARGONNE N°27;JARNY N°31;;4.00;6.10;9.40;11.00;2.50
CLERMONT-EN-ARGONNE N°27;MEAUX (A140) / CRECY N°16;;18.30;26.80;40.60;53.60;11.80
CLERMONT-EN-ARGONNE N°27;METZ (A31);;6.80;9.90;15.60;20.40;4.10
CLERMONT-EN-ARGONNE N°27;MONT-CHOISY N°18;;7.30;11.20;19.40;24.60;4.50
CLERMONT-EN-ARGONNE N°27;MONTREUIL-AUX-LIONS N°19;;13.10;19.60;30.00;38.80;8.60
CLERMONT-EN-ARGONNE N°27;PARIS / NOISY-LE-GRAND (péage de Coutevroult);;20.70;30.60;46.70;61.30;13.30
CLERMONT-EN-ARGONNE N°27;PHALSBOURG N°43;;16.40;25.40;38.60;52.60;9.80
CLERMONT-EN-ARGONNE N°27;PUTTELANGE N°40;;12.60;19.70;29.80;40.00;7.70
CLERMONT-EN-ARGONNE N°27;REIMS EST (péage de Taissy);;6.00;9.10;14.60;17.70;3.70
CLERMONT-EN-ARGONNE N°27;REIMS NORD (péage d'Ormes);;7.50;11.00;16.80;21.50;4.70
CLERMONT-EN-ARGONNE N°27;REIMS OUEST (péage de Thillois) N°22;;9.10;13.40;20.20;26.00;5.40
CLERMONT-EN-ARGONNE N°27;REIMS SUD N°23;;8.00;11.70;17.70;22.50;4.70
CLERMONT-EN-ARGONNE N°27;SAINT-AVOLD N°37;;11.60;18.20;27.60;37.00;7.00
CLERMONT-EN-ARGONNE N°27;SAINT-ÉTIENNE-AU-TEMPLE N°25;;1.20;2.00;3.00;4.30;0.70
CLERMONT-EN-ARGONNE N°27;SAINT-GIBRIEN N°17;;6.40;9.60;16.10;20.80;4.00
CLERMONT-EN-ARGONNE N°27;SAINTE-MARIE-AUX-CHÊNES N°32;;6.80;9.90;15.60;20.40;4.10
CLERMONT-EN-ARGONNE N°27;SARRE-UNION N°42;;14.40;23.00;34.70;47.10;8.70
CLERMONT-EN-ARGONNE N°27;SARREGUEMINES N°41;;13.20;20.60;31.30;42.30;8.00
CLERMONT-EN-ARGONNE N°27;SAVERNE N°44;;17.60;27.70;40.80;54.80;10.30
CLERMONT-EN-ARGONNE N°27;SOMMESOUS N°20;;9.50;14.40;24.30;30.70;6.30
CLERMONT-EN-ARGONNE N°27;ST-JEAN-LES-DEUX-JUMEAUX N°18;;15.20;22.90;33.10;44.80;9.30
CLERMONT-EN-ARGONNE N°27;STRASBOURG (péage de Schwindratzheim);;22.00;33.70;50.70;67.50;12.80
CLERMONT-EN-ARGONNE N°27;VALLÉE DE L'AUBE N°21;;11.40;18.50;28.90;37.30;7.20
CLERMONT-EN-ARGONNE N°27;VATRY N°19;;8.30;12.30;20.00;25.60;4.80
COMPIÈGNE OUEST N°10;AIRE-SUR-LA-LYS N°4;;15.50;22.50;32.60;44.50;9.00
COMPIÈGNE OUEST N°10;ALBERT N°13.1;;6.60;9.90;15.50;22.60;4.10
COMPIÈGNE OUEST N°10;AMIENS EST (péage de Jules Verne);;14.40;22.00;33.50;47.40;8.50
COMPIÈGNE OUEST N°10;ARRAS EST (A1) N°15;;12.40;17.40;25.50;36.70;6.80
COMPIÈGNE OUEST N°10;ARRAS NORD (A26) N°7;;10.60;15.80;24.50;31.50;5.80
COMPIÈGNE OUEST N°10;ATHIES N°54;;4.30;6.10;10.10;12.40;2.50
COMPIÈGNE OUEST N°10;BAPAUME N°14;;9.10;12.90;20.40;27.50;5.30
COMPIÈGNE OUEST N°10;BÉTHUNE N°6;;12.80;19.20;26.90;38.90;7.60
COMPIÈGNE OUEST N°10;CALAIS (péage de Setques);;18.50;29.40;42.40;56.00;11.20
COMPIÈGNE OUEST N°10;CAMBRAI N°14;;10.50;15.00;23.10;31.00;5.50
COMPIÈGNE OUEST N°10;GARE TGV N°53;;5.70;9.00;14.70;18.20;3.80
COMPIÈGNE OUEST N°10;GUIGNICOURT N°14;;9.50;13.90;23.80;30.90;5.90
COMPIÈGNE OUEST N°10;HORDAIN (péage d'Hordain);;5.00;7.30;11.40;15.80;3.10
COMPIÈGNE OUEST N°10;LA FÈRE N°12;;7.50;11.40;16.30;24.10;4.30
COMPIÈGNE OUEST N°10;LAON N°13;;8.60;12.20;19.20;26.00;5.10
COMPIÈGNE OUEST N°10;LIÉVIN N°6.2;;10.80;16.80;25.70;33.10;6.30
COMPIÈGNE OUEST N°10;LILLE / DOURGES (péage de Fresnes);;8.50;12.30;20.70;25.30;4.90
COMPIÈGNE OUEST N°10;LILLERS N°5;;14.30;21.70;31.80;41.70;8.50
COMPIÈGNE OUEST N°10;MARQUION N°8;;9.40;13.40;20.50;27.50;5.40
COMPIÈGNE OUEST N°10;MASNIÈRES N°9;;8.40;12.90;18.20;27.80;5.00
COMPIÈGNE OUEST N°10;NŒUX-LES-MINES N°6.1;;11.10;18.50;26.20;34.50;6.90
COMPIÈGNE OUEST N°10;PARIS / ROISSY (péage de Chamant);;6.20;9.30;14.00;19.20;3.80
COMPIÈGNE OUEST N°10;PÉRONNE / VALLEE DE LA SOMME N°13;;5.30;7.80;12.70;16.80;3.10
COMPIÈGNE OUEST N°10;PONT-SAINTE-MAXENCE N°9;;1.70;2.40;4.10;5.50;0.90
COMPIÈGNE OUEST N°10;REIMS (péage de Courcy);;12.10;18.50;27.10;36.00;7.40
COMPIÈGNE OUEST N°10;RESSONS N°11;;2.90;4.60;7.10;10.00;1.70
COMPIÈGNE OUEST N°10;ROYE N°12;;4.60;7.10;10.70;14.90;2.60
COMPIÈGNE OUEST N°10;SAINT-QUENTIN NORD N°10;;8.40;11.20;17.50;24.10;5.10
COMPIÈGNE OUEST N°10;SAINT-QUENTIN SUD N°11;;8.00;11.50;16.20;23.00;4.50
COMPIÈGNE OUEST N°10;SENLIS N°8;;3.10;4.70;7.40;10.30;1.80
COMPIÈGNE OUEST N°10;VILLERS-BRETONNEUX N°52;;7.90;12.20;17.70;24.50;4.30
DORMANS N°21;BOULAY N°36;;21.10;30.60;46.20;59.30;12.80
DORMANS N°21;CHÂLONS-EN-CHAMPAGNE / LA VEUVE N°24;;4.80;7.20;10.60;15.20;2.90
DORMANS N°21;CHARMONT-SOUS-BARBUISE N°22;;13.60;19.60;30.80;40.60;7.50
DORMANS N°21;CLERMONT-EN-ARGONNE N°27;;9.70;13.90;21.40;27.70;6.00
DORMANS N°21;FAREBERSVILLER N°39;;24.80;37.80;56.30;73.10;15.10
DORMANS N°21;FRESNES-EN-WOËVRE N°30;;13.80;21.00;30.00;40.40;7.80
DORMANS N°21;FREYMING-MERLEBACH (A320);;24.40;36.90;55.20;71.70;14.80
DORMANS N°21;HOCHFELDEN N°45;;32.80;50.00;74.30;96.60;19.20
DORMANS N°21;JARNY N°31;;15.20;22.40;34.80;41.90;9.40
DORMANS N°21;MEAUX (A140) / CRECY N°16;;7.20;11.10;16.30;22.10;4.80
DORMANS N°21;METZ (A31);;19.60;28.60;43.20;55.10;11.90
DORMANS N°21;MONT-CHOISY N°18;;6.20;8.80;14.50;18.20;3.60
DORMANS N°21;MONTREUIL-AUX-LIONS N°19;;2.30;3.70;5.40;7.10;1.60
DORMANS N°21;PARIS / NOISY-LE-GRAND (péage de Coutevroult);;9.60;14.90;22.40;29.80;6.30
DORMANS N°21;PHALSBOURG N°43;;29.20;44.10;66.20;87.30;17.60
DORMANS N°21;PUTTELANGE N°40;;25.40;38.40;57.40;74.70;15.50
DORMANS N°21;REIMS EST (péage de Taissy);;2.80;4.00;6.10;8.10;1.50
DORMANS N°21;REIMS SUD N°23;;1.00;1.60;2.30;3.10;0.60
DORMANS N°21;SAINT-AVOLD N°37;;24.40;36.90;55.20;71.70;14.80
DORMANS N°21;SAINT-ÉTIENNE-AU-TEMPLE N°25;;5.50;7.60;11.90;15.30;3.10
DORMANS N°21;SAINT-GIBRIEN N°17;;5.50;7.80;12.30;16.50;3.10
DORMANS N°21;SAINTE-MARIE-AUX-CHÊNES N°32;;19.60;28.60;43.20;55.10;11.90
DORMANS N°21;SAINTE-MENEHOULD N°26;;7.90;12.20;17.90;24.60;5.00
DORMANS N°21;SARRE-UNION N°42;;27.20;41.70;62.30;81.80;16.50
DORMANS N°21;SARREGUEMINES N°41;;26.00;39.30;58.90;77.00;15.80
DORMANS N°21;SAVERNE N°44;;30.40;46.40;68.40;89.50;18.10
DORMANS N°21;SOMMESOUS N°20;;8.00;11.90;19.80;24.50;4.50
DORMANS N°21;ST-JEAN-LES-DEUX-JUMEAUX N°18;;4.60;7.20;10.50;13.80;2.90
DORMANS N°21;STRASBOURG (péage de Schwindratzheim);;34.80;52.40;78.30;102.20;20.60
DORMANS N°21;VALLÉE DE L'AUBE N°21;;10.20;14.80;23.50;30.50;5.80
DORMANS N°21;VATRY N°19;;7.10;10.60;17.70;22.80;4.30
DORMANS N°21;VOIE SACRÉE N°28;;11.10;16.90;24.40;31.90;6.70
ESSERTAUX N°17;ABBEVILLE EST N°22;;6.40;9.90;14.20;19.10;3.90
ESSERTAUX N°17;ABBEVILLE NORD N°23;;8.30;11.70;17.00;24.00;5.00
ESSERTAUX N°17;AMIENS NORD N°20;;4.00;6.10;8.20;11.70;2.30
ESSERTAUX N°17;AMIENS OUEST N°19;;2.20;3.10;5.60;6.50;1.00
ESSERTAUX N°17;AMIENS SUD (péage de Dury);;1.20;1.70;2.90;4.00;0.60
ESSERTAUX N°17;AUMALE N°12;;4.80;7.50;11.50;15.30;2.90
ESSERTAUX N°17;BEAUVAIS CENTRE N°14;;6.10;7.80;13.80;18.40;3.70
ESSERTAUX N°17;BEAUVAIS NORD N°15;;4.90;6.80;13.00;16.80;3.00
ESSERTAUX N°17;BERCK N°25;;11.30;17.20;22.80;33.10;6.80
ESSERTAUX N°17;BOULOGNE EST (péage d'Herquelingue);;15.20;23.10;31.20;48.10;9.40
ESSERTAUX N°17;ETAPLES / LE TOUQUET N°26;;11.80;17.60;25.90;37.10;7.00
ESSERTAUX N°17;HARDIVILLERS N°16;;3.10;4.40;7.50;9.70;1.80
ESSERTAUX N°17;L'ISLE-ADAM (péage d'Amblainville);;10.20;13.70;25.60;33.30;6.10
ESSERTAUX N°17;LA CÔTE PICARDE N°24;;10.30;15.10;21.40;29.80;6.30
ESSERTAUX N°17;MÉRU N°13;;7.20;9.70;18.00;22.40;4.40
ESSERTAUX N°17;NEUFCHÂTEL-EN-BRAY (A28) (péage d'Haudricourt);;6.80;10.30;15.90;21.70;4.60
ESSERTAUX N°17;NEUFCHÂTEL-HARDELOT N°27;;12.90;19.70;27.70;39.10;7.80
ESSERTAUX N°17;POIX-DE-PICARDIE N°13;;2.80;4.60;7.10;9.30;1.70
ESSERTAUX N°17;SALOUËL N°18;;1.70;2.30;4.00;5.10;0.80
ESSERTAUX N°17;VALLÉE DE LA NIÈVRE N°21;;5.30;8.30;12.10;16.60;3.10
ETAPLES / LE TOUQUET N°26;ABBEVILLE EST N°22;;7.20;11.20;15.00;22.20;4.20
ETAPLES / LE TOUQUET N°26;ABBEVILLE NORD N°23;;6.50;9.90;13.40;20.30;3.90
ETAPLES / LE TOUQUET N°26;AMIENS NORD N°20;;10.90;15.50;21.80;32.40;6.40
ETAPLES / LE TOUQUET N°26;AMIENS OUEST N°19;;10.90;15.50;22.00;32.40;6.60
ETAPLES / LE TOUQUET N°26;AMIENS SUD (péage de Dury);;12.40;17.40;24.70;34.70;7.20
ETAPLES / LE TOUQUET N°26;AUMALE N°12;;11.80;18.70;29.00;38.00;8.00
ETAPLES / LE TOUQUET N°26;BEAUVAIS CENTRE N°14;;16.10;24.10;34.20;47.90;9.90
ETAPLES / LE TOUQUET N°26;BEAUVAIS NORD N°15;;15.90;23.70;32.90;45.80;9.60
ETAPLES / LE TOUQUET N°26;BERCK N°25;;2.20;3.40;5.20;6.90;1.50
ETAPLES / LE TOUQUET N°26;BOULOGNE EST (péage d'Herquelingue);;3.50;5.10;7.60;10.50;2.00
ETAPLES / LE TOUQUET N°26;ESSERTAUX N°17;;11.80;17.60;25.90;37.10;7.00
ETAPLES / LE TOUQUET N°26;HARDIVILLERS N°16;;13.90;19.20;29.00;39.40;8.40
ETAPLES / LE TOUQUET N°26;L'ISLE-ADAM (péage d'Amblainville);;21.80;31.80;44.70;65.20;13.20
ETAPLES / LE TOUQUET N°26;LA CÔTE PICARDE N°24;;4.30;7.00;9.60;12.90;2.60
ETAPLES / LE TOUQUET N°26;MÉRU N°13;;18.20;25.40;36.50;53.60;10.40
ETAPLES / LE TOUQUET N°26;NEUFCHÂTEL-EN-BRAY (A28) (péage d'Haudricourt);;13.30;21.90;32.80;45.00;8.90
ETAPLES / LE TOUQUET N°26;NEUFCHÂTEL-HARDELOT N°27;;1.70;2.70;4.60;6.20;1.10
ETAPLES / LE TOUQUET N°26;POIX-DE-PICARDIE N°13;;11.40;16.40;26.30;34.00;6.80
ETAPLES / LE TOUQUET N°26;SALOUËL N°18;;11.10;16.50;22.30;33.00;6.60
ETAPLES / LE TOUQUET N°26;VALLÉE DE LA NIÈVRE N°21;;8.70;12.40;17.70;25.50;4.70
FAREBERSVILLER N°39;BOULAY N°36;;1.10;1.80;2.60;3.20;0.80
FAREBERSVILLER N°39;CHÂLONS-EN-CHAMPAGNE / LA VEUVE N°24;;18.10;28.00;40.60;54.30;11.30
FAREBERSVILLER N°39;CHARMONT-SOUS-BARBUISE N°22;;18.20;28.00;40.70;56.80;11.30
FAREBERSVILLER N°39;CHÂTEAU-THIERRY N°20;;25.40;39.50;58.60;76.30;15.70
FAREBERSVILLER N°39;CLERMONT-EN-ARGONNE N°27;;12.00;19.10;28.70;38.40;7.30
FAREBERSVILLER N°39;DORMANS N°21;;24.80;37.80;56.30;73.10;15.10
FAREBERSVILLER N°39;FRESNES-EN-WOËVRE N°30;;7.20;12.10;17.70;24.70;4.40
FAREBERSVILLER N°39;HOCHFELDEN N°45;;6.60;9.40;13.80;18.50;3.50
FAREBERSVILLER N°39;JARNY N°31;;6.80;11.40;16.40;22.70;4.10
FAREBERSVILLER N°39;MEAUX (A140) / CRECY N°16;;32.30;50.40;75.70;101.60;20.70
FAREBERSVILLER N°39;METZ (A31);;5.20;9.20;13.10;18.00;3.20
FAREBERSVILLER N°39;MONT-CHOISY N°18;;20.30;32.70;51.60;68.90;12.80
FAREBERSVILLER N°39;MONTREUIL-AUX-LIONS N°19;;28.00;43.30;64.70;82.30;17.20
FAREBERSVILLER N°39;PARIS / NOISY-LE-GRAND (péage de Coutevroult);;34.70;54.20;81.80;109.30;22.20
FAREBERSVILLER N°39;PHALSBOURG N°43;;2.80;4.40;7.10;9.40;1.50
FAREBERSVILLER N°39;REIMS EST (péage de Taissy);;19.40;31.10;49.30;62.30;11.60
FAREBERSVILLER N°39;REIMS NORD (péage d'Ormes);;22.20;34.50;51.70;67.50;13.70
FAREBERSVILLER N°39;REIMS OUEST (péage de Thillois) N°22;;23.70;36.80;55.20;72.00;14.90
FAREBERSVILLER N°39;REIMS SUD N°23;;22.20;34.00;51.50;68.70;13.90
FAREBERSVILLER N°39;SAINT-AVOLD N°37;;0.40;0.90;1.10;1.40;0.30
FAREBERSVILLER N°39;SAINT-ÉTIENNE-AU-TEMPLE N°25;;15.50;23.70;36.70;49.60;9.10
FAREBERSVILLER N°39;SAINT-GIBRIEN N°17;;20.10;32.70;50.20;62.00;12.00
FAREBERSVILLER N°39;SAINTE-MARIE-AUX-CHÊNES N°32;;5.20;9.20;13.10;18.00;3.20
FAREBERSVILLER N°39;SAINTE-MENEHOULD N°26;;13.50;20.90;31.70;42.20;7.90
FAREBERSVILLER N°39;SARRE-UNION N°42;;1.20;1.70;3.00;4.20;0.80
FAREBERSVILLER N°39;SAVERNE N°44;;4.00;5.80;9.00;11.90;2.50
FAREBERSVILLER N°39;SOMMESOUS N°20;;23.30;37.30;57.60;74.10;13.80
FAREBERSVILLER N°39;ST-JEAN-LES-DEUX-JUMEAUX N°18;;30.40;47.00;69.40;89.60;18.60
FAREBERSVILLER N°39;STRASBOURG (péage de Schwindratzheim);;8.00;11.60;17.00;23.30;4.80
FAREBERSVILLER N°39;VALLÉE DE L'AUBE N°21;;27.30;42.40;65.10;85.60;15.50
FAREBERSVILLER N°39;VATRY N°19;;21.90;35.10;55.00;70.50;13.30
FAREBERSVILLER N°39;VERDUN N°29;;9.30;15.60;22.90;30.70;5.70
FAREBERSVILLER N°39;VOIE SACRÉE N°28;;10.80;18.60;26.80;36.40;6.40
FRESNES-EN-WOËVRE N°30;BOULAY N°36;;3.50;4.90;7.60;10.90;2.10
FRESNES-EN-WOËVRE N°30;CHÂLONS-EN-CHAMPAGNE / LA VEUVE N°24;;7.00;11.20;15.80;20.30;4.60
FRESNES-EN-WOËVRE N°30;CHARMONT-SOUS-BARBUISE N°22;;7.70;11.70;16.80;23.30;4.70
FRESNES-EN-WOËVRE N°30;CHÂTEAU-THIERRY N°20;;14.60;22.60;32.60;42.60;8.70
FRESNES-EN-WOËVRE N°30;CLERMONT-EN-ARGONNE N°27;;2.20;2.90;5.40;6.30;1.30
FRESNES-EN-WOËVRE N°30;DORMANS N°21;;13.80;21.00;30.00;40.40;7.80
FRESNES-EN-WOËVRE N°30;FAREBERSVILLER N°39;;7.20;12.10;17.70;24.70;4.40
FRESNES-EN-WOËVRE N°30;FREYMING-MERLEBACH (A320);;6.80;11.20;16.60;23.30;4.10
FRESNES-EN-WOËVRE N°30;HOCHFELDEN N°45;;15.20;24.30;35.70;48.20;8.50
FRESNES-EN-WOËVRE N°30;MEAUX (A140) / CRECY N°16;;22.40;33.60;49.70;67.80;13.50
FRESNES-EN-WOËVRE N°30;METZ (A31);;2.00;2.90;4.60;6.70;1.20
FRESNES-EN-WOËVRE N°30;MONT-CHOISY N°18;;10.50;15.70;27.40;35.50;6.70
FRESNES-EN-WOËVRE N°30;MONTREUIL-AUX-LIONS N°19;;17.70;26.30;38.30;51.00;10.40
FRESNES-EN-WOËVRE N°30;PARIS / NOISY-LE-GRAND (péage de Coutevroult);;24.80;37.40;55.80;75.50;15.00
FRESNES-EN-WOËVRE N°30;PHALSBOURG N°43;;11.60;18.40;27.60;38.90;6.90
FRESNES-EN-WOËVRE N°30;PUTTELANGE N°40;;7.80;12.70;18.80;26.30;4.80
FRESNES-EN-WOËVRE N°30;REIMS EST (péage de Taissy);;9.30;13.60;22.50;29.00;5.40
FRESNES-EN-WOËVRE N°30;REIMS NORD (péage d'Ormes);;11.60;17.70;25.50;34.10;6.80
FRESNES-EN-WOËVRE N°30;REIMS OUEST (péage de Thillois) N°22;;13.10;20.30;28.70;38.50;7.40
FRESNES-EN-WOËVRE N°30;REIMS SUD N°23;;11.70;18.40;26.90;35.70;6.80
FRESNES-EN-WOËVRE N°30;SAINT-AVOLD N°37;;6.80;11.20;16.60;23.30;4.10
FRESNES-EN-WOËVRE N°30;SAINT-ÉTIENNE-AU-TEMPLE N°25;;4.60;7.30;12.00;16.50;2.80
FRESNES-EN-WOËVRE N°30;SAINT-GIBRIEN N°17;;10.40;14.70;22.90;32.80;5.70
FRESNES-EN-WOËVRE N°30;SAINTE-MARIE-AUX-CHÊNES N°32;;2.00;2.90;4.60;6.70;1.20
FRESNES-EN-WOËVRE N°30;SAINTE-MENEHOULD N°26;;3.20;4.60;7.80;10.10;1.90
FRESNES-EN-WOËVRE N°30;SARRE-UNION N°42;;9.60;16.00;23.70;33.40;5.80
FRESNES-EN-WOËVRE N°30;SARREGUEMINES N°41;;8.40;13.60;20.30;28.60;5.10
FRESNES-EN-WOËVRE N°30;SAVERNE N°44;;12.80;20.70;29.80;41.10;7.40
FRESNES-EN-WOËVRE N°30;SOMMESOUS N°20;;13.80;19.70;33.00;42.00;8.20
FRESNES-EN-WOËVRE N°30;ST-JEAN-LES-DEUX-JUMEAUX N°18;;20.40;30.00;43.80;58.00;11.90
FRESNES-EN-WOËVRE N°30;STRASBOURG (péage de Schwindratzheim);;17.20;26.70;39.70;53.80;9.90
FRESNES-EN-WOËVRE N°30;VALLÉE DE L'AUBE N°21;;16.70;26.00;40.80;52.50;9.70
FRESNES-EN-WOËVRE N°30;VATRY N°19;;11.80;18.00;27.80;39.20;7.40
FRESNES-EN-WOËVRE N°30;VOIE SACRÉE N°28;;1.30;2.10;3.10;3.90;0.70
FREYMING-MERLEBACH (A320);BOULAY N°36;;0.70;0.90;1.50;1.80;0.50
FREYMING-MERLEBACH (A320);CHÂLONS-EN-CHAMPAGNE / LA VEUVE N°24;;17.70;27.10;39.50;52.90;11.00
FREYMING-MERLEBACH (A320);CHARMONT-SOUS-BARBUISE N°22;;17.80;27.10;39.60;55.40;11.00
FREYMING-MERLEBACH (A320);CHÂTEAU-THIERRY N°20;;25.00;38.60;57.50;74.90;15.40
FREYMING-MERLEBACH (A320);CLERMONT-EN-ARGONNE N°27;;11.60;18.20;27.60;37.00;7.00
FREYMING-MERLEBACH (A320);DORMANS N°21;;24.40;36.90;55.20;71.70;14.80
FREYMING-MERLEBACH (A320);FRESNES-EN-WOËVRE N°30;;6.80;11.20;16.60;23.30;4.10
FREYMING-MERLEBACH (A320);HOCHFELDEN N°45;;8.40;13.10;19.10;24.90;4.40
FREYMING-MERLEBACH (A320);JARNY N°31;;6.40;10.50;15.30;21.30;3.80
FREYMING-MERLEBACH (A320);MEAUX (A140) / CRECY N°16;;31.90;49.50;74.60;100.20;20.40
FREYMING-MERLEBACH (A320);METZ (A31);;4.80;8.30;12.00;16.60;2.90
FREYMING-MERLEBACH (A320);MONT-CHOISY N°18;;19.90;31.80;50.50;67.50;12.50
FREYMING-MERLEBACH (A320);MONTREUIL-AUX-LIONS N°19;;27.60;42.40;63.60;80.90;16.90
FREYMING-MERLEBACH (A320);PARIS / NOISY-LE-GRAND (péage de Coutevroult);;34.30;53.30;80.70;107.90;21.90
FREYMING-MERLEBACH (A320);PHALSBOURG N°43;;4.80;7.20;11.00;15.60;2.80
FREYMING-MERLEBACH (A320);PUTTELANGE N°40;;1.00;1.50;2.20;3.00;0.70
FREYMING-MERLEBACH (A320);REIMS EST (péage de Taissy);;19.00;30.20;48.20;60.90;11.30
FREYMING-MERLEBACH (A320);REIMS NORD (péage d'Ormes);;21.80;33.60;50.60;66.10;13.40
FREYMING-MERLEBACH (A320);REIMS OUEST (péage de Thillois) N°22;;23.30;35.90;54.10;70.60;14.60
FREYMING-MERLEBACH (A320);REIMS SUD N°23;;21.80;33.10;50.40;67.30;13.60
FREYMING-MERLEBACH (A320);SAINT-ÉTIENNE-AU-TEMPLE N°25;;15.10;22.80;35.60;48.20;8.80
FREYMING-MERLEBACH (A320);SAINT-GIBRIEN N°17;;19.70;31.80;49.10;60.60;11.70
FREYMING-MERLEBACH (A320);SAINTE-MARIE-AUX-CHÊNES N°32;;4.80;8.30;12.00;16.60;2.90
FREYMING-MERLEBACH (A320);SAINTE-MENEHOULD N°26;;13.10;20.00;30.60;40.80;7.60
FREYMING-MERLEBACH (A320);SARRE-UNION N°42;;2.80;4.80;7.10;10.10;1.70
FREYMING-MERLEBACH (A320);SARREGUEMINES N°41;;1.60;2.40;3.70;5.30;1.00
FREYMING-MERLEBACH (A320);SAVERNE N°44;;6.00;9.50;13.20;17.80;3.30
FREYMING-MERLEBACH (A320);SOMMESOUS N°20;;22.90;36.40;56.50;72.70;13.50
FREYMING-MERLEBACH (A320);ST-JEAN-LES-DEUX-JUMEAUX N°18;;30.00;46.10;68.30;88.20;18.30
FREYMING-MERLEBACH (A320);STRASBOURG (péage de Schwindratzheim);;10.40;15.50;23.10;30.50;5.80
FREYMING-MERLEBACH (A320);VALLÉE DE L'AUBE N°21;;26.90;41.50;64.00;84.20;15.20
FREYMING-MERLEBACH (A320);VATRY N°19;;21.50;34.20;53.90;69.10;13.00
FREYMING-MERLEBACH (A320);VERDUN N°29;;8.90;14.70;21.80;29.30;5.40
FREYMING-MERLEBACH (A320);VOIE SACRÉE N°28;;10.40;17.70;25.70;35.00;6.10
GARE TGV N°53;AIRE-SUR-LA-LYS N°4;;10.10;14.90;21.50;31.20;6.00
GARE TGV N°53;ALBERT N°13.1;;2.80;4.10;6.40;9.30;1.50
GARE TGV N°53;AMIENS EST (péage de Jules Verne);;10.70;17.10;24.00;33.80;5.90
GARE TGV N°53;ARRAS EST (A1) N°15;;5.50;8.80;13.20;18.50;3.60
GARE TGV N°53;ARRAS NORD (A26) N°7;;5.80;9.00;12.90;18.10;3.80
GARE TGV N°53;ATHIES N°54;;2.80;4.30;6.00;8.70;1.50
GARE TGV N°53;BAPAUME N°14;;4.10;6.30;9.90;12.40;2.50
GARE TGV N°53;BÉTHUNE N°6;;7.70;11.00;17.10;23.00;4.60
GARE TGV N°53;CALAIS (péage de Setques);;12.60;19.70;27.90;38.80;8.40
GARE TGV N°53;CAMBRAI N°14;;5.20;8.20;12.00;17.00;3.20
GARE TGV N°53;COMPIÈGNE OUEST N°10;;5.70;9.00;14.70;18.20;3.80
GARE TGV N°53;GUIGNICOURT N°14;;5.60;9.30;13.20;17.20;3.60
GARE TGV N°53;HORDAIN (péage d'Hordain);;7.20;11.30;16.20;22.10;4.10
GARE TGV N°53;LA FÈRE N°12;;3.00;4.60;7.40;9.60;1.90
GARE TGV N°53;LAON N°13;;4.50;6.60;10.10;12.40;2.50
GARE TGV N°53;LIÉVIN N°6.2;;6.50;9.80;13.60;18.70;3.90
GARE TGV N°53;LILLE / DOURGES (péage de Fresnes);;8.30;12.90;18.20;24.00;4.40
GARE TGV N°53;LILLERS N°5;;9.10;13.90;20.90;28.00;5.80
GARE TGV N°53;MARQUION N°8;;4.70;7.20;11.10;14.70;2.90
GARE TGV N°53;MASNIÈRES N°9;;5.00;7.90;11.40;14.50;3.60
GARE TGV N°53;NŒUX-LES-MINES N°6.1;;7.10;10.40;14.40;19.50;4.20
GARE TGV N°53;PARIS / ROISSY (péage de Chamant);;10.30;15.20;23.90;33.50;5.90
GARE TGV N°53;PÉRONNE / VALLEE DE LA SOMME N°13;;2.00;2.80;4.80;6.40;1.10
GARE TGV N°53;PONT-SAINTE-MAXENCE N°9;;6.30;10.00;15.40;21.10;4.00
GARE TGV N°53;REIMS (péage de Courcy);;7.40;12.00;16.70;23.50;4.50
GARE TGV N°53;RESSONS N°11;;4.70;6.90;11.50;15.70;2.90
GARE TGV N°53;ROYE N°12;;3.00;4.30;7.50;9.60;1.70
GARE TGV N°53;SAINT-QUENTIN NORD N°10;;4.10;5.60;8.80;11.70;2.50
GARE TGV N°53;SAINT-QUENTIN SUD N°11;;3.10;4.80;6.90;10.10;2.00
GARE TGV N°53;SENLIS N°8;;8.20;12.00;19.10;25.60;4.90
GARE TGV N°53;VILLERS-BRETONNEUX N°52;;3.20;4.80;7.20;10.30;2.00
GUIGNICOURT N°14;AIRE-SUR-LA-LYS N°4;;18.40;27.10;37.10;53.20;10.70
GUIGNICOURT N°14;ALBERT N°13.1;;6.80;10.70;16.90;21.60;4.30
GUIGNICOURT N°14;AMIENS EST (péage de Jules Verne);;9.50;14.70;21.40;28.70;5.20
GUIGNICOURT N°14;ARRAS EST (A1) N°15;;8.80;12.70;20.20;27.60;5.10
GUIGNICOURT N°14;ARRAS NORD (A26) N°7;;13.30;19.80;27.40;35.50;8.40
GUIGNICOURT N°14;ATHIES N°54;;4.60;7.10;10.60;13.50;2.70
GUIGNICOURT N°14;BAPAUME N°14;;10.00;14.00;21.60;28.00;5.60
GUIGNICOURT N°14;BÉTHUNE N°6;;14.60;22.30;31.20;42.40;9.20
GUIGNICOURT N°14;CALAIS (péage de Setques);;21.10;32.90;44.60;60.30;13.20
GUIGNICOURT N°14;CAMBRAI N°14;;7.10;10.60;16.70;22.00;4.10
GUIGNICOURT N°14;COMPIÈGNE OUEST N°10;;9.50;13.90;23.80;30.90;5.90
GUIGNICOURT N°14;GARE TGV N°53;;5.60;9.30;13.20;17.20;3.60
GUIGNICOURT N°14;HORDAIN (péage d'Hordain);;8.60;13.40;18.30;26.70;4.90
GUIGNICOURT N°14;LA FÈRE N°12;;6.00;9.20;12.70;16.50;3.20
GUIGNICOURT N°14;LAON N°13;;3.80;5.60;7.90;10.70;2.10
GUIGNICOURT N°14;LIÉVIN N°6.2;;13.60;21.00;28.30;37.50;8.60
GUIGNICOURT N°14;LILLE / DOURGES (péage de Fresnes);;11.10;16.00;24.60;32.30;6.00
GUIGNICOURT N°14;LILLERS N°5;;16.00;24.70;33.60;48.50;9.90
GUIGNICOURT N°14;MARQUION N°8;;12.40;19.00;26.40;34.60;7.80
GUIGNICOURT N°14;MASNIÈRES N°9;;9.40;14.40;19.90;27.20;5.70
GUIGNICOURT N°14;NŒUX-LES-MINES N°6.1;;14.50;21.70;29.40;39.30;8.70
GUIGNICOURT N°14;PARIS / ROISSY (péage de Chamant);;14.30;22.50;33.90;43.00;8.80
GUIGNICOURT N°14;PÉRONNE / VALLEE DE LA SOMME N°13;;5.80;9.10;14.70;19.00;3.70
GUIGNICOURT N°14;PONT-SAINTE-MAXENCE N°9;;9.90;15.60;26.10;34.50;6.30
GUIGNICOURT N°14;REIMS (péage de Courcy);;4.80;7.70;10.90;15.30;2.90
GUIGNICOURT N°14;RESSONS N°11;;8.60;12.80;21.40;27.80;5.10
GUIGNICOURT N°14;ROYE N°12;;7.20;10.80;18.00;23.50;4.30
GUIGNICOURT N°14;SAINT-QUENTIN NORD N°10;;8.30;11.80;17.20;24.00;4.60
GUIGNICOURT N°14;SAINT-QUENTIN SUD N°11;;6.20;10.10;13.30;18.50;3.80
GUIGNICOURT N°14;SENLIS N°8;;11.70;15.70;27.40;36.00;6.80
GUIGNICOURT N°14;VILLERS-BRETONNEUX N°52;;7.50;10.80;16.80;23.00;4.30
HARDIVILLERS N°16;ABBEVILLE EST N°22;;7.90;11.60;16.90;22.40;4.70
HARDIVILLERS N°16;ABBEVILLE NORD N°23;;9.40;13.90;19.90;27.20;5.70
HARDIVILLERS N°16;AMIENS NORD N°20;;4.80;7.50;10.90;15.40;2.90
HARDIVILLERS N°16;AMIENS OUEST N°19;;3.50;5.00;8.80;11.00;1.90
HARDIVILLERS N°16;AMIENS SUD (péage de Dury);;2.70;3.90;6.40;8.10;1.50
HARDIVILLERS N°16;AUMALE N°12;;4.70;6.60;11.10;13.40;2.80
HARDIVILLERS N°16;BEAUVAIS CENTRE N°14;;3.90;5.10;9.00;11.00;2.40
HARDIVILLERS N°16;BEAUVAIS NORD N°15;;3.10;4.20;7.40;9.60;1.80
HARDIVILLERS N°16;BERCK N°25;;12.40;18.70;27.10;36.90;8.10
HARDIVILLERS N°16;BOULOGNE EST (péage d'Herquelingue);;16.30;25.30;36.40;52.50;9.80
HARDIVILLERS N°16;ESSERTAUX N°17;;3.10;4.40;7.50;9.70;1.80
HARDIVILLERS N°16;ETAPLES / LE TOUQUET N°26;;13.90;19.20;29.00;39.40;8.40
HARDIVILLERS N°16;L'ISLE-ADAM (péage d'Amblainville);;8.10;10.90;19.10;24.70;5.10
HARDIVILLERS N°16;LA CÔTE PICARDE N°24;;11.70;17.50;24.20;33.20;7.20
HARDIVILLERS N°16;MÉRU N°13;;5.10;7.10;13.30;16.00;3.20
HARDIVILLERS N°16;NEUFCHÂTEL-EN-BRAY (A28) (péage d'Haudricourt);;6.20;9.70;14.90;20.00;4.00
HARDIVILLERS N°16;NEUFCHÂTEL-HARDELOT N°27;;14.80;21.60;30.20;42.60;8.70
HARDIVILLERS N°16;POIX-DE-PICARDIE N°13;;3.00;4.10;7.30;8.90;1.50
HARDIVILLERS N°16;SALOUËL N°18;;2.90;4.20;6.70;8.90;1.70
HARDIVILLERS N°16;VALLÉE DE LA NIÈVRE N°21;;6.90;10.30;15.10;20.30;4.10
HOCHFELDEN N°45;BOULAY N°36;;9.10;14.00;20.60;26.70;4.90
HOCHFELDEN N°45;CHÂLONS-EN-CHAMPAGNE / LA VEUVE N°24;;26.10;40.20;58.60;77.80;15.40
HOCHFELDEN N°45;CHARMONT-SOUS-BARBUISE N°22;;26.20;40.20;58.70;80.30;15.40
HOCHFELDEN N°45;CHÂTEAU-THIERRY N°20;;33.40;51.70;76.60;99.80;19.80
HOCHFELDEN N°45;CLERMONT-EN-ARGONNE N°27;;20.00;31.30;46.70;61.90;11.40
HOCHFELDEN N°45;DORMANS N°21;;32.80;50.00;74.30;96.60;19.20
HOCHFELDEN N°45;FAREBERSVILLER N°39;;6.60;9.40;13.80;18.50;3.50
HOCHFELDEN N°45;FRESNES-EN-WOËVRE N°30;;15.20;24.30;35.70;48.20;8.50
HOCHFELDEN N°45;FREYMING-MERLEBACH (A320);;8.40;13.10;19.10;24.90;4.40
HOCHFELDEN N°45;JARNY N°31;;14.80;23.60;34.40;46.20;8.20
HOCHFELDEN N°45;MEAUX (A140) / CRECY N°16;;40.30;62.60;93.70;125.10;24.80
HOCHFELDEN N°45;METZ (A31);;13.20;21.40;31.10;41.50;7.30
HOCHFELDEN N°45;MONT-CHOISY N°18;;28.30;44.90;69.60;92.40;16.90
HOCHFELDEN N°45;MONTREUIL-AUX-LIONS N°19;;36.00;55.50;82.70;105.80;21.30
HOCHFELDEN N°45;PARIS / NOISY-LE-GRAND (péage de Coutevroult);;42.70;66.40;99.80;132.80;26.30
HOCHFELDEN N°45;PUTTELANGE N°40;;4.10;6.60;10.00;13.20;2.30
HOCHFELDEN N°45;REIMS EST (péage de Taissy);;27.40;43.30;67.30;85.80;15.70
HOCHFELDEN N°45;REIMS NORD (péage d'Ormes);;30.20;46.70;69.70;91.00;17.80
HOCHFELDEN N°45;REIMS OUEST (péage de Thillois) N°22;;31.70;49.00;73.20;95.50;19.00
HOCHFELDEN N°45;REIMS SUD N°23;;30.20;46.20;69.50;92.20;18.00
HOCHFELDEN N°45;SAINT-AVOLD N°37;;8.40;13.10;19.10;24.90;4.40
HOCHFELDEN N°45;SAINT-ÉTIENNE-AU-TEMPLE N°25;;23.50;35.90;54.70;73.10;13.20
HOCHFELDEN N°45;SAINT-GIBRIEN N°17;;28.10;44.90;68.20;85.50;16.10
HOCHFELDEN N°45;SAINTE-MARIE-AUX-CHÊNES N°32;;13.20;21.40;31.10;41.50;7.30
HOCHFELDEN N°45;SAINTE-MENEHOULD N°26;;21.50;33.10;49.70;65.70;12.00
HOCHFELDEN N°45;SARRE-UNION N°42;;1.10;2.30;3.70;5.10;0.50
HOCHFELDEN N°45;SARREGUEMINES N°41;;2.50;3.90;6.60;9.10;1.40
HOCHFELDEN N°45;SOMMESOUS N°20;;31.30;49.50;75.60;97.60;17.90
HOCHFELDEN N°45;ST-JEAN-LES-DEUX-JUMEAUX N°18;;38.40;59.20;87.40;113.10;22.70
HOCHFELDEN N°45;VALLÉE DE L'AUBE N°21;;35.30;54.60;83.10;109.10;19.60
HOCHFELDEN N°45;VATRY N°19;;29.90;47.30;73.00;94.00;17.40
HOCHFELDEN N°45;VERDUN N°29;;17.30;27.80;40.90;54.20;9.80
HOCHFELDEN N°45;VOIE SACRÉE N°28;;18.80;30.80;44.80;59.90;10.50
HORDAIN (péage d'Hordain);AIRE-SUR-LA-LYS N°4;;10.60;16.00;22.30;30.50;5.80
HORDAIN (péage d'Hordain);ALBERT N°13.1;;1.90;3.20;4.50;6.90;1.20
HORDAIN (péage d'Hordain);AMIENS EST (péage de Jules Verne);;14.60;22.40;31.70;43.50;8.20
HORDAIN (péage d'Hordain);ARRAS EST (A1) N°15;;4.80;7.40;11.10;14.70;2.90
HORDAIN (péage d'Hordain);ARRAS NORD (A26) N°7;;5.00;8.50;11.80;15.10;3.20
HORDAIN (péage d'Hordain);ATHIES N°54;;4.80;7.60;11.40;15.70;3.00
HORDAIN (péage d'Hordain);BAPAUME N°14;;3.60;5.40;8.50;11.70;2.10
HORDAIN (péage d'Hordain);BÉTHUNE N°6;;7.40;12.40;16.80;21.50;4.40
HORDAIN (péage d'Hordain);CALAIS (péage de Setques);;13.30;21.50;28.30;39.70;7.90
HORDAIN (péage d'Hordain);CAMBRAI N°14;;4.40;6.60;9.90;14.30;2.80
HORDAIN (péage d'Hordain);COMPIÈGNE OUEST N°10;;5.00;7.30;11.40;15.80;3.10
HORDAIN (péage d'Hordain);GARE TGV N°53;;7.20;11.30;16.20;22.10;4.10
HORDAIN (péage d'Hordain);GUIGNICOURT N°14;;8.60;13.40;18.30;26.70;4.90
HORDAIN (péage d'Hordain);LA FÈRE N°12;;5.30;8.70;12.70;16.70;3.50
HORDAIN (péage d'Hordain);LAON N°13;;6.90;10.30;14.40;20.20;4.00
HORDAIN (péage d'Hordain);LIÉVIN N°6.2;;5.60;9.40;13.30;17.00;3.60
HORDAIN (péage d'Hordain);LILLE / DOURGES (péage de Fresnes);;7.10;11.20;16.30;21.20;4.10
HORDAIN (péage d'Hordain);LILLERS N°5;;8.70;13.60;19.40;27.00;5.30
HORDAIN (péage d'Hordain);MARQUION N°8;;4.60;7.30;10.20;14.30;2.70
HORDAIN (péage d'Hordain);MASNIÈRES N°9;;2.10;3.00;4.40;6.30;1.20
HORDAIN (péage d'Hordain);NŒUX-LES-MINES N°6.1;;6.30;10.60;14.50;19.10;3.80
HORDAIN (péage d'Hordain);PARIS / ROISSY (péage de Chamant);;9.40;14.50;21.60;28.70;5.30
HORDAIN (péage d'Hordain);PÉRONNE / VALLEE DE LA SOMME N°13;;1.20;2.10;3.00;4.00;0.80
HORDAIN (péage d'Hordain);PONT-SAINTE-MAXENCE N°9;;5.90;8.20;13.70;18.00;3.60
HORDAIN (péage d'Hordain);REIMS (péage de Courcy);;10.50;15.90;23.70;32.00;6.10
HORDAIN (péage d'Hordain);RESSONS N°11;;4.20;5.20;9.20;11.80;2.50
HORDAIN (péage d'Hordain);ROYE N°12;;2.20;3.20;5.00;7.50;1.20
HORDAIN (péage d'Hordain);SAINT-QUENTIN NORD N°10;;2.30;3.80;5.00;7.10;1.50
HORDAIN (péage d'Hordain);SAINT-QUENTIN SUD N°11;;4.90;7.10;10.50;14.40;2.60
HORDAIN (péage d'Hordain);SENLIS N°8;;6.90;9.70;14.60;23.00;4.30
HORDAIN (péage d'Hordain);VILLERS-BRETONNEUX N°52;;9.50;14.30;20.40;27.70;5.80
JARNY N°31;BOULAY N°36;;3.10;4.20;6.30;8.90;1.80
JARNY N°31;CHÂLONS-EN-CHAMPAGNE / LA VEUVE N°24;;9.10;13.90;19.80;24.70;5.70
JARNY N°31;CHARMONT-SOUS-BARBUISE N°22;;9.80;14.60;21.20;26.80;6.10
JARNY N°31;CHÂTEAU-THIERRY N°20;;16.60;23.90;36.30;45.90;9.70
JARNY N°31;CLERMONT-EN-ARGONNE N°27;;4.00;6.10;9.40;11.00;2.50
JARNY N°31;DORMANS N°21;;15.20;22.40;34.80;41.90;9.40
JARNY N°31;FAREBERSVILLER N°39;;6.80;11.40;16.40;22.70;4.10
JARNY N°31;FREYMING-MERLEBACH (A320);;6.40;10.50;15.30;21.30;3.80
JARNY N°31;HOCHFELDEN N°45;;14.80;23.60;34.40;46.20;8.20
JARNY N°31;MEAUX (A140) / CRECY N°16;;24.30;35.10;54.20;70.10;14.90
JARNY N°31;METZ (A31);;1.60;2.20;3.30;4.70;0.90
JARNY N°31;MONT-CHOISY N°18;;12.60;19.00;31.60;38.70;8.00
JARNY N°31;MONTREUIL-AUX-LIONS N°19;;19.60;28.20;43.10;51.00;12.10
JARNY N°31;PARIS / NOISY-LE-GRAND (péage de Coutevroult);;26.70;38.90;60.30;77.80;16.40
JARNY N°31;PHALSBOURG N°43;;11.20;17.70;26.30;36.90;6.60
JARNY N°31;PUTTELANGE N°40;;7.40;12.00;17.50;24.30;4.50
JARNY N°31;REIMS EST (péage de Taissy);;11.70;17.30;27.10;33.10;6.80
JARNY N°31;REIMS NORD (péage d'Ormes);;13.40;19.20;30.00;36.30;8.40
JARNY N°31;REIMS OUEST (péage de Thillois) N°22;;14.80;21.60;33.30;40.20;9.00
JARNY N°31;REIMS SUD N°23;;13.30;20.30;31.00;37.90;8.50
JARNY N°31;SAINT-AVOLD N°37;;6.40;10.50;15.30;21.30;3.80
JARNY N°31;SAINT-ÉTIENNE-AU-TEMPLE N°25;;6.90;10.40;15.70;20.30;4.20
JARNY N°31;SAINT-GIBRIEN N°17;;12.20;18.50;29.00;36.90;7.50
JARNY N°31;SAINTE-MENEHOULD N°26;;5.10;7.40;12.20;15.20;3.10
JARNY N°31;SARRE-UNION N°42;;9.20;15.30;22.40;31.40;5.50
JARNY N°31;SARREGUEMINES N°41;;8.00;12.90;19.00;26.60;4.80
JARNY N°31;SAVERNE N°44;;12.40;20.00;28.50;39.10;7.10
JARNY N°31;SOMMESOUS N°20;;14.40;22.90;37.00;46.10;9.00
JARNY N°31;ST-JEAN-LES-DEUX-JUMEAUX N°18;;21.30;31.90;47.20;58.10;13.10
JARNY N°31;STRASBOURG (péage de Schwindratzheim);;16.80;26.00;38.40;51.80;9.60
JARNY N°31;VALLÉE DE L'AUBE N°21;;18.00;28.90;43.60;54.50;10.80
JARNY N°31;VATRY N°19;;13.40;20.50;32.90;42.00;8.30
JARNY N°31;VERDUN N°29;;1.90;2.50;4.10;5.50;1.00
JARNY N°31;VOIE SACRÉE N°28;;3.20;5.00;7.80;9.60;1.90
L'ISLE-ADAM (péage d'Amblainville);ABBEVILLE EST N°22;;15.90;23.30;34.70;48.30;9.90
L'ISLE-ADAM (péage d'Amblainville);ABBEVILLE NORD N°23;;16.90;25.80;38.00;52.30;10.40
L'ISLE-ADAM (péage d'Amblainville);AMIENS NORD N°20;;11.90;18.00;25.70;36.40;7.40
L'ISLE-ADAM (péage d'Amblainville);AMIENS OUEST N°19;;10.60;14.80;25.70;34.20;6.40
L'ISLE-ADAM (péage d'Amblainville);AMIENS SUD (péage de Dury);;9.60;13.20;22.30;29.50;5.90
L'ISLE-ADAM (péage d'Amblainville);AUMALE N°12;;9.50;12.70;23.90;27.50;5.70
L'ISLE-ADAM (péage d'Amblainville);BEAUVAIS CENTRE N°14;;5.10;6.60;11.90;14.90;3.20
L'ISLE-ADAM (péage d'Amblainville);BEAUVAIS NORD N°15;;6.90;9.40;17.00;21.70;4.20
L'ISLE-ADAM (péage d'Amblainville);BERCK N°25;;21.00;31.30;44.70;61.30;13.10
L'ISLE-ADAM (péage d'Amblainville);BOULOGNE EST (péage d'Herquelingue);;25.00;37.10;52.10;75.70;15.60
L'ISLE-ADAM (péage d'Amblainville);ESSERTAUX N°17;;10.20;13.70;25.60;33.30;6.10
L'ISLE-ADAM (péage d'Amblainville);ETAPLES / LE TOUQUET N°26;;21.80;31.80;44.70;65.20;13.20
L'ISLE-ADAM (péage d'Amblainville);HARDIVILLERS N°16;;8.10;10.90;19.10;24.70;5.10
L'ISLE-ADAM (péage d'Amblainville);LA CÔTE PICARDE N°24;;19.30;29.10;43.30;59.50;12.00
L'ISLE-ADAM (péage d'Amblainville);MÉRU N°13;;4.30;6.10;10.80;13.70;2.40
L'ISLE-ADAM (péage d'Amblainville);NEUFCHÂTEL-EN-BRAY (A28) (péage d'Haudricourt);;11.00;16.20;27.50;34.00;7.20
L'ISLE-ADAM (péage d'Amblainville);NEUFCHÂTEL-HARDELOT N°27;;23.80;34.00;45.20;67.60;13.20
L'ISLE-ADAM (péage d'Amblainville);POIX-DE-PICARDIE N°13;;8.00;10.50;19.30;24.00;4.80
L'ISLE-ADAM (péage d'Amblainville);SALOUËL N°18;;9.70;13.40;22.90;29.60;6.00
L'ISLE-ADAM (péage d'Amblainville);VALLÉE DE LA NIÈVRE N°21;;14.80;21.70;30.20;44.10;9.10
LA CÔTE PICARDE N°24;ABBEVILLE EST N°22;;4.90;7.30;11.20;15.60;2.90
LA CÔTE PICARDE N°24;ABBEVILLE NORD N°23;;4.10;5.80;8.70;13.00;2.50
LA CÔTE PICARDE N°24;AMIENS NORD N°20;;8.60;12.80;17.70;25.50;5.20
LA CÔTE PICARDE N°24;AMIENS OUEST N°19;;8.60;13.00;17.70;25.50;5.20
LA CÔTE PICARDE N°24;AMIENS SUD (péage de Dury);;9.80;14.00;22.30;29.60;5.90
LA CÔTE PICARDE N°24;AUMALE N°12;;10.10;15.20;24.60;32.10;6.40
LA CÔTE PICARDE N°24;BEAUVAIS CENTRE N°14;;14.80;21.50;29.10;40.60;8.80
LA CÔTE PICARDE N°24;BEAUVAIS NORD N°15;;14.80;21.30;29.10;40.60;8.80
LA CÔTE PICARDE N°24;BERCK N°25;;3.10;4.80;7.10;10.30;1.90
LA CÔTE PICARDE N°24;BOULOGNE EST (péage d'Herquelingue);;6.80;10.50;14.50;21.00;4.50
LA CÔTE PICARDE N°24;ESSERTAUX N°17;;10.30;15.10;21.40;29.80;6.30
LA CÔTE PICARDE N°24;ETAPLES / LE TOUQUET N°26;;4.30;7.00;9.60;12.90;2.60
LA CÔTE PICARDE N°24;HARDIVILLERS N°16;;11.70;17.50;24.20;33.20;7.20
LA CÔTE PICARDE N°24;L'ISLE-ADAM (péage d'Amblainville);;19.30;29.10;43.30;59.50;12.00
LA CÔTE PICARDE N°24;MÉRU N°13;;15.90;23.70;34.40;46.50;9.60
LA CÔTE PICARDE N°24;NEUFCHÂTEL-EN-BRAY (A28) (péage d'Haudricourt);;12.60;19.20;30.40;41.60;8.30
LA CÔTE PICARDE N°24;NEUFCHÂTEL-HARDELOT N°27;;5.10;8.30;11.30;16.10;3.10
LA CÔTE PICARDE N°24;POIX-DE-PICARDIE N°13;;8.80;13.80;23.10;31.40;5.70
LA CÔTE PICARDE N°24;SALOUËL N°18;;9.30;13.70;17.80;26.50;5.70
LA CÔTE PICARDE N°24;VALLÉE DE LA NIÈVRE N°21;;6.40;9.50;13.80;18.50;4.00
LA FÈRE N°12;AIRE-SUR-LA-LYS N°4;;13.90;20.70;26.90;40.00;8.80
LA FÈRE N°12;ALBERT N°13.1;;4.30;6.90;10.60;14.40;2.80
LA FÈRE N°12;AMIENS EST (péage de Jules Verne);;5.80;9.80;13.60;18.70;3.70
LA FÈRE N°12;ARRAS EST (A1) N°15;;6.00;9.50;13.60;18.50;3.60
LA FÈRE N°12;ARRAS NORD (A26) N°7;;9.30;13.50;18.50;24.70;5.20
LA FÈRE N°12;ATHIES N°54;;1.80;2.80;4.10;5.60;1.20
LA FÈRE N°12;BAPAUME N°14;;6.50;10.20;15.80;20.20;4.00
LA FÈRE N°12;BÉTHUNE N°6;;10.30;15.40;22.40;30.80;6.00
LA FÈRE N°12;CALAIS (péage de Setques);;16.90;25.10;34.80;47.50;10.30
LA FÈRE N°12;CAMBRAI N°14;;4.20;6.60;9.80;13.30;2.50
LA FÈRE N°12;COMPIÈGNE OUEST N°10;;7.50;11.40;16.30;24.10;4.30
LA FÈRE N°12;GARE TGV N°53;;3.00;4.60;7.40;9.60;1.90
LA FÈRE N°12;GUIGNICOURT N°14;;6.00;9.20;12.70;16.50;3.20
LA FÈRE N°12;HORDAIN (péage d'Hordain);;5.30;8.70;12.70;16.70;3.50
LA FÈRE N°12;LAON N°13;;2.90;4.60;6.30;8.10;1.50
LA FÈRE N°12;LIÉVIN N°6.2;;9.30;14.10;19.70;26.30;5.40
LA FÈRE N°12;LILLE / DOURGES (péage de Fresnes);;7.90;12.10;17.70;23.30;4.40
LA FÈRE N°12;LILLERS N°5;;11.90;18.40;25.70;36.80;7.80
LA FÈRE N°12;MARQUION N°8;;8.30;12.20;17.10;23.00;4.70
LA FÈRE N°12;MASNIÈRES N°9;;5.30;8.10;11.40;16.00;3.10
LA FÈRE N°12;NŒUX-LES-MINES N°6.1;;9.80;14.60;20.90;27.40;5.70
LA FÈRE N°12;PARIS / ROISSY (péage de Chamant);;12.60;19.20;27.20;37.90;7.20
LA FÈRE N°12;PÉRONNE / VALLEE DE LA SOMME N°13;;3.70;5.70;8.70;11.20;2.40
LA FÈRE N°12;PONT-SAINTE-MAXENCE N°9;;8.60;12.50;18.30;26.70;4.90
LA FÈRE N°12;REIMS (péage de Courcy);;8.60;12.60;17.70;24.60;5.00
LA FÈRE N°12;RESSONS N°11;;6.10;9.10;15.10;19.10;3.80
LA FÈRE N°12;ROYE N°12;;4.60;7.00;10.70;15.10;2.60
LA FÈRE N°12;SAINT-QUENTIN NORD N°10;;4.20;6.10;9.10;12.10;2.40
LA FÈRE N°12;SAINT-QUENTIN SUD N°11;;2.00;3.30;4.40;6.30;1.00
LA FÈRE N°12;SENLIS N°8;;9.40;13.80;21.40;30.70;5.70
LA FÈRE N°12;VILLERS-BRETONNEUX N°52;;4.60;7.20;10.50;14.40;2.60
LAON N°13;AIRE-SUR-LA-LYS N°4;;15.60;22.70;32.10;46.80;9.50
LAON N°13;ALBERT N°13.1;;5.50;8.60;13.60;17.30;3.60
LAON N°13;AMIENS EST (péage de Jules Verne);;7.20;11.80;17.00;20.70;4.10
LAON N°13;ARRAS EST (A1) N°15;;7.00;10.80;15.60;21.80;4.30
LAON N°13;ARRAS NORD (A26) N°7;;11.00;16.30;24.50;32.00;6.60
LAON N°13;ATHIES N°54;;2.80;4.60;7.50;9.20;1.70
LAON N°13;BAPAUME N°14;;7.70;11.70;18.20;23.60;4.50
LAON N°13;BÉTHUNE N°6;;12.70;19.40;28.70;40.60;7.80
LAON N°13;CALAIS (péage de Setques);;19.70;29.70;39.90;54.60;12.20
LAON N°13;CAMBRAI N°14;;5.20;7.80;11.60;15.00;3.20
LAON N°13;COMPIÈGNE OUEST N°10;;8.60;12.20;19.20;26.00;5.10
LAON N°13;GARE TGV N°53;;4.50;6.60;10.10;12.40;2.50
LAON N°13;GUIGNICOURT N°14;;3.80;5.60;7.90;10.70;2.10
LAON N°13;HORDAIN (péage d'Hordain);;6.90;10.30;14.40;20.20;4.00
LAON N°13;LA FÈRE N°12;;2.90;4.60;6.30;8.10;1.50
LAON N°13;LIÉVIN N°6.2;;11.70;17.60;24.90;33.10;6.90
LAON N°13;LILLE / DOURGES (péage de Fresnes);;8.90;13.50;19.10;26.10;5.10
LAON N°13;LILLERS N°5;;14.90;22.20;29.60;45.50;9.30
LAON N°13;MARQUION N°8;;10.20;14.70;22.70;30.10;6.00
LAON N°13;MASNIÈRES N°9;;7.10;11.10;15.00;20.70;4.40
LAON N°13;NŒUX-LES-MINES N°6.1;;11.90;18.40;25.40;33.40;7.20
LAON N°13;PARIS / ROISSY (péage de Chamant);;12.80;19.20;27.20;38.70;7.90
LAON N°13;PÉRONNE / VALLEE DE LA SOMME N°13;;4.70;7.40;11.40;14.30;2.90
LAON N°13;PONT-SAINTE-MAXENCE N°9;;8.90;12.60;20.30;27.00;5.50
LAON N°13;REIMS (péage de Courcy);;6.80;10.30;15.00;19.10;4.10
LAON N°13;RESSONS N°11;;7.10;10.30;16.40;22.30;4.30
LAON N°13;ROYE N°12;;5.80;8.40;13.20;18.00;3.60
LAON N°13;SAINT-QUENTIN NORD N°10;;5.80;9.20;12.90;16.20;3.20
LAON N°13;SAINT-QUENTIN SUD N°11;;3.90;5.40;7.80;10.60;1.90
LAON N°13;SENLIS N°8;;10.50;13.90;23.80;31.70;6.30
LAON N°13;VILLERS-BRETONNEUX N°52;;5.50;8.80;12.70;16.80;3.60
LIÉVIN N°6.2;AIRE-SUR-LA-LYS N°4;;4.60;7.20;10.30;15.10;2.80
LIÉVIN N°6.2;ALBERT N°13.1;;5.20;8.20;12.10;14.90;3.10
LIÉVIN N°6.2;AMIENS EST (péage de Jules Verne);;10.40;16.50;22.80;31.70;5.80
LIÉVIN N°6.2;ARRAS EST (A1) N°15;;2.50;3.80;5.50;7.80;1.30
LIÉVIN N°6.2;ARRAS NORD (A26) N°7;;1.40;2.30;3.00;4.50;0.70
LIÉVIN N°6.2;ATHIES N°54;;7.10;11.10;17.00;23.50;4.50
LIÉVIN N°6.2;BAPAUME N°14;;4.20;6.20;9.60;12.70;2.40
LIÉVIN N°6.2;BÉTHUNE N°6;;1.90;3.00;4.20;6.30;1.20
LIÉVIN N°6.2;CALAIS (péage de Setques);;8.70;12.80;18.00;24.60;5.10
LIÉVIN N°6.2;CAMBRAI N°14;;4.70;7.50;11.30;14.40;3.00
LIÉVIN N°6.2;COMPIÈGNE OUEST N°10;;10.80;16.80;25.70;33.10;6.30
LIÉVIN N°6.2;GARE TGV N°53;;6.50;9.80;13.60;18.70;3.90
LIÉVIN N°6.2;GUIGNICOURT N°14;;13.60;21.00;28.30;37.50;8.60
LIÉVIN N°6.2;HORDAIN (péage d'Hordain);;5.60;9.40;13.30;17.00;3.60
LIÉVIN N°6.2;LA FÈRE N°12;;9.30;14.10;19.70;26.30;5.40
LIÉVIN N°6.2;LAON N°13;;11.70;17.60;24.90;33.10;6.90
LIÉVIN N°6.2;LILLE / DOURGES (péage de Fresnes);;3.20;4.70;7.10;9.70;2.00
LIÉVIN N°6.2;LILLERS N°5;;4.10;6.00;9.40;12.30;2.40
LIÉVIN N°6.2;MARQUION N°8;;3.50;5.70;8.20;11.10;2.30
LIÉVIN N°6.2;MASNIÈRES N°9;;5.10;7.80;11.30;15.80;3.00
LIÉVIN N°6.2;NŒUX-LES-MINES N°6.1;;1.00;1.70;2.40;2.90;0.80
LIÉVIN N°6.2;PARIS / ROISSY (péage de Chamant);;17.20;27.00;36.60;50.10;9.80
LIÉVIN N°6.2;PÉRONNE / VALLEE DE LA SOMME N°13;;6.40;9.70;13.60;18.70;3.80
LIÉVIN N°6.2;PONT-SAINTE-MAXENCE N°9;;11.80;18.00;27.40;37.40;7.10
LIÉVIN N°6.2;REIMS (péage de Courcy);;17.50;26.20;37.50;50.10;10.30
LIÉVIN N°6.2;RESSONS N°11;;9.60;13.70;21.30;28.90;5.50
LIÉVIN N°6.2;ROYE N°12;;8.50;12.20;18.30;25.60;4.90
LIÉVIN N°6.2;SAINT-QUENTIN NORD N°10;;7.60;12.20;16.10;21.90;4.70
LIÉVIN N°6.2;SAINT-QUENTIN SUD N°11;;8.10;12.60;18.00;25.70;5.00
LIÉVIN N°6.2;SENLIS N°8;;13.20;20.70;30.90;38.70;7.90
LIÉVIN N°6.2;VILLERS-BRETONNEUX N°52;;8.30;12.80;18.60;24.10;5.00
LILLE / DOURGES (péage de Fresnes);AIRE-SUR-LA-LYS N°4;;7.80;12.10;17.00;22.80;4.30
LILLE / DOURGES (péage de Fresnes);ALBERT N°13.1;;2.60;4.20;6.70;8.50;1.40
LILLE / DOURGES (péage de Fresnes);AMIENS EST (péage de Jules Verne);;18.50;26.90;37.60;51.80;10.50
LILLE / DOURGES (péage de Fresnes);ARRAS EST (A1) N°15;;2.80;4.30;7.10;8.90;1.50
LILLE / DOURGES (péage de Fresnes);ARRAS NORD (A26) N°7;;2.60;3.90;6.30;7.80;1.50
LILLE / DOURGES (péage de Fresnes);ATHIES N°54;;5.50;9.00;13.30;19.00;3.60
LILLE / DOURGES (péage de Fresnes);BAPAUME N°14;;4.00;5.60;9.30;11.10;2.30
LILLE / DOURGES (péage de Fresnes);BÉTHUNE N°6;;4.80;7.20;10.30;13.90;2.70
LILLE / DOURGES (péage de Fresnes);CALAIS (péage de Setques);;10.20;15.60;21.50;30.00;5.80
LILLE / DOURGES (péage de Fresnes);CAMBRAI N°14;;4.80;7.20;10.90;14.60;2.70
LILLE / DOURGES (péage de Fresnes);COMPIÈGNE OUEST N°10;;8.50;12.30;20.70;25.30;4.90
LILLE / DOURGES (péage de Fresnes);GARE TGV N°53;;8.30;12.90;18.20;24.00;4.40
LILLE / DOURGES (péage de Fresnes);GUIGNICOURT N°14;;11.10;16.00;24.60;32.30;6.00
LILLE / DOURGES (péage de Fresnes);HORDAIN (péage d'Hordain);;7.10;11.20;16.30;21.20;4.10
LILLE / DOURGES (péage de Fresnes);LA FÈRE N°12;;7.90;12.10;17.70;23.30;4.40
LILLE / DOURGES (péage de Fresnes);LAON N°13;;8.90;13.50;19.10;26.10;5.10
LILLE / DOURGES (péage de Fresnes);LIÉVIN N°6.2;;3.20;4.70;7.10;9.70;2.00
LILLE / DOURGES (péage de Fresnes);LILLERS N°5;;7.20;11.40;15.70;22.00;4.10
LILLE / DOURGES (péage de Fresnes);MARQUION N°8;;1.60;2.40;3.70;4.50;0.90
LILLE / DOURGES (péage de Fresnes);MASNIÈRES N°9;;2.90;4.60;6.30;8.50;1.90
LILLE / DOURGES (péage de Fresnes);NŒUX-LES-MINES N°6.1;;4.00;5.80;8.00;11.30;2.40
LILLE / DOURGES (péage de Fresnes);PARIS / ROISSY (péage de Chamant);;14.90;21.90;32.20;42.50;7.80
LILLE / DOURGES (péage de Fresnes);PÉRONNE / VALLEE DE LA SOMME N°13;;3.40;5.40;8.30;11.20;2.30
LILLE / DOURGES (péage de Fresnes);PONT-SAINTE-MAXENCE N°9;;9.00;14.10;22.30;28.70;5.20
LILLE / DOURGES (péage de Fresnes);REIMS (péage de Courcy);;12.50;19.80;29.20;38.70;7.40
LILLE / DOURGES (péage de Fresnes);RESSONS N°11;;6.80;9.90;16.10;22.90;4.10
LILLE / DOURGES (péage de Fresnes);ROYE N°12;;5.10;8.00;13.20;16.10;3.00
LILLE / DOURGES (péage de Fresnes);SAINT-QUENTIN NORD N°10;;4.60;7.20;9.50;13.20;2.60
LILLE / DOURGES (péage de Fresnes);SAINT-QUENTIN SUD N°11;;7.00;10.60;15.80;20.80;4.10
LILLE / DOURGES (péage de Fresnes);SENLIS N°8;;10.40;16.30;25.70;33.00;6.10
LILLE / DOURGES (péage de Fresnes);VILLERS-BRETONNEUX N°52;;10.20;15.00;22.70;30.20;6.10
LILLERS N°5;AIRE-SUR-LA-LYS N°4;;2.50;4.00;5.40;7.50;1.20
LILLERS N°5;ALBERT N°13.1;;8.70;13.30;18.60;26.70;5.00
LILLERS N°5;AMIENS EST (péage de Jules Verne);;13.60;20.50;29.70;41.70;7.90
LILLERS N°5;ARRAS EST (A1) N°15;;5.70;9.30;12.60;18.50;3.60
LILLERS N°5;ARRAS NORD (A26) N°7;;4.80;7.50;11.30;15.10;2.90
LILLERS N°5;ATHIES N°54;;10.10;15.50;21.20;32.90;6.10
LILLERS N°5;BAPAUME N°14;;7.80;11.70;18.60;24.70;4.30
LILLERS N°5;BÉTHUNE N°6;;2.80;4.20;6.40;8.90;1.50
LILLERS N°5;CALAIS (péage de Setques);;5.50;9.00;13.20;16.70;3.10
LILLERS N°5;CAMBRAI N°14;;8.00;11.90;17.60;24.10;4.70
LILLERS N°5;COMPIÈGNE OUEST N°10;;14.30;21.70;31.80;41.70;8.50
LILLERS N°5;GARE TGV N°53;;9.10;13.90;20.90;28.00;5.80
LILLERS N°5;GUIGNICOURT N°14;;16.00;24.70;33.60;48.50;9.90
LILLERS N°5;HORDAIN (péage d'Hordain);;8.70;13.60;19.40;27.00;5.30
LILLERS N°5;LA FÈRE N°12;;11.90;18.40;25.70;36.80;7.80
LILLERS N°5;LAON N°13;;14.90;22.20;29.60;45.50;9.30
LILLERS N°5;LIÉVIN N°6.2;;4.10;6.00;9.40;12.30;2.40
LILLERS N°5;LILLE / DOURGES (péage de Fresnes);;7.20;11.40;15.70;22.00;4.10
LILLERS N°5;MARQUION N°8;;8.00;11.20;16.80;23.70;4.70
LILLERS N°5;MASNIÈRES N°9;;8.80;12.90;18.50;24.50;4.70
LILLERS N°5;NŒUX-LES-MINES N°6.1;;3.40;5.00;7.70;10.50;1.80
LILLERS N°5;PARIS / ROISSY (péage de Chamant);;20.70;31.20;45.40;61.00;11.80
LILLERS N°5;PÉRONNE / VALLEE DE LA SOMME N°13;;9.00;13.50;20.40;28.00;5.50
LILLERS N°5;PONT-SAINTE-MAXENCE N°9;;15.30;22.70;32.50;45.60;8.90
LILLERS N°5;REIMS (péage de Courcy);;21.50;32.00;43.10;61.60;13.10
LILLERS N°5;RESSONS N°11;;12.50;19.90;27.20;37.60;7.50
LILLERS N°5;ROYE N°12;;11.10;15.50;25.10;36.80;6.50
LILLERS N°5;SAINT-QUENTIN NORD N°10;;11.00;16.70;24.30;30.30;6.70
LILLERS N°5;SAINT-QUENTIN SUD N°11;;11.60;18.00;24.30;36.20;7.40
LILLERS N°5;SENLIS N°8;;16.90;26.20;36.20;52.60;10.00
LILLERS N°5;VILLERS-BRETONNEUX N°52;;10.40;17.70;24.60;33.60;6.80
MARQUION N°8;AIRE-SUR-LA-LYS N°4;;8.60;12.90;18.60;25.00;5.00
MARQUION N°8;ALBERT N°13.1;;4.10;5.50;9.50;11.50;2.40
MARQUION N°8;AMIENS EST (péage de Jules Verne);;8.70;13.50;20.30;26.80;4.70
MARQUION N°8;ARRAS EST (A1) N°15;;1.00;1.70;2.50;2.80;0.60
MARQUION N°8;ARRAS NORD (A26) N°7;;3.30;4.80;7.50;10.00;1.80
MARQUION N°8;ATHIES N°54;;5.70;8.80;12.00;18.00;3.20
MARQUION N°8;BAPAUME N°14;;2.60;4.10;6.40;8.40;1.50
MARQUION N°8;BÉTHUNE N°6;;5.50;9.20;12.60;17.50;3.10
MARQUION N°8;CALAIS (péage de Setques);;11.70;17.00;24.10;31.90;6.80
MARQUION N°8;CAMBRAI N°14;;3.30;5.10;7.40;10.40;1.90
MARQUION N°8;COMPIÈGNE OUEST N°10;;9.40;13.40;20.50;27.50;5.40
MARQUION N°8;GARE TGV N°53;;4.70;7.20;11.10;14.70;2.90
MARQUION N°8;GUIGNICOURT N°14;;12.40;19.00;26.40;34.60;7.80
MARQUION N°8;HORDAIN (péage d'Hordain);;4.60;7.30;10.20;14.30;2.70
MARQUION N°8;LA FÈRE N°12;;8.30;12.20;17.10;23.00;4.70
MARQUION N°8;LAON N°13;;10.20;14.70;22.70;30.10;6.00
MARQUION N°8;LIÉVIN N°6.2;;3.50;5.70;8.20;11.10;2.30
MARQUION N°8;LILLE / DOURGES (péage de Fresnes);;1.60;2.40;3.70;4.50;0.90
MARQUION N°8;LILLERS N°5;;8.00;11.20;16.80;23.70;4.70
MARQUION N°8;MASNIÈRES N°9;;3.50;5.40;7.30;10.30;2.10
MARQUION N°8;NŒUX-LES-MINES N°6.1;;4.10;6.40;9.50;12.10;2.50
MARQUION N°8;PARIS / ROISSY (péage de Chamant);;16.10;24.20;32.50;43.90;9.20
MARQUION N°8;PÉRONNE / VALLEE DE LA SOMME N°13;;4.50;7.20;11.10;14.60;2.80
MARQUION N°8;PONT-SAINTE-MAXENCE N°9;;10.30;15.80;22.80;31.90;5.70
MARQUION N°8;REIMS (péage de Courcy);;16.10;24.00;35.00;47.60;9.70
MARQUION N°8;RESSONS N°11;;8.50;12.30;18.60;24.60;4.80
MARQUION N°8;ROYE N°12;;6.00;9.90;15.10;19.50;4.00
MARQUION N°8;SAINT-QUENTIN NORD N°10;;6.20;9.50;13.60;17.30;3.60
MARQUION N°8;SAINT-QUENTIN SUD N°11;;7.00;11.20;15.30;21.40;4.20
MARQUION N°8;SENLIS N°8;;12.10;18.90;28.10;35.20;7.10
MARQUION N°8;VILLERS-BRETONNEUX N°52;;6.30;10.30;15.40;19.20;4.10
MASNIÈRES N°9;AIRE-SUR-LA-LYS N°4;;9.50;14.20;20.10;29.70;5.30
MASNIÈRES N°9;ALBERT N°13.1;;3.80;5.40;9.10;10.20;2.40
MASNIÈRES N°9;AMIENS EST (péage de Jules Verne);;9.10;13.40;19.40;27.00;5.20
MASNIÈRES N°9;ARRAS EST (A1) N°15;;2.10;2.70;4.00;5.90;1.10
MASNIÈRES N°9;ARRAS NORD (A26) N°7;;4.60;7.10;10.10;13.80;2.80
MASNIÈRES N°9;ATHIES N°54;;4.70;7.40;11.10;13.90;2.90
MASNIÈRES N°9;BAPAUME N°14;;3.10;4.50;7.20;9.90;2.00
MASNIÈRES N°9;BÉTHUNE N°6;;6.40;10.20;14.40;20.10;3.90
MASNIÈRES N°9;CALAIS (péage de Setques);;12.30;18.30;26.00;36.80;8.10
MASNIÈRES N°9;CAMBRAI N°14;;0.90;1.60;2.40;2.90;0.60
MASNIÈRES N°9;COMPIÈGNE OUEST N°10;;8.40;12.90;18.20;27.80;5.00
MASNIÈRES N°9;GARE TGV N°53;;5.00;7.90;11.40;14.50;3.60
MASNIÈRES N°9;GUIGNICOURT N°14;;9.40;14.40;19.90;27.20;5.70
MASNIÈRES N°9;HORDAIN (péage d'Hordain);;2.10;3.00;4.40;6.30;1.20
MASNIÈRES N°9;LA FÈRE N°12;;5.30;8.10;11.40;16.00;3.10
MASNIÈRES N°9;LAON N°13;;7.10;11.10;15.00;20.70;4.40
MASNIÈRES N°9;LIÉVIN N°6.2;;5.10;7.80;11.30;15.80;3.00
MASNIÈRES N°9;LILLE / DOURGES (péage de Fresnes);;2.90;4.60;6.30;8.50;1.90
MASNIÈRES N°9;LILLERS N°5;;8.80;12.90;18.50;24.50;4.70
MASNIÈRES N°9;MARQUION N°8;;3.50;5.40;7.30;10.30;2.10
MASNIÈRES N°9;NŒUX-LES-MINES N°6.1;;5.80;9.20;13.00;17.00;3.20
MASNIÈRES N°9;PARIS / ROISSY (péage de Chamant);;12.90;21.20;30.60;42.60;8.00
MASNIÈRES N°9;PÉRONNE / VALLEE DE LA SOMME N°13;;4.50;6.80;9.60;13.50;2.80
MASNIÈRES N°9;PONT-SAINTE-MAXENCE N°9;;8.90;13.90;20.70;28.00;5.50
MASNIÈRES N°9;REIMS (péage de Courcy);;13.30;20.50;27.20;37.30;8.10
MASNIÈRES N°9;RESSONS N°11;;7.30;11.40;16.70;21.10;4.40
MASNIÈRES N°9;ROYE N°12;;6.20;8.90;12.90;17.30;3.60
MASNIÈRES N°9;SAINT-QUENTIN NORD N°10;;3.20;4.80;7.40;10.10;1.80
MASNIÈRES N°9;SAINT-QUENTIN SUD N°11;;4.00;6.20;9.30;12.90;2.40
MASNIÈRES N°9;SENLIS N°8;;10.30;16.20;23.80;33.90;6.30
MASNIÈRES N°9;VILLERS-BRETONNEUX N°52;;7.30;10.10;15.60;20.50;4.30
MEAUX (A140) / CRECY N°16;BOULAY N°36;;28.60;43.20;65.60;87.80;18.40
MEAUX (A140) / CRECY N°16;CHÂLONS-EN-CHAMPAGNE / LA VEUVE N°24;;14.10;20.80;30.20;42.30;8.70
MEAUX (A140) / CRECY N°16;CHARMONT-SOUS-BARBUISE N°22;;21.80;31.80;49.20;64.30;12.60
MEAUX (A140) / CRECY N°16;CHÂTEAU-THIERRY N°20;;4.60;7.00;10.80;14.70;2.90
MEAUX (A140) / CRECY N°16;CLERMONT-EN-ARGONNE N°27;;18.30;26.80;40.60;53.60;11.80
MEAUX (A140) / CRECY N°16;DORMANS N°21;;7.20;11.10;16.30;22.10;4.80
MEAUX (A140) / CRECY N°16;FAREBERSVILLER N°39;;32.30;50.40;75.70;101.60;20.70
MEAUX (A140) / CRECY N°16;FRESNES-EN-WOËVRE N°30;;22.40;33.60;49.70;67.80;13.50
MEAUX (A140) / CRECY N°16;FREYMING-MERLEBACH (A320);;31.90;49.50;74.60;100.20;20.40
MEAUX (A140) / CRECY N°16;HOCHFELDEN N°45;;40.30;62.60;93.70;125.10;24.80
MEAUX (A140) / CRECY N°16;JARNY N°31;;24.30;35.10;54.20;70.10;14.90
MEAUX (A140) / CRECY N°16;METZ (A31);;27.10;41.20;62.60;83.60;17.50
MEAUX (A140) / CRECY N°16;MONT-CHOISY N°18;;13.90;21.20;32.20;42.20;8.40
MEAUX (A140) / CRECY N°16;MONTREUIL-AUX-LIONS N°19;;2.10;3.30;4.60;6.40;1.20
MEAUX (A140) / CRECY N°16;PARIS / NOISY-LE-GRAND (péage de Coutevroult);;2.40;3.80;6.10;7.70;1.50
MEAUX (A140) / CRECY N°16;PHALSBOURG N°43;;36.70;56.70;85.60;115.80;23.20
MEAUX (A140) / CRECY N°16;PUTTELANGE N°40;;32.90;51.00;76.80;103.20;21.10
MEAUX (A140) / CRECY N°16;REIMS EST (péage de Taissy);;11.90;17.60;26.30;35.70;7.30
MEAUX (A140) / CRECY N°16;REIMS NORD (péage d'Ormes);;10.20;14.90;22.50;30.60;6.40
MEAUX (A140) / CRECY N°16;REIMS OUEST (péage de Thillois) N°22;;10.20;15.10;22.90;30.70;6.50
MEAUX (A140) / CRECY N°16;REIMS SUD N°23;;9.70;14.30;21.80;29.60;6.40
MEAUX (A140) / CRECY N°16;SAINT-AVOLD N°37;;31.90;49.50;74.60;100.20;20.40
MEAUX (A140) / CRECY N°16;SAINT-ÉTIENNE-AU-TEMPLE N°25;;14.20;21.30;31.30;41.80;8.90
MEAUX (A140) / CRECY N°16;SAINT-GIBRIEN N°17;;13.70;21.10;31.70;41.70;8.00
MEAUX (A140) / CRECY N°16;SAINTE-MARIE-AUX-CHÊNES N°32;;27.10;41.20;62.60;83.60;17.50
MEAUX (A140) / CRECY N°16;SAINTE-MENEHOULD N°26;;16.60;24.90;37.70;50.80;10.70
MEAUX (A140) / CRECY N°16;SARRE-UNION N°42;;34.70;54.30;81.70;110.30;22.10
MEAUX (A140) / CRECY N°16;SARREGUEMINES N°41;;33.50;51.90;78.30;105.50;21.40
MEAUX (A140) / CRECY N°16;SAVERNE N°44;;37.90;59.00;87.80;118.00;23.70
MEAUX (A140) / CRECY N°16;SOMMESOUS N°20;;15.30;23.70;37.80;49.10;9.50
MEAUX (A140) / CRECY N°16;ST-JEAN-LES-DEUX-JUMEAUX N°18;;1.50;2.10;3.30;4.20;1.10
MEAUX (A140) / CRECY N°16;STRASBOURG (péage de Schwindratzheim);;42.30;65.00;97.70;130.70;26.20
MEAUX (A140) / CRECY N°16;VALLÉE DE L'AUBE N°21;;17.70;26.70;41.90;53.40;10.30
MEAUX (A140) / CRECY N°16;VATRY N°19;;14.60;22.90;36.10;47.20;9.10
MEAUX (A140) / CRECY N°16;VOIE SACRÉE N°28;;20.30;29.50;43.40;58.80;12.60
MÉRU N°13;ABBEVILLE EST N°22;;12.00;17.90;25.70;35.40;7.70
MÉRU N°13;ABBEVILLE NORD N°23;;13.80;19.90;29.10;40.30;8.70
MÉRU N°13;AMIENS NORD N°20;;9.70;13.70;20.00;27.40;5.90
MÉRU N°13;AMIENS OUEST N°19;;7.60;10.50;19.40;23.00;5.00
MÉRU N°13;AMIENS SUD (péage de Dury);;6.70;9.40;16.20;19.50;4.10
MÉRU N°13;AUMALE N°12;;8.20;10.60;19.40;24.50;5.10
MÉRU N°13;BEAUVAIS CENTRE N°14;;2.60;3.40;6.40;7.50;1.70
MÉRU N°13;BEAUVAIS NORD N°15;;4.10;5.70;10.30;12.40;2.50
MÉRU N°13;BERCK N°25;;17.30;25.20;36.10;50.30;10.40
MÉRU N°13;BOULOGNE EST (péage d'Herquelingue);;21.90;31.10;45.20;66.00;13.00
MÉRU N°13;ESSERTAUX N°17;;7.20;9.70;18.00;22.40;4.40
MÉRU N°13;ETAPLES / LE TOUQUET N°26;;18.20;25.40;36.50;53.60;10.40
MÉRU N°13;HARDIVILLERS N°16;;5.10;7.10;13.30;16.00;3.20
MÉRU N°13;L'ISLE-ADAM (péage d'Amblainville);;4.30;6.10;10.80;13.70;2.40
MÉRU N°13;LA CÔTE PICARDE N°24;;15.90;23.70;34.40;46.50;9.60
MÉRU N°13;NEUFCHÂTEL-EN-BRAY (A28) (péage d'Haudricourt);;10.00;14.50;24.10;31.40;6.10
MÉRU N°13;NEUFCHÂTEL-HARDELOT N°27;;19.70;27.80;38.50;56.10;11.60
MÉRU N°13;POIX-DE-PICARDIE N°13;;6.30;9.10;16.40;19.50;4.00
MÉRU N°13;SALOUËL N°18;;7.10;9.50;16.70;19.80;4.20
MÉRU N°13;VALLÉE DE LA NIÈVRE N°21;;10.90;15.60;22.80;31.50;6.70
METZ (A31);CHÂLONS-EN-CHAMPAGNE / LA VEUVE N°24;;12.90;18.80;27.50;36.30;8.10
METZ (A31);CHARMONT-SOUS-BARBUISE N°22;;13.00;18.80;27.60;38.80;8.10
METZ (A31);CHÂTEAU-THIERRY N°20;;20.20;30.30;45.50;58.30;12.50
METZ (A31);CLERMONT-EN-ARGONNE N°27;;6.80;9.90;15.60;20.40;4.10
METZ (A31);DORMANS N°21;;19.60;28.60;43.20;55.10;11.90
METZ (A31);FAREBERSVILLER N°39;;5.20;9.20;13.10;18.00;3.20
METZ (A31);FRESNES-EN-WOËVRE N°30;;2.00;2.90;4.60;6.70;1.20
METZ (A31);FREYMING-MERLEBACH (A320);;4.80;8.30;12.00;16.60;2.90
METZ (A31);HOCHFELDEN N°45;;13.20;21.40;31.10;41.50;7.30
METZ (A31);JARNY N°31;;1.60;2.20;3.30;4.70;0.90
METZ (A31);MEAUX (A140) / CRECY N°16;;27.10;41.20;62.60;83.60;17.50
METZ (A31);MONT-CHOISY N°18;;15.10;23.50;38.50;50.90;9.60
METZ (A31);MONTREUIL-AUX-LIONS N°19;;22.80;34.10;51.60;64.30;14.00
METZ (A31);PARIS / NOISY-LE-GRAND (péage de Coutevroult);;29.50;45.00;68.70;91.30;19.00
METZ (A31);PHALSBOURG N°43;;9.60;15.50;23.00;32.20;5.70
METZ (A31);PUTTELANGE N°40;;5.80;9.80;14.20;19.60;3.60
METZ (A31);REIMS EST (péage de Taissy);;14.20;21.90;36.20;44.30;8.40
METZ (A31);REIMS NORD (péage d'Ormes);;17.00;25.30;38.60;49.50;10.50
METZ (A31);REIMS OUEST (péage de Thillois) N°22;;18.50;27.60;42.10;54.00;11.70
METZ (A31);REIMS SUD N°23;;17.00;24.80;38.40;50.70;10.70
METZ (A31);SAINT-AVOLD N°37;;4.80;8.30;12.00;16.60;2.90
METZ (A31);SAINT-ÉTIENNE-AU-TEMPLE N°25;;10.30;14.50;23.60;31.60;5.90
METZ (A31);SAINT-GIBRIEN N°17;;14.90;23.50;37.10;44.00;8.80
METZ (A31);SAINTE-MENEHOULD N°26;;8.30;11.70;18.60;24.20;4.70
METZ (A31);SARRE-UNION N°42;;7.60;13.10;19.10;26.70;4.60
METZ (A31);SARREGUEMINES N°41;;6.40;10.70;15.70;21.90;3.90
METZ (A31);SAVERNE N°44;;10.80;17.80;25.20;34.40;6.20
METZ (A31);SOMMESOUS N°20;;18.10;28.10;44.50;56.10;10.60
METZ (A31);ST-JEAN-LES-DEUX-JUMEAUX N°18;;25.20;37.80;56.30;71.60;15.40
METZ (A31);STRASBOURG (péage de Schwindratzheim);;15.20;23.80;35.10;47.10;8.70
METZ (A31);VALLÉE DE L'AUBE N°21;;22.10;33.20;52.00;67.60;12.30
METZ (A31);VATRY N°19;;16.70;25.90;41.90;52.50;10.10
METZ (A31);VERDUN N°29;;4.10;6.40;9.80;12.70;2.50
METZ (A31);VOIE SACRÉE N°28;;5.60;9.40;13.70;18.40;3.20
MONT-CHOISY N°18;BOULAY N°36;;16.60;25.50;41.50;55.10;10.50
MONT-CHOISY N°18;CHÂLONS-EN-CHAMPAGNE / LA VEUVE N°24;;2.80;4.60;8.00;11.00;1.90
MONT-CHOISY N°18;CHARMONT-SOUS-BARBUISE N°22;;4.10;6.10;9.40;13.30;2.30
MONT-CHOISY N°18;CHÂTEAU-THIERRY N°20;;7.40;10.30;16.60;21.00;4.30
MONT-CHOISY N°18;CLERMONT-EN-ARGONNE N°27;;7.30;11.20;19.40;24.60;4.50
MONT-CHOISY N°18;DORMANS N°21;;6.20;8.80;14.50;18.20;3.60
MONT-CHOISY N°18;FAREBERSVILLER N°39;;20.30;32.70;51.60;68.90;12.80
MONT-CHOISY N°18;FRESNES-EN-WOËVRE N°30;;10.50;15.70;27.40;35.50;6.70
MONT-CHOISY N°18;FREYMING-MERLEBACH (A320);;19.90;31.80;50.50;67.50;12.50
MONT-CHOISY N°18;HOCHFELDEN N°45;;28.30;44.90;69.60;92.40;16.90
MONT-CHOISY N°18;JARNY N°31;;12.60;19.00;31.60;38.70;8.00
MONT-CHOISY N°18;MEAUX (A140) / CRECY N°16;;13.90;21.20;32.20;42.20;8.40
MONT-CHOISY N°18;METZ (A31);;15.10;23.50;38.50;50.90;9.60
MONT-CHOISY N°18;MONTREUIL-AUX-LIONS N°19;;9.20;14.20;22.50;28.90;5.70
MONT-CHOISY N°18;PARIS / NOISY-LE-GRAND (péage de Coutevroult);;16.30;25.00;38.30;49.90;9.90
MONT-CHOISY N°18;PHALSBOURG N°43;;24.70;39.00;61.50;83.10;15.30
MONT-CHOISY N°18;PUTTELANGE N°40;;20.90;33.30;52.70;70.50;13.20
MONT-CHOISY N°18;REIMS EST (péage de Taissy);;0.80;1.00;1.90;2.20;0.50
MONT-CHOISY N°18;REIMS NORD (péage d'Ormes);;4.30;6.40;10.00;12.90;2.60
MONT-CHOISY N°18;REIMS OUEST (péage de Thillois) N°22;;5.60;8.20;13.20;16.90;3.10
MONT-CHOISY N°18;REIMS SUD N°23;;4.60;6.70;10.80;14.20;2.60
MONT-CHOISY N°18;SAINT-AVOLD N°37;;19.90;31.80;50.50;67.50;12.50
MONT-CHOISY N°18;SAINT-ÉTIENNE-AU-TEMPLE N°25;;3.70;5.60;10.10;13.30;2.50
MONT-CHOISY N°18;SAINTE-MARIE-AUX-CHÊNES N°32;;15.10;23.50;38.50;50.90;9.60
MONT-CHOISY N°18;SAINTE-MENEHOULD N°26;;6.30;9.50;15.80;21.80;3.80
MONT-CHOISY N°18;SARRE-UNION N°42;;22.70;36.60;57.60;77.60;14.20
MONT-CHOISY N°18;SARREGUEMINES N°41;;21.50;34.20;54.20;72.80;13.50
MONT-CHOISY N°18;SAVERNE N°44;;25.90;41.30;63.70;85.30;15.80
MONT-CHOISY N°18;SOMMESOUS N°20;;0.30;0.50;0.70;0.90;0.20
MONT-CHOISY N°18;ST-JEAN-LES-DEUX-JUMEAUX N°18;;11.70;17.70;26.70;34.40;6.80
MONT-CHOISY N°18;STRASBOURG (péage de Schwindratzheim);;30.30;47.30;73.60;98.00;18.30
MONT-CHOISY N°18;VALLÉE DE L'AUBE N°21;;2.20;3.50;5.90;7.20;1.30
MONT-CHOISY N°18;VOIE SACRÉE N°28;;8.40;13.00;21.80;30.00;5.40
MONTREUIL-AUX-LIONS N°19;BOULAY N°36;;24.30;36.10;54.60;68.50;14.90
MONTREUIL-AUX-LIONS N°19;CHÂLONS-EN-CHAMPAGNE / LA VEUVE N°24;;8.80;13.50;19.40;26.90;5.40
MONTREUIL-AUX-LIONS N°19;CHARMONT-SOUS-BARBUISE N°22;;17.00;24.80;39.00;52.40;9.80
MONTREUIL-AUX-LIONS N°19;CLERMONT-EN-ARGONNE N°27;;13.10;19.60;30.00;38.80;8.60
MONTREUIL-AUX-LIONS N°19;DORMANS N°21;;2.30;3.70;5.40;7.10;1.60
MONTREUIL-AUX-LIONS N°19;FAREBERSVILLER N°39;;28.00;43.30;64.70;82.30;17.20
MONTREUIL-AUX-LIONS N°19;FRESNES-EN-WOËVRE N°30;;17.70;26.30;38.30;51.00;10.40
MONTREUIL-AUX-LIONS N°19;FREYMING-MERLEBACH (A320);;27.60;42.40;63.60;80.90;16.90
MONTREUIL-AUX-LIONS N°19;HOCHFELDEN N°45;;36.00;55.50;82.70;105.80;21.30
MONTREUIL-AUX-LIONS N°19;JARNY N°31;;19.60;28.20;43.10;51.00;12.10
MONTREUIL-AUX-LIONS N°19;MEAUX (A140) / CRECY N°16;;2.10;3.30;4.60;6.40;1.20
MONTREUIL-AUX-LIONS N°19;METZ (A31);;22.80;34.10;51.60;64.30;14.00
MONTREUIL-AUX-LIONS N°19;MONT-CHOISY N°18;;9.20;14.20;22.50;28.90;5.70
MONTREUIL-AUX-LIONS N°19;PARIS / NOISY-LE-GRAND (péage de Coutevroult);;4.50;7.10;10.70;14.10;2.70
MONTREUIL-AUX-LIONS N°19;PHALSBOURG N°43;;32.40;49.60;74.60;96.50;19.70
MONTREUIL-AUX-LIONS N°19;PUTTELANGE N°40;;28.60;43.90;65.80;83.90;17.60
MONTREUIL-AUX-LIONS N°19;REIMS EST (péage de Taissy);;6.90;10.50;15.50;21.00;4.20
MONTREUIL-AUX-LIONS N°19;REIMS NORD (péage d'Ormes);;4.80;7.60;11.70;15.80;3.10
MONTREUIL-AUX-LIONS N°19;REIMS OUEST (péage de Thillois) N°22;;5.00;7.60;11.80;15.50;3.10
MONTREUIL-AUX-LIONS N°19;REIMS SUD N°23;;4.60;7.30;11.30;14.90;3.10
MONTREUIL-AUX-LIONS N°19;SAINT-AVOLD N°37;;27.60;42.40;63.60;80.90;16.90
MONTREUIL-AUX-LIONS N°19;SAINT-ÉTIENNE-AU-TEMPLE N°25;;8.90;14.00;20.70;27.20;5.90
MONTREUIL-AUX-LIONS N°19;SAINT-GIBRIEN N°17;;8.70;13.50;20.70;26.80;5.40
MONTREUIL-AUX-LIONS N°19;SAINTE-MARIE-AUX-CHÊNES N°32;;22.80;34.10;51.60;64.30;14.00
MONTREUIL-AUX-LIONS N°19;SAINTE-MENEHOULD N°26;;11.70;18.10;26.60;36.40;7.60
MONTREUIL-AUX-LIONS N°19;SARRE-UNION N°42;;30.40;47.20;70.70;91.00;18.60
MONTREUIL-AUX-LIONS N°19;SARREGUEMINES N°41;;29.20;44.80;67.30;86.20;17.90
MONTREUIL-AUX-LIONS N°19;SAVERNE N°44;;33.60;51.90;76.80;98.70;20.20
MONTREUIL-AUX-LIONS N°19;SOMMESOUS N°20;;10.80;16.70;27.90;34.90;6.80
MONTREUIL-AUX-LIONS N°19;STRASBOURG (péage de Schwindratzheim);;38.00;57.90;86.70;111.40;22.70
MONTREUIL-AUX-LIONS N°19;VALLÉE DE L'AUBE N°21;;13.00;20.00;31.80;41.40;7.90
MONTREUIL-AUX-LIONS N°19;VATRY N°19;;10.10;15.40;26.10;33.10;6.30
MONTREUIL-AUX-LIONS N°19;VOIE SACRÉE N°28;;15.20;22.50;33.00;43.20;9.30
NŒUX-LES-MINES N°6.1;AIRE-SUR-LA-LYS N°4;;4.20;6.50;9.00;12.90;2.40
NŒUX-LES-MINES N°6.1;ALBERT N°13.1;;5.70;8.80;12.80;16.20;3.50
NŒUX-LES-MINES N°6.1;AMIENS EST (péage de Jules Verne);;10.70;16.70;24.10;33.80;6.00
NŒUX-LES-MINES N°6.1;ARRAS EST (A1) N°15;;3.00;4.60;6.80;9.90;1.50
NŒUX-LES-MINES N°6.1;ARRAS NORD (A26) N°7;;2.00;3.00;4.10;6.30;1.10
NŒUX-LES-MINES N°6.1;ATHIES N°54;;7.70;11.80;17.70;23.70;4.80
NŒUX-LES-MINES N°6.1;BAPAUME N°14;;4.50;7.00;11.40;14.10;2.70
NŒUX-LES-MINES N°6.1;BÉTHUNE N°6;;1.40;2.20;3.10;4.50;0.80
NŒUX-LES-MINES N°6.1;CALAIS (péage de Setques);;8.00;11.70;16.60;22.20;4.30
NŒUX-LES-MINES N°6.1;CAMBRAI N°14;;5.20;9.10;12.80;15.80;3.50
NŒUX-LES-MINES N°6.1;COMPIÈGNE OUEST N°10;;11.10;18.50;26.20;34.50;6.90
NŒUX-LES-MINES N°6.1;GARE TGV N°53;;7.10;10.40;14.40;19.50;4.20
NŒUX-LES-MINES N°6.1;GUIGNICOURT N°14;;14.50;21.70;29.40;39.30;8.70
NŒUX-LES-MINES N°6.1;HORDAIN (péage d'Hordain);;6.30;10.60;14.50;19.10;3.80
NŒUX-LES-MINES N°6.1;LA FÈRE N°12;;9.80;14.60;20.90;27.40;5.70
NŒUX-LES-MINES N°6.1;LAON N°13;;11.90;18.40;25.40;33.40;7.20
NŒUX-LES-MINES N°6.1;LIÉVIN N°6.2;;1.00;1.70;2.40;2.90;0.80
NŒUX-LES-MINES N°6.1;LILLE / DOURGES (péage de Fresnes);;4.00;5.80;8.00;11.30;2.40
NŒUX-LES-MINES N°6.1;LILLERS N°5;;3.40;5.00;7.70;10.50;1.80
NŒUX-LES-MINES N°6.1;MARQUION N°8;;4.10;6.40;9.50;12.10;2.50
NŒUX-LES-MINES N°6.1;MASNIÈRES N°9;;5.80;9.20;13.00;17.00;3.20
NŒUX-LES-MINES N°6.1;PARIS / ROISSY (péage de Chamant);;18.70;27.70;38.70;51.00;10.70
NŒUX-LES-MINES N°6.1;PÉRONNE / VALLEE DE LA SOMME N°13;;7.00;10.40;14.30;19.50;4.00
NŒUX-LES-MINES N°6.1;PONT-SAINTE-MAXENCE N°9;;12.60;19.00;28.70;38.90;7.50
NŒUX-LES-MINES N°6.1;REIMS (péage de Courcy);;18.20;27.10;37.60;50.40;10.70
NŒUX-LES-MINES N°6.1;RESSONS N°11;;10.20;14.80;22.00;29.50;5.80
NŒUX-LES-MINES N°6.1;ROYE N°12;;8.70;13.30;18.80;26.70;5.10
NŒUX-LES-MINES N°6.1;SAINT-QUENTIN NORD N°10;;8.00;12.60;17.20;22.60;4.70
NŒUX-LES-MINES N°6.1;SAINT-QUENTIN SUD N°11;;8.90;13.50;18.50;27.40;5.00
NŒUX-LES-MINES N°6.1;SENLIS N°8;;14.40;21.20;31.90;41.00;8.30
NŒUX-LES-MINES N°6.1;VILLERS-BRETONNEUX N°52;;8.50;14.30;19.10;25.30;5.20
NEUFCHÂTEL-EN-BRAY (A28) (péage d'Haudricourt);ABBEVILLE EST N°22;;8.90;13.80;21.60;29.50;5.80
NEUFCHÂTEL-EN-BRAY (A28) (péage d'Haudricourt);ABBEVILLE NORD N°23;;10.10;17.00;23.60;35.50;6.70
NEUFCHÂTEL-EN-BRAY (A28) (péage d'Haudricourt);AMIENS NORD N°20;;7.00;11.00;15.70;21.30;4.40
NEUFCHÂTEL-EN-BRAY (A28) (péage d'Haudricourt);AMIENS OUEST N°19;;6.20;9.90;14.60;18.80;3.90
NEUFCHÂTEL-EN-BRAY (A28) (péage d'Haudricourt);AMIENS SUD (péage de Dury);;5.50;8.40;12.20;16.20;3.30
NEUFCHÂTEL-EN-BRAY (A28) (péage d'Haudricourt);AUMALE N°12;;3.40;5.00;7.80;10.70;2.00
NEUFCHÂTEL-EN-BRAY (A28) (péage d'Haudricourt);BEAUVAIS CENTRE N°14;;9.70;14.40;24.10;30.90;5.80
NEUFCHÂTEL-EN-BRAY (A28) (péage d'Haudricourt);BEAUVAIS NORD N°15;;8.10;11.80;19.10;25.60;4.90
NEUFCHÂTEL-EN-BRAY (A28) (péage d'Haudricourt);BERCK N°25;;12.70;20.70;31.10;43.50;8.70
NEUFCHÂTEL-EN-BRAY (A28) (péage d'Haudricourt);BOULOGNE EST (péage d'Herquelingue);;17.20;28.00;41.50;57.90;11.60
NEUFCHÂTEL-EN-BRAY (A28) (péage d'Haudricourt);ESSERTAUX N°17;;6.80;10.30;15.90;21.70;4.60
NEUFCHÂTEL-EN-BRAY (A28) (péage d'Haudricourt);ETAPLES / LE TOUQUET N°26;;13.30;21.90;32.80;45.00;8.90
NEUFCHÂTEL-EN-BRAY (A28) (péage d'Haudricourt);HARDIVILLERS N°16;;6.20;9.70;14.90;20.00;4.00
NEUFCHÂTEL-EN-BRAY (A28) (péage d'Haudricourt);L'ISLE-ADAM (péage d'Amblainville);;11.00;16.20;27.50;34.00;7.20
NEUFCHÂTEL-EN-BRAY (A28) (péage d'Haudricourt);LA CÔTE PICARDE N°24;;12.60;19.20;30.40;41.60;8.30
NEUFCHÂTEL-EN-BRAY (A28) (péage d'Haudricourt);MÉRU N°13;;10.00;14.50;24.10;31.40;6.10
NEUFCHÂTEL-EN-BRAY (A28) (péage d'Haudricourt);NEUFCHÂTEL-HARDELOT N°27;;14.90;23.40;34.70;53.40;10.00
NEUFCHÂTEL-EN-BRAY (A28) (péage d'Haudricourt);POIX-DE-PICARDIE N°13;;14.90;21.70;35.00;45.70;8.80
NEUFCHÂTEL-EN-BRAY (A28) (péage d'Haudricourt);SALOUËL N°18;;5.20;7.90;12.00;15.20;3.60
NEUFCHÂTEL-EN-BRAY (A28) (péage d'Haudricourt);VALLÉE DE LA NIÈVRE N°21;;8.10;13.10;21.30;26.70;5.40
NEUFCHÂTEL-HARDELOT N°27;ABBEVILLE EST N°22;;8.50;12.80;17.10;25.40;5.00
NEUFCHÂTEL-HARDELOT N°27;ABBEVILLE NORD N°23;;7.70;11.40;16.40;25.30;5.00
NEUFCHÂTEL-HARDELOT N°27;AMIENS NORD N°20;;11.50;17.30;24.00;35.90;7.00
NEUFCHÂTEL-HARDELOT N°27;AMIENS OUEST N°19;;11.50;17.70;24.00;35.90;7.00
NEUFCHÂTEL-HARDELOT N°27;AMIENS SUD (péage de Dury);;12.70;19.30;26.40;39.00;8.60
NEUFCHÂTEL-HARDELOT N°27;AUMALE N°12;;13.10;20.00;30.90;39.70;8.40
NEUFCHÂTEL-HARDELOT N°27;BEAUVAIS CENTRE N°14;;17.10;25.20;35.80;50.60;10.40
NEUFCHÂTEL-HARDELOT N°27;BEAUVAIS NORD N°15;;17.00;25.20;35.80;50.00;10.30
NEUFCHÂTEL-HARDELOT N°27;BERCK N°25;;3.40;5.10;7.50;10.20;2.10
NEUFCHÂTEL-HARDELOT N°27;BOULOGNE EST (péage d'Herquelingue);;1.90;2.80;4.10;5.90;1.00
NEUFCHÂTEL-HARDELOT N°27;ESSERTAUX N°17;;12.90;19.70;27.70;39.10;7.80
NEUFCHÂTEL-HARDELOT N°27;ETAPLES / LE TOUQUET N°26;;1.70;2.70;4.60;6.20;1.10
NEUFCHÂTEL-HARDELOT N°27;HARDIVILLERS N°16;;14.80;21.60;30.20;42.60;8.70
NEUFCHÂTEL-HARDELOT N°27;L'ISLE-ADAM (péage d'Amblainville);;23.80;34.00;45.20;67.60;13.20
NEUFCHÂTEL-HARDELOT N°27;LA CÔTE PICARDE N°24;;5.10;8.30;11.30;16.10;3.10
NEUFCHÂTEL-HARDELOT N°27;MÉRU N°13;;19.70;27.80;38.50;56.10;11.60
NEUFCHÂTEL-HARDELOT N°27;NEUFCHÂTEL-EN-BRAY (A28) (péage d'Haudricourt);;14.90;23.40;34.70;53.40;10.00
NEUFCHÂTEL-HARDELOT N°27;POIX-DE-PICARDIE N°13;;11.70;19.00;27.40;37.50;7.40
NEUFCHÂTEL-HARDELOT N°27;SALOUËL N°18;;11.50;17.80;24.00;35.90;7.10
NEUFCHÂTEL-HARDELOT N°27;VALLÉE DE LA NIÈVRE N°21;;9.60;14.70;19.10;28.90;6.00
PARIS / NOISY-LE-GRAND (péage de Coutevroult);BOULAY N°36;;31.00;47.00;71.70;95.50;19.90
PARIS / NOISY-LE-GRAND (péage de Coutevroult);CHÂLONS-EN-CHAMPAGNE / LA VEUVE N°24;;16.50;24.60;36.30;50.00;10.20
PARIS / NOISY-LE-GRAND (péage de Coutevroult);CHARMONT-SOUS-BARBUISE N°22;;24.20;35.60;55.30;72.00;14.10
PARIS / NOISY-LE-GRAND (péage de Coutevroult);CHÂTEAU-THIERRY N°20;;7.00;10.80;16.90;22.40;4.40
PARIS / NOISY-LE-GRAND (péage de Coutevroult);CLERMONT-EN-ARGONNE N°27;;20.70;30.60;46.70;61.30;13.30
PARIS / NOISY-LE-GRAND (péage de Coutevroult);DORMANS N°21;;9.60;14.90;22.40;29.80;6.30
PARIS / NOISY-LE-GRAND (péage de Coutevroult);FAREBERSVILLER N°39;;34.70;54.20;81.80;109.30;22.20
PARIS / NOISY-LE-GRAND (péage de Coutevroult);FRESNES-EN-WOËVRE N°30;;24.80;37.40;55.80;75.50;15.00
PARIS / NOISY-LE-GRAND (péage de Coutevroult);FREYMING-MERLEBACH (A320);;34.30;53.30;80.70;107.90;21.90
PARIS / NOISY-LE-GRAND (péage de Coutevroult);HOCHFELDEN N°45;;42.70;66.40;99.80;132.80;26.30
PARIS / NOISY-LE-GRAND (péage de Coutevroult);JARNY N°31;;26.70;38.90;60.30;77.80;16.40
PARIS / NOISY-LE-GRAND (péage de Coutevroult);MEAUX (A140) / CRECY N°16;;2.40;3.80;6.10;7.70;1.50
PARIS / NOISY-LE-GRAND (péage de Coutevroult);METZ (A31);;29.50;45.00;68.70;91.30;19.00
PARIS / NOISY-LE-GRAND (péage de Coutevroult);MONT-CHOISY N°18;;16.30;25.00;38.30;49.90;9.90
PARIS / NOISY-LE-GRAND (péage de Coutevroult);MONTREUIL-AUX-LIONS N°19;;4.50;7.10;10.70;14.10;2.70
PARIS / NOISY-LE-GRAND (péage de Coutevroult);PHALSBOURG N°43;;39.10;60.50;91.70;123.50;24.70
PARIS / NOISY-LE-GRAND (péage de Coutevroult);PUTTELANGE N°40;;35.30;54.80;82.90;110.90;22.60
PARIS / NOISY-LE-GRAND (péage de Coutevroult);REIMS EST (péage de Taissy);;14.30;21.40;32.40;43.40;8.80
PARIS / NOISY-LE-GRAND (péage de Coutevroult);REIMS NORD (péage d'Ormes);;12.60;18.70;28.60;38.30;7.90
PARIS / NOISY-LE-GRAND (péage de Coutevroult);REIMS OUEST (péage de Thillois) N°22;;12.60;18.90;29.00;38.40;8.00
PARIS / NOISY-LE-GRAND (péage de Coutevroult);REIMS SUD N°23;;12.10;18.10;27.90;37.30;7.90
PARIS / NOISY-LE-GRAND (péage de Coutevroult);SAINT-AVOLD N°37;;34.30;53.30;80.70;107.90;21.90
PARIS / NOISY-LE-GRAND (péage de Coutevroult);SAINT-ÉTIENNE-AU-TEMPLE N°25;;16.60;25.10;37.40;49.50;10.40
PARIS / NOISY-LE-GRAND (péage de Coutevroult);SAINT-GIBRIEN N°17;;16.10;24.90;37.80;49.40;9.50
PARIS / NOISY-LE-GRAND (péage de Coutevroult);SAINTE-MARIE-AUX-CHÊNES N°32;;29.50;45.00;68.70;91.30;19.00
PARIS / NOISY-LE-GRAND (péage de Coutevroult);SAINTE-MENEHOULD N°26;;19.00;28.70;43.80;58.50;12.20
PARIS / NOISY-LE-GRAND (péage de Coutevroult);SARRE-UNION N°42;;37.10;58.10;87.80;118.00;23.60
PARIS / NOISY-LE-GRAND (péage de Coutevroult);SARREGUEMINES N°41;;35.90;55.70;84.40;113.20;22.90
PARIS / NOISY-LE-GRAND (péage de Coutevroult);SAVERNE N°44;;40.30;62.80;93.90;125.70;25.20
PARIS / NOISY-LE-GRAND (péage de Coutevroult);SOMMESOUS N°20;;17.70;27.50;43.90;56.80;11.00
PARIS / NOISY-LE-GRAND (péage de Coutevroult);ST-JEAN-LES-DEUX-JUMEAUX N°18;;3.90;5.90;9.40;11.90;2.60
PARIS / NOISY-LE-GRAND (péage de Coutevroult);STRASBOURG (péage de Schwindratzheim);;44.70;68.80;103.80;138.40;27.70
PARIS / NOISY-LE-GRAND (péage de Coutevroult);VALLÉE DE L'AUBE N°21;;20.10;30.50;48.00;61.10;11.80
PARIS / NOISY-LE-GRAND (péage de Coutevroult);VATRY N°19;;17.00;26.70;42.20;54.90;10.60
PARIS / NOISY-LE-GRAND (péage de Coutevroult);VOIE SACRÉE N°28;;22.70;33.30;49.50;66.50;14.10
PARIS / ROISSY (péage de Chamant);AIRE-SUR-LA-LYS N°4;;22.50;33.20;46.00;62.90;12.40
PARIS / ROISSY (péage de Chamant);ALBERT N°13.1;;12.90;19.00;27.80;39.40;7.70
PARIS / ROISSY (péage de Chamant);AMIENS EST (péage de Jules Verne);;17.70;28.70;43.10;55.60;10.90
PARIS / ROISSY (péage de Chamant);ARRAS EST (A1) N°15;;18.90;27.50;39.80;55.30;11.60
PARIS / ROISSY (péage de Chamant);ARRAS NORD (A26) N°7;;16.60;26.20;35.70;49.40;9.10
PARIS / ROISSY (péage de Chamant);ATHIES N°54;;8.70;12.80;20.00;25.90;5.20
PARIS / ROISSY (péage de Chamant);BAPAUME N°14;;15.60;22.10;32.30;43.90;9.20
PARIS / ROISSY (péage de Chamant);BÉTHUNE N°6;;19.50;28.00;41.10;54.40;11.20
PARIS / ROISSY (péage de Chamant);CALAIS (péage de Setques);;25.20;38.00;54.40;72.50;15.40
PARIS / ROISSY (péage de Chamant);CAMBRAI N°14;;16.30;23.90;36.40;50.20;9.60
PARIS / ROISSY (péage de Chamant);COMPIÈGNE OUEST N°10;;6.20;9.30;14.00;19.20;3.80
PARIS / ROISSY (péage de Chamant);GARE TGV N°53;;10.30;15.20;23.90;33.50;5.90
PARIS / ROISSY (péage de Chamant);GUIGNICOURT N°14;;14.30;22.50;33.90;43.00;8.80
PARIS / ROISSY (péage de Chamant);HORDAIN (péage d'Hordain);;9.40;14.50;21.60;28.70;5.30
PARIS / ROISSY (péage de Chamant);LA FÈRE N°12;;12.60;19.20;27.20;37.90;7.20
PARIS / ROISSY (péage de Chamant);LAON N°13;;12.80;19.20;27.20;38.70;7.90
PARIS / ROISSY (péage de Chamant);LIÉVIN N°6.2;;17.20;27.00;36.60;50.10;9.80
PARIS / ROISSY (péage de Chamant);LILLE / DOURGES (péage de Fresnes);;14.90;21.90;32.20;42.50;7.80
PARIS / ROISSY (péage de Chamant);LILLERS N°5;;20.70;31.20;45.40;61.00;11.80
PARIS / ROISSY (péage de Chamant);MARQUION N°8;;16.10;24.20;32.50;43.90;9.20
PARIS / ROISSY (péage de Chamant);MASNIÈRES N°9;;12.90;21.20;30.60;42.60;8.00
PARIS / ROISSY (péage de Chamant);NŒUX-LES-MINES N°6.1;;18.70;27.70;38.70;51.00;10.70
PARIS / ROISSY (péage de Chamant);PÉRONNE / VALLEE DE LA SOMME N°13;;11.00;16.90;24.80;33.70;6.60
PARIS / ROISSY (péage de Chamant);PONT-SAINTE-MAXENCE N°9;;4.90;7.10;11.10;15.10;2.80
PARIS / ROISSY (péage de Chamant);REIMS (péage de Courcy);;15.90;23.20;38.00;48.90;9.80
PARIS / ROISSY (péage de Chamant);RESSONS N°11;;8.80;12.60;19.90;25.90;5.20
PARIS / ROISSY (péage de Chamant);ROYE N°12;;10.60;15.70;21.90;29.40;5.90
PARIS / ROISSY (péage de Chamant);SAINT-QUENTIN NORD N°10;;12.70;21.00;28.50;36.10;7.50
PARIS / ROISSY (péage de Chamant);SAINT-QUENTIN SUD N°11;;13.60;19.80;29.00;37.10;7.60
PARIS / ROISSY (péage de Chamant);SENLIS N°8;;3.80;5.60;9.10;12.80;2.40
PARIS / ROISSY (péage de Chamant);VILLERS-BRETONNEUX N°52;;11.90;19.00;27.80;38.50;7.30
PÉRONNE / VALLEE DE LA SOMME N°13;AIRE-SUR-LA-LYS N°4;;9.80;14.20;20.90;31.20;5.80
PÉRONNE / VALLEE DE LA SOMME N°13;ALBERT N°13.1;;2.10;3.10;4.50;6.40;1.20
PÉRONNE / VALLEE DE LA SOMME N°13;AMIENS EST (péage de Jules Verne);;10.40;16.80;24.30;33.60;6.50
PÉRONNE / VALLEE DE LA SOMME N°13;ARRAS EST (A1) N°15;;5.50;9.00;13.30;18.90;3.60
PÉRONNE / VALLEE DE LA SOMME N°13;ARRAS NORD (A26) N°7;;5.50;9.00;12.60;18.00;3.60
PÉRONNE / VALLEE DE LA SOMME N°13;ATHIES N°54;;0.30;0.40;0.70;1.20;0.20
PÉRONNE / VALLEE DE LA SOMME N°13;BAPAUME N°14;;3.90;5.80;9.00;12.10;2.10
PÉRONNE / VALLEE DE LA SOMME N°13;BÉTHUNE N°6;;7.20;10.90;16.80;23.00;4.40
PÉRONNE / VALLEE DE LA SOMME N°13;CALAIS (péage de Setques);;12.40;19.00;27.80;38.60;8.30
PÉRONNE / VALLEE DE LA SOMME N°13;CAMBRAI N°14;;4.70;7.60;11.30;15.00;3.00
PÉRONNE / VALLEE DE LA SOMME N°13;COMPIÈGNE OUEST N°10;;5.30;7.80;12.70;16.80;3.10
PÉRONNE / VALLEE DE LA SOMME N°13;GARE TGV N°53;;2.00;2.80;4.80;6.40;1.10
PÉRONNE / VALLEE DE LA SOMME N°13;GUIGNICOURT N°14;;5.80;9.10;14.70;19.00;3.70
PÉRONNE / VALLEE DE LA SOMME N°13;HORDAIN (péage d'Hordain);;1.20;2.10;3.00;4.00;0.80
PÉRONNE / VALLEE DE LA SOMME N°13;LA FÈRE N°12;;3.70;5.70;8.70;11.20;2.40
PÉRONNE / VALLEE DE LA SOMME N°13;LAON N°13;;4.70;7.40;11.40;14.30;2.90
PÉRONNE / VALLEE DE LA SOMME N°13;LIÉVIN N°6.2;;6.40;9.70;13.60;18.70;3.80
PÉRONNE / VALLEE DE LA SOMME N°13;LILLE / DOURGES (péage de Fresnes);;3.40;5.40;8.30;11.20;2.30
PÉRONNE / VALLEE DE LA SOMME N°13;LILLERS N°5;;9.00;13.50;20.40;28.00;5.50
PÉRONNE / VALLEE DE LA SOMME N°13;MARQUION N°8;;4.50;7.20;11.10;14.60;2.80
PÉRONNE / VALLEE DE LA SOMME N°13;MASNIÈRES N°9;;4.50;6.80;9.60;13.50;2.80
PÉRONNE / VALLEE DE LA SOMME N°13;NŒUX-LES-MINES N°6.1;;7.00;10.40;14.30;19.50;4.00
PÉRONNE / VALLEE DE LA SOMME N°13;PARIS / ROISSY (péage de Chamant);;11.00;16.90;24.80;33.70;6.60
PÉRONNE / VALLEE DE LA SOMME N°13;PONT-SAINTE-MAXENCE N°9;;5.80;9.20;13.60;18.60;3.80
PÉRONNE / VALLEE DE LA SOMME N°13;REIMS (péage de Courcy);;8.20;12.40;19.80;24.70;4.90
PÉRONNE / VALLEE DE LA SOMME N°13;RESSONS N°11;;4.20;6.60;9.60;12.40;2.50
PÉRONNE / VALLEE DE LA SOMME N°13;ROYE N°12;;2.40;3.90;6.00;7.80;1.40
PÉRONNE / VALLEE DE LA SOMME N°13;SAINT-QUENTIN NORD N°10;;3.60;4.80;7.70;11.40;2.40
PÉRONNE / VALLEE DE LA SOMME N°13;SAINT-QUENTIN SUD N°11;;3.60;5.20;8.10;10.60;2.40
PÉRONNE / VALLEE DE LA SOMME N°13;SENLIS N°8;;7.30;11.10;16.40;24.00;4.40
PÉRONNE / VALLEE DE LA SOMME N°13;VILLERS-BRETONNEUX N°52;;3.60;5.20;8.10;10.90;2.20
PHALSBOURG N°43;BOULAY N°36;;5.50;8.10;12.50;17.40;3.30
PHALSBOURG N°43;CHÂLONS-EN-CHAMPAGNE / LA VEUVE N°24;;22.50;34.30;50.50;68.50;13.80
PHALSBOURG N°43;CHARMONT-SOUS-BARBUISE N°22;;22.60;34.30;50.60;71.00;13.80
PHALSBOURG N°43;CHÂTEAU-THIERRY N°20;;29.80;45.80;68.50;90.50;18.20
PHALSBOURG N°43;CLERMONT-EN-ARGONNE N°27;;16.40;25.40;38.60;52.60;9.80
PHALSBOURG N°43;DORMANS N°21;;29.20;44.10;66.20;87.30;17.60
PHALSBOURG N°43;FAREBERSVILLER N°39;;2.80;4.40;7.10;9.40;1.50
PHALSBOURG N°43;FRESNES-EN-WOËVRE N°30;;11.60;18.40;27.60;38.90;6.90
PHALSBOURG N°43;FREYMING-MERLEBACH (A320);;4.80;7.20;11.00;15.60;2.80
PHALSBOURG N°43;JARNY N°31;;11.20;17.70;26.30;36.90;6.60
PHALSBOURG N°43;MEAUX (A140) / CRECY N°16;;36.70;56.70;85.60;115.80;23.20
PHALSBOURG N°43;METZ (A31);;9.60;15.50;23.00;32.20;5.70
PHALSBOURG N°43;MONT-CHOISY N°18;;24.70;39.00;61.50;83.10;15.30
PHALSBOURG N°43;MONTREUIL-AUX-LIONS N°19;;32.40;49.60;74.60;96.50;19.70
PHALSBOURG N°43;PARIS / NOISY-LE-GRAND (péage de Coutevroult);;39.10;60.50;91.70;123.50;24.70
PHALSBOURG N°43;PUTTELANGE N°40;;1.30;2.10;2.90;4.30;0.70
PHALSBOURG N°43;REIMS EST (péage de Taissy);;23.80;37.40;59.20;76.50;14.10
PHALSBOURG N°43;REIMS NORD (péage d'Ormes);;26.60;40.80;61.60;81.70;16.20
PHALSBOURG N°43;REIMS OUEST (péage de Thillois) N°22;;28.10;43.10;65.10;86.20;17.40
PHALSBOURG N°43;REIMS SUD N°23;;26.60;40.30;61.40;82.90;16.40
PHALSBOURG N°43;SAINT-AVOLD N°37;;4.80;7.20;11.00;15.60;2.80
PHALSBOURG N°43;SAINT-ÉTIENNE-AU-TEMPLE N°25;;19.90;30.00;46.60;63.80;11.60
PHALSBOURG N°43;SAINT-GIBRIEN N°17;;24.50;39.00;60.10;76.20;14.50
PHALSBOURG N°43;SAINTE-MARIE-AUX-CHÊNES N°32;;9.60;15.50;23.00;32.20;5.70
PHALSBOURG N°43;SAINTE-MENEHOULD N°26;;17.90;27.20;41.60;56.40;10.40
PHALSBOURG N°43;SOMMESOUS N°20;;27.70;43.60;67.50;88.30;16.30
PHALSBOURG N°43;ST-JEAN-LES-DEUX-JUMEAUX N°18;;34.80;53.30;79.30;103.80;21.10
PHALSBOURG N°43;STRASBOURG (péage de Schwindratzheim);;1.40;2.10;2.90;4.30;1.00
PHALSBOURG N°43;VALLÉE DE L'AUBE N°21;;31.70;48.70;75.00;99.80;18.00
PHALSBOURG N°43;VATRY N°19;;26.30;41.40;64.90;84.70;15.80
PHALSBOURG N°43;VERDUN N°29;;13.70;21.90;32.80;44.90;8.20
PHALSBOURG N°43;VOIE SACRÉE N°28;;15.20;24.90;36.70;50.60;8.90
POIX-DE-PICARDIE N°13;ABBEVILLE EST N°22;;6.00;8.90;14.00;20.60;3.60
POIX-DE-PICARDIE N°13;ABBEVILLE NORD N°23;;7.90;11.20;16.90;24.50;4.80
POIX-DE-PICARDIE N°13;AMIENS NORD N°20;;4.10;5.70;9.40;12.00;2.40
POIX-DE-PICARDIE N°13;AMIENS OUEST N°19;;2.50;4.20;5.80;7.30;1.30
POIX-DE-PICARDIE N°13;AMIENS SUD (péage de Dury);;1.70;2.50;3.90;5.10;0.80
POIX-DE-PICARDIE N°13;AUMALE N°12;;12.40;18.00;31.60;39.60;8.00
POIX-DE-PICARDIE N°13;BEAUVAIS CENTRE N°14;;5.70;8.30;15.10;19.00;3.60
POIX-DE-PICARDIE N°13;BEAUVAIS NORD N°15;;4.50;5.60;10.90;12.20;2.60
POIX-DE-PICARDIE N°13;BERCK N°25;;9.90;15.20;23.30;32.10;6.40
POIX-DE-PICARDIE N°13;BOULOGNE EST (péage d'Herquelingue);;14.70;22.40;34.10;46.50;8.60
POIX-DE-PICARDIE N°13;ESSERTAUX N°17;;2.80;4.60;7.10;9.30;1.70
POIX-DE-PICARDIE N°13;ETAPLES / LE TOUQUET N°26;;11.40;16.40;26.30;34.00;6.80
POIX-DE-PICARDIE N°13;HARDIVILLERS N°16;;3.00;4.10;7.30;8.90;1.50
POIX-DE-PICARDIE N°13;L'ISLE-ADAM (péage d'Amblainville);;8.00;10.50;19.30;24.00;4.80
POIX-DE-PICARDIE N°13;LA CÔTE PICARDE N°24;;8.80;13.80;23.10;31.40;5.70
POIX-DE-PICARDIE N°13;MÉRU N°13;;6.30;9.10;16.40;19.50;4.00
POIX-DE-PICARDIE N°13;NEUFCHÂTEL-EN-BRAY (A28) (péage d'Haudricourt);;14.90;21.70;35.00;45.70;8.80
POIX-DE-PICARDIE N°13;NEUFCHÂTEL-HARDELOT N°27;;11.70;19.00;27.40;37.50;7.40
POIX-DE-PICARDIE N°13;SALOUËL N°18;;1.70;2.60;4.00;5.40;0.90
POIX-DE-PICARDIE N°13;VALLÉE DE LA NIÈVRE N°21;;5.40;7.80;12.90;17.20;3.10
PONT-SAINTE-MAXENCE N°9;AIRE-SUR-LA-LYS N°4;;16.40;24.20;36.20;49.30;9.70
PONT-SAINTE-MAXENCE N°9;ALBERT N°13.1;;7.10;11.10;17.00;24.20;4.10
PONT-SAINTE-MAXENCE N°9;AMIENS EST (péage de Jules Verne);;14.70;22.70;34.60;48.90;8.90
PONT-SAINTE-MAXENCE N°9;ARRAS EST (A1) N°15;;12.70;18.40;28.30;39.30;7.70
PONT-SAINTE-MAXENCE N°9;ARRAS NORD (A26) N°7;;11.00;16.80;26.50;36.50;6.50
PONT-SAINTE-MAXENCE N°9;ATHIES N°54;;4.60;6.70;10.90;13.90;2.80
PONT-SAINTE-MAXENCE N°9;BAPAUME N°14;;9.10;13.80;21.90;30.20;5.70
PONT-SAINTE-MAXENCE N°9;BÉTHUNE N°6;;13.70;19.50;28.80;40.40;8.10
PONT-SAINTE-MAXENCE N°9;CALAIS (péage de Setques);;19.00;30.10;42.80;59.60;11.70
PONT-SAINTE-MAXENCE N°9;CAMBRAI N°14;;10.80;16.50;24.40;33.80;6.00
PONT-SAINTE-MAXENCE N°9;COMPIÈGNE OUEST N°10;;1.70;2.40;4.10;5.50;0.90
PONT-SAINTE-MAXENCE N°9;GARE TGV N°53;;6.30;10.00;15.40;21.10;4.00
PONT-SAINTE-MAXENCE N°9;GUIGNICOURT N°14;;9.90;15.60;26.10;34.50;6.30
PONT-SAINTE-MAXENCE N°9;HORDAIN (péage d'Hordain);;5.90;8.20;13.70;18.00;3.60
PONT-SAINTE-MAXENCE N°9;LA FÈRE N°12;;8.60;12.50;18.30;26.70;4.90
PONT-SAINTE-MAXENCE N°9;LAON N°13;;8.90;12.60;20.30;27.00;5.50
PONT-SAINTE-MAXENCE N°9;LIÉVIN N°6.2;;11.80;18.00;27.40;37.40;7.10
PONT-SAINTE-MAXENCE N°9;LILLE / DOURGES (péage de Fresnes);;9.00;14.10;22.30;28.70;5.20
PONT-SAINTE-MAXENCE N°9;LILLERS N°5;;15.30;22.70;32.50;45.60;8.90
PONT-SAINTE-MAXENCE N°9;MARQUION N°8;;10.30;15.80;22.80;31.90;5.70
PONT-SAINTE-MAXENCE N°9;MASNIÈRES N°9;;8.90;13.90;20.70;28.00;5.50
PONT-SAINTE-MAXENCE N°9;NŒUX-LES-MINES N°6.1;;12.60;19.00;28.70;38.90;7.50
PONT-SAINTE-MAXENCE N°9;PARIS / ROISSY (péage de Chamant);;4.90;7.10;11.10;15.10;2.80
PONT-SAINTE-MAXENCE N°9;PÉRONNE / VALLEE DE LA SOMME N°13;;5.80;9.20;13.60;18.60;3.80
PONT-SAINTE-MAXENCE N°9;REIMS (péage de Courcy);;12.50;18.50;27.90;38.40;7.90
PONT-SAINTE-MAXENCE N°9;RESSONS N°11;;3.90;5.80;9.20;12.70;2.10
PONT-SAINTE-MAXENCE N°9;ROYE N°12;;5.30;7.80;12.30;17.20;3.10
PONT-SAINTE-MAXENCE N°9;SAINT-QUENTIN NORD N°10;;8.60;12.30;19.10;27.00;5.30
PONT-SAINTE-MAXENCE N°9;SAINT-QUENTIN SUD N°11;;8.70;13.10;19.10;24.50;5.00
PONT-SAINTE-MAXENCE N°9;SENLIS N°8;;1.90;3.00;4.40;6.50;1.10
PONT-SAINTE-MAXENCE N°9;VILLERS-BRETONNEUX N°52;;8.50;12.50;18.30;26.20;4.90
PUTTELANGE N°40;BOULAY N°36;;1.70;2.40;3.70;4.80;1.20
PUTTELANGE N°40;CHÂLONS-EN-CHAMPAGNE / LA VEUVE N°24;;18.70;28.60;41.70;55.90;11.70
PUTTELANGE N°40;CHARMONT-SOUS-BARBUISE N°22;;18.80;28.60;41.80;58.40;11.70
PUTTELANGE N°40;CHÂTEAU-THIERRY N°20;;26.00;40.10;59.70;77.90;16.10
PUTTELANGE N°40;CLERMONT-EN-ARGONNE N°27;;12.60;19.70;29.80;40.00;7.70
PUTTELANGE N°40;DORMANS N°21;;25.40;38.40;57.40;74.70;15.50
PUTTELANGE N°40;FRESNES-EN-WOËVRE N°30;;7.80;12.70;18.80;26.30;4.80
PUTTELANGE N°40;FREYMING-MERLEBACH (A320);;1.00;1.50;2.20;3.00;0.70
PUTTELANGE N°40;HOCHFELDEN N°45;;4.10;6.60;10.00;13.20;2.30
PUTTELANGE N°40;JARNY N°31;;7.40;12.00;17.50;24.30;4.50
PUTTELANGE N°40;MEAUX (A140) / CRECY N°16;;32.90;51.00;76.80;103.20;21.10
PUTTELANGE N°40;METZ (A31);;5.80;9.80;14.20;19.60;3.60
PUTTELANGE N°40;MONT-CHOISY N°18;;20.90;33.30;52.70;70.50;13.20
PUTTELANGE N°40;MONTREUIL-AUX-LIONS N°19;;28.60;43.90;65.80;83.90;17.60
PUTTELANGE N°40;PARIS / NOISY-LE-GRAND (péage de Coutevroult);;35.30;54.80;82.90;110.90;22.60
PUTTELANGE N°40;PHALSBOURG N°43;;1.30;2.10;2.90;4.30;0.70
PUTTELANGE N°40;REIMS EST (péage de Taissy);;20.00;31.70;50.40;63.90;12.00
PUTTELANGE N°40;REIMS NORD (péage d'Ormes);;22.80;35.10;52.80;69.10;14.10
PUTTELANGE N°40;REIMS OUEST (péage de Thillois) N°22;;24.30;37.40;56.30;73.60;15.30
PUTTELANGE N°40;REIMS SUD N°23;;22.80;34.60;52.60;70.30;14.30
PUTTELANGE N°40;SAINT-AVOLD N°37;;1.00;1.50;2.20;3.00;0.70
PUTTELANGE N°40;SAINT-ÉTIENNE-AU-TEMPLE N°25;;16.10;24.30;37.80;51.20;9.50
PUTTELANGE N°40;SAINT-GIBRIEN N°17;;20.70;33.30;51.30;63.60;12.40
PUTTELANGE N°40;SAINTE-MARIE-AUX-CHÊNES N°32;;5.80;9.80;14.20;19.60;3.60
PUTTELANGE N°40;SAINTE-MENEHOULD N°26;;14.10;21.50;32.80;43.80;8.30
PUTTELANGE N°40;SAVERNE N°44;;2.30;3.30;5.40;7.30;1.60
PUTTELANGE N°40;SOMMESOUS N°20;;23.90;37.90;58.70;75.70;14.20
PUTTELANGE N°40;ST-JEAN-LES-DEUX-JUMEAUX N°18;;31.00;47.60;70.50;91.20;19.00
PUTTELANGE N°40;STRASBOURG (péage de Schwindratzheim);;5.60;8.90;13.40;17.90;3.20
PUTTELANGE N°40;VALLÉE DE L'AUBE N°21;;27.90;43.00;66.20;87.20;15.90
PUTTELANGE N°40;VATRY N°19;;22.50;35.70;56.10;72.10;13.70
PUTTELANGE N°40;VERDUN N°29;;9.90;16.20;24.00;32.30;6.10
PUTTELANGE N°40;VOIE SACRÉE N°28;;11.40;19.20;27.90;38.00;6.80
REIMS EST (péage de Taissy);BOULAY N°36;;15.70;23.90;39.20;48.50;9.30
REIMS EST (péage de Taissy);CHÂLONS-EN-CHAMPAGNE / LA VEUVE N°24;;1.20;1.50;2.50;3.50;0.50
REIMS EST (péage de Taissy);CHARMONT-SOUS-BARBUISE N°22;;6.70;10.20;17.00;22.00;4.10
REIMS EST (péage de Taissy);CHÂTEAU-THIERRY N°20;;4.20;6.10;9.00;12.10;2.60
REIMS EST (péage de Taissy);CLERMONT-EN-ARGONNE N°27;;6.00;9.10;14.60;17.70;3.70
REIMS EST (péage de Taissy);DORMANS N°21;;2.80;4.00;6.10;8.10;1.50
REIMS EST (péage de Taissy);FAREBERSVILLER N°39;;19.40;31.10;49.30;62.30;11.60
REIMS EST (péage de Taissy);FRESNES-EN-WOËVRE N°30;;9.30;13.60;22.50;29.00;5.40
REIMS EST (péage de Taissy);FREYMING-MERLEBACH (A320);;19.00;30.20;48.20;60.90;11.30
REIMS EST (péage de Taissy);HOCHFELDEN N°45;;27.40;43.30;67.30;85.80;15.70
REIMS EST (péage de Taissy);JARNY N°31;;11.70;17.30;27.10;33.10;6.80
REIMS EST (péage de Taissy);MEAUX (A140) / CRECY N°16;;11.90;17.60;26.30;35.70;7.30
REIMS EST (péage de Taissy);METZ (A31);;14.20;21.90;36.20;44.30;8.40
REIMS EST (péage de Taissy);MONT-CHOISY N°18;;0.80;1.00;1.90;2.20;0.50
REIMS EST (péage de Taissy);MONTREUIL-AUX-LIONS N°19;;6.90;10.50;15.50;21.00;4.20
REIMS EST (péage de Taissy);PARIS / NOISY-LE-GRAND (péage de Coutevroult);;14.30;21.40;32.40;43.40;8.80
REIMS EST (péage de Taissy);PHALSBOURG N°43;;23.80;37.40;59.20;76.50;14.10
REIMS EST (péage de Taissy);PUTTELANGE N°40;;20.00;31.70;50.40;63.90;12.00
REIMS EST (péage de Taissy);REIMS NORD (péage d'Ormes);;0.90;1.80;2.50;3.30;0.70
REIMS EST (péage de Taissy);REIMS OUEST (péage de Thillois) N°22;;2.30;3.40;5.10;6.60;1.20
REIMS EST (péage de Taissy);SAINT-AVOLD N°37;;19.00;30.20;48.20;60.90;11.30
REIMS EST (péage de Taissy);SAINT-ÉTIENNE-AU-TEMPLE N°25;;1.70;2.60;4.60;5.90;1.00
REIMS EST (péage de Taissy);SAINTE-MARIE-AUX-CHÊNES N°32;;14.20;21.90;36.20;44.30;8.40
REIMS EST (péage de Taissy);SAINTE-MENEHOULD N°26;;4.70;6.90;10.80;14.40;2.80
REIMS EST (péage de Taissy);SARRE-UNION N°42;;21.80;35.00;55.30;71.00;13.00
REIMS EST (péage de Taissy);SARREGUEMINES N°41;;20.60;32.60;51.90;66.20;12.30
REIMS EST (péage de Taissy);SAVERNE N°44;;25.00;39.70;61.40;78.70;14.60
REIMS EST (péage de Taissy);SOMMESOUS N°20;;2.20;3.70;6.00;7.30;1.40
REIMS EST (péage de Taissy);ST-JEAN-LES-DEUX-JUMEAUX N°18;;9.40;14.00;20.40;27.50;5.70
REIMS EST (péage de Taissy);STRASBOURG (péage de Schwindratzheim);;29.40;45.70;71.30;91.40;17.10
REIMS EST (péage de Taissy);VALLÉE DE L'AUBE N°21;;4.70;7.20;12.00;14.90;2.90
REIMS EST (péage de Taissy);VATRY N°19;;1.90;2.90;5.20;6.40;1.20
REIMS EST (péage de Taissy);VOIE SACRÉE N°28;;7.50;11.30;18.20;22.80;4.30
REIMS NORD (péage d'Ormes);BOULAY N°36;;18.50;27.30;41.60;53.70;11.40
REIMS NORD (péage d'Ormes);CHÂLONS-EN-CHAMPAGNE / LA VEUVE N°24;;2.90;4.50;6.60;9.90;1.80
REIMS NORD (péage d'Ormes);CHARMONT-SOUS-BARBUISE N°22;;11.70;16.70;27.10;34.50;6.30
REIMS NORD (péage d'Ormes);CHÂTEAU-THIERRY N°20;;2.30;3.70;5.40;7.10;1.50
REIMS NORD (péage d'Ormes);CLERMONT-EN-ARGONNE N°27;;7.50;11.00;16.80;21.50;4.70
REIMS NORD (péage d'Ormes);FAREBERSVILLER N°39;;22.20;34.50;51.70;67.50;13.70
REIMS NORD (péage d'Ormes);FRESNES-EN-WOËVRE N°30;;11.60;17.70;25.50;34.10;6.80
REIMS NORD (péage d'Ormes);FREYMING-MERLEBACH (A320);;21.80;33.60;50.60;66.10;13.40
REIMS NORD (péage d'Ormes);HOCHFELDEN N°45;;30.20;46.70;69.70;91.00;17.80
REIMS NORD (péage d'Ormes);JARNY N°31;;13.40;19.20;30.00;36.30;8.40
REIMS NORD (péage d'Ormes);MEAUX (A140) / CRECY N°16;;10.20;14.90;22.50;30.60;6.40
REIMS NORD (péage d'Ormes);METZ (A31);;17.00;25.30;38.60;49.50;10.50
REIMS NORD (péage d'Ormes);MONT-CHOISY N°18;;4.30;6.40;10.00;12.90;2.60
REIMS NORD (péage d'Ormes);MONTREUIL-AUX-LIONS N°19;;4.80;7.60;11.70;15.80;3.10
REIMS NORD (péage d'Ormes);PARIS / NOISY-LE-GRAND (péage de Coutevroult);;12.60;18.70;28.60;38.30;7.90
REIMS NORD (péage d'Ormes);PHALSBOURG N°43;;26.60;40.80;61.60;81.70;16.20
REIMS NORD (péage d'Ormes);PUTTELANGE N°40;;22.80;35.10;52.80;69.10;14.10
REIMS NORD (péage d'Ormes);REIMS EST (péage de Taissy);;0.90;1.80;2.50;3.30;0.70
REIMS NORD (péage d'Ormes);SAINT-AVOLD N°37;;21.80;33.60;50.60;66.10;13.40
REIMS NORD (péage d'Ormes);SAINT-ÉTIENNE-AU-TEMPLE N°25;;3.50;4.90;7.70;9.90;2.10
REIMS NORD (péage d'Ormes);SAINT-GIBRIEN N°17;;3.70;5.10;8.80;11.40;2.30
REIMS NORD (péage d'Ormes);SAINTE-MARIE-AUX-CHÊNES N°32;;17.00;25.30;38.60;49.50;10.50
REIMS NORD (péage d'Ormes);SAINTE-MENEHOULD N°26;;5.80;9.30;13.70;18.40;4.00
REIMS NORD (péage d'Ormes);SARRE-UNION N°42;;24.60;38.40;57.70;76.20;15.10
REIMS NORD (péage d'Ormes);SARREGUEMINES N°41;;23.40;36.00;54.30;71.40;14.40
REIMS NORD (péage d'Ormes);SAVERNE N°44;;27.80;43.10;63.80;83.90;16.70
REIMS NORD (péage d'Ormes);SOMMESOUS N°20;;5.90;9.20;15.60;19.10;3.70
REIMS NORD (péage d'Ormes);ST-JEAN-LES-DEUX-JUMEAUX N°18;;7.40;11.40;16.70;22.10;4.60
REIMS NORD (péage d'Ormes);STRASBOURG (péage de Schwindratzheim);;32.20;49.10;73.70;96.60;19.20
REIMS NORD (péage d'Ormes);VALLÉE DE L'AUBE N°21;;8.30;12.40;19.40;25.00;4.90
REIMS NORD (péage d'Ormes);VATRY N°19;;5.10;7.80;13.70;17.20;3.50
REIMS NORD (péage d'Ormes);VOIE SACRÉE N°28;;9.30;13.70;20.10;25.60;5.40
REIMS OUEST (péage de Thillois) N°22;BOULAY N°36;;20.00;29.60;45.10;58.20;12.60
REIMS OUEST (péage de Thillois) N°22;CHÂLONS-EN-CHAMPAGNE / LA VEUVE N°24;;4.40;6.10;9.30;13.00;2.50
REIMS OUEST (péage de Thillois) N°22;CHARMONT-SOUS-BARBUISE N°22;;13.20;18.80;30.20;38.60;7.10
REIMS OUEST (péage de Thillois) N°22;CHÂTEAU-THIERRY N°20;;2.40;3.70;5.40;7.10;1.50
REIMS OUEST (péage de Thillois) N°22;CLERMONT-EN-ARGONNE N°27;;9.10;13.40;20.20;26.00;5.40
REIMS OUEST (péage de Thillois) N°22;FAREBERSVILLER N°39;;23.70;36.80;55.20;72.00;14.90
REIMS OUEST (péage de Thillois) N°22;FRESNES-EN-WOËVRE N°30;;13.10;20.30;28.70;38.50;7.40
REIMS OUEST (péage de Thillois) N°22;FREYMING-MERLEBACH (A320);;23.30;35.90;54.10;70.60;14.60
REIMS OUEST (péage de Thillois) N°22;HOCHFELDEN N°45;;31.70;49.00;73.20;95.50;19.00
REIMS OUEST (péage de Thillois) N°22;JARNY N°31;;14.80;21.60;33.30;40.20;9.00
REIMS OUEST (péage de Thillois) N°22;MEAUX (A140) / CRECY N°16;;10.20;15.10;22.90;30.70;6.50
REIMS OUEST (péage de Thillois) N°22;METZ (A31);;18.50;27.60;42.10;54.00;11.70
REIMS OUEST (péage de Thillois) N°22;MONT-CHOISY N°18;;5.60;8.20;13.20;16.90;3.10
REIMS OUEST (péage de Thillois) N°22;MONTREUIL-AUX-LIONS N°19;;5.00;7.60;11.80;15.50;3.10
REIMS OUEST (péage de Thillois) N°22;PARIS / NOISY-LE-GRAND (péage de Coutevroult);;12.60;18.90;29.00;38.40;8.00
REIMS OUEST (péage de Thillois) N°22;PHALSBOURG N°43;;28.10;43.10;65.10;86.20;17.40
REIMS OUEST (péage de Thillois) N°22;PUTTELANGE N°40;;24.30;37.40;56.30;73.60;15.30
REIMS OUEST (péage de Thillois) N°22;REIMS EST (péage de Taissy);;2.30;3.40;5.10;6.60;1.20
REIMS OUEST (péage de Thillois) N°22;REIMS SUD N°23;;0.50;0.80;1.20;1.60;0.40
REIMS OUEST (péage de Thillois) N°22;SAINT-AVOLD N°37;;23.30;35.90;54.10;70.60;14.60
REIMS OUEST (péage de Thillois) N°22;SAINT-ÉTIENNE-AU-TEMPLE N°25;;4.50;6.80;10.20;13.30;2.80
REIMS OUEST (péage de Thillois) N°22;SAINT-GIBRIEN N°17;;5.10;7.20;11.40;15.40;2.80
REIMS OUEST (péage de Thillois) N°22;SAINTE-MARIE-AUX-CHÊNES N°32;;18.50;27.60;42.10;54.00;11.70
REIMS OUEST (péage de Thillois) N°22;SAINTE-MENEHOULD N°26;;7.10;11.40;16.70;22.70;4.70
REIMS OUEST (péage de Thillois) N°22;SARRE-UNION N°42;;26.10;40.70;61.20;80.70;16.30
REIMS OUEST (péage de Thillois) N°22;SARREGUEMINES N°41;;24.90;38.30;57.80;75.90;15.60
REIMS OUEST (péage de Thillois) N°22;SAVERNE N°44;;29.30;45.40;67.30;88.40;17.90
REIMS OUEST (péage de Thillois) N°22;SOMMESOUS N°20;;7.50;11.70;18.80;24.20;4.30
REIMS OUEST (péage de Thillois) N°22;ST-JEAN-LES-DEUX-JUMEAUX N°18;;7.30;11.40;16.80;22.40;4.60
REIMS OUEST (péage de Thillois) N°22;STRASBOURG (péage de Schwindratzheim);;33.70;51.40;77.20;101.10;20.40
REIMS OUEST (péage de Thillois) N°22;VALLÉE DE L'AUBE N°21;;9.80;15.00;23.30;29.50;5.50
REIMS OUEST (péage de Thillois) N°22;VATRY N°19;;6.30;10.00;16.50;21.80;4.00
REIMS OUEST (péage de Thillois) N°22;VOIE SACRÉE N°28;;10.60;15.70;23.10;30.20;6.40
REIMS (péage de Courcy);AIRE-SUR-LA-LYS N°4;;22.60;33.90;43.90;65.00;13.80
REIMS (péage de Courcy);ALBERT N°13.1;;9.20;13.60;20.30;27.20;5.60
REIMS (péage de Courcy);AMIENS EST (péage de Jules Verne);;10.90;17.70;24.90;33.90;6.50
REIMS (péage de Courcy);ARRAS EST (A1) N°15;;10.90;16.90;24.00;32.40;6.90
REIMS (péage de Courcy);ARRAS NORD (A26) N°7;;16.60;25.20;36.80;48.60;9.70
REIMS (péage de Courcy);ATHIES N°54;;6.20;9.70;14.70;18.70;3.80
REIMS (péage de Courcy);BAPAUME N°14;;11.30;17.00;25.70;33.40;7.20
REIMS (péage de Courcy);BÉTHUNE N°6;;20.00;28.60;37.60;55.20;11.50
REIMS (péage de Courcy);CALAIS (péage de Setques);;26.60;38.70;53.80;71.90;16.20
REIMS (péage de Courcy);CAMBRAI N°14;;9.10;13.90;19.40;26.20;5.40
REIMS (péage de Courcy);COMPIÈGNE OUEST N°10;;12.10;18.50;27.10;36.00;7.40
REIMS (péage de Courcy);GARE TGV N°53;;7.40;12.00;16.70;23.50;4.50
REIMS (péage de Courcy);GUIGNICOURT N°14;;4.80;7.70;10.90;15.30;2.90
REIMS (péage de Courcy);HORDAIN (péage d'Hordain);;10.50;15.90;23.70;32.00;6.10
REIMS (péage de Courcy);LA FÈRE N°12;;8.60;12.60;17.70;24.60;5.00
REIMS (péage de Courcy);LAON N°13;;6.80;10.30;15.00;19.10;4.10
REIMS (péage de Courcy);LIÉVIN N°6.2;;17.50;26.20;37.50;50.10;10.30
REIMS (péage de Courcy);LILLE / DOURGES (péage de Fresnes);;12.50;19.80;29.20;38.70;7.40
REIMS (péage de Courcy);LILLERS N°5;;21.50;32.00;43.10;61.60;13.10
REIMS (péage de Courcy);MARQUION N°8;;16.10;24.00;35.00;47.60;9.70
REIMS (péage de Courcy);MASNIÈRES N°9;;13.30;20.50;27.20;37.30;8.10
REIMS (péage de Courcy);NŒUX-LES-MINES N°6.1;;18.20;27.10;37.60;50.40;10.70
REIMS (péage de Courcy);PARIS / ROISSY (péage de Chamant);;15.90;23.20;38.00;48.90;9.80
REIMS (péage de Courcy);PÉRONNE / VALLEE DE LA SOMME N°13;;8.20;12.40;19.80;24.70;4.90
REIMS (péage de Courcy);PONT-SAINTE-MAXENCE N°9;;12.50;18.50;27.90;38.40;7.90
REIMS (péage de Courcy);RESSONS N°11;;10.50;15.60;24.60;33.30;6.80
REIMS (péage de Courcy);ROYE N°12;;9.60;14.20;22.70;30.70;5.50
REIMS (péage de Courcy);SAINT-QUENTIN NORD N°10;;11.80;16.90;23.80;32.50;6.70
REIMS (péage de Courcy);SAINT-QUENTIN SUD N°11;;9.80;14.60;19.40;27.20;5.30
REIMS (péage de Courcy);SENLIS N°8;;13.50;20.50;30.20;41.50;8.50
REIMS (péage de Courcy);VILLERS-BRETONNEUX N°52;;9.40;14.20;19.80;27.80;5.40
REIMS SUD N°23;BOULAY N°36;;18.50;26.80;41.40;54.90;11.60
REIMS SUD N°23;CHÂLONS-EN-CHAMPAGNE / LA VEUVE N°24;;3.00;4.60;6.70;10.20;1.80
REIMS SUD N°23;CHARMONT-SOUS-BARBUISE N°22;;11.90;17.20;28.50;36.20;6.60
REIMS SUD N°23;CHÂTEAU-THIERRY N°20;;2.50;3.40;5.10;6.90;1.50
REIMS SUD N°23;CLERMONT-EN-ARGONNE N°27;;8.00;11.70;17.70;22.50;4.70
REIMS SUD N°23;DORMANS N°21;;1.00;1.60;2.30;3.10;0.60
REIMS SUD N°23;FAREBERSVILLER N°39;;22.20;34.00;51.50;68.70;13.90
REIMS SUD N°23;FRESNES-EN-WOËVRE N°30;;11.70;18.40;26.90;35.70;6.80
REIMS SUD N°23;FREYMING-MERLEBACH (A320);;21.80;33.10;50.40;67.30;13.60
REIMS SUD N°23;HOCHFELDEN N°45;;30.20;46.20;69.50;92.20;18.00
REIMS SUD N°23;JARNY N°31;;13.30;20.30;31.00;37.90;8.50
REIMS SUD N°23;MEAUX (A140) / CRECY N°16;;9.70;14.30;21.80;29.60;6.40
REIMS SUD N°23;METZ (A31);;17.00;24.80;38.40;50.70;10.70
REIMS SUD N°23;MONT-CHOISY N°18;;4.60;6.70;10.80;14.20;2.60
REIMS SUD N°23;MONTREUIL-AUX-LIONS N°19;;4.60;7.30;11.30;14.90;3.10
REIMS SUD N°23;PARIS / NOISY-LE-GRAND (péage de Coutevroult);;12.10;18.10;27.90;37.30;7.90
REIMS SUD N°23;PHALSBOURG N°43;;26.60;40.30;61.40;82.90;16.40
REIMS SUD N°23;PUTTELANGE N°40;;22.80;34.60;52.60;70.30;14.30
REIMS SUD N°23;REIMS OUEST (péage de Thillois) N°22;;0.50;0.80;1.20;1.60;0.40
REIMS SUD N°23;SAINT-AVOLD N°37;;21.80;33.10;50.40;67.30;13.60
REIMS SUD N°23;SAINT-ÉTIENNE-AU-TEMPLE N°25;;3.50;5.10;7.90;10.50;2.10
REIMS SUD N°23;SAINT-GIBRIEN N°17;;3.90;5.80;9.40;12.20;2.30
REIMS SUD N°23;SAINTE-MARIE-AUX-CHÊNES N°32;;17.00;24.80;38.40;50.70;10.70
REIMS SUD N°23;SAINTE-MENEHOULD N°26;;6.20;9.60;14.50;19.30;4.00
REIMS SUD N°23;SARRE-UNION N°42;;24.60;37.90;57.50;77.40;15.30
REIMS SUD N°23;SARREGUEMINES N°41;;23.40;35.50;54.10;72.60;14.60
REIMS SUD N°23;SAVERNE N°44;;27.80;42.60;63.60;85.10;16.90
REIMS SUD N°23;SOMMESOUS N°20;;5.80;9.80;16.80;21.00;3.80
REIMS SUD N°23;ST-JEAN-LES-DEUX-JUMEAUX N°18;;7.20;10.90;16.10;21.40;4.60
REIMS SUD N°23;STRASBOURG (péage de Schwindratzheim);;32.20;48.60;73.50;97.80;19.40
REIMS SUD N°23;VALLÉE DE L'AUBE N°21;;8.60;13.50;20.60;26.90;5.00
REIMS SUD N°23;VATRY N°19;;5.20;8.60;14.70;19.00;3.50
REIMS SUD N°23;VOIE SACRÉE N°28;;9.50;14.30;21.10;27.00;5.40
RESSONS N°11;AIRE-SUR-LA-LYS N°4;;13.80;21.70;29.50;43.90;8.00
RESSONS N°11;ALBERT N°13.1;;5.30;7.90;12.70;18.20;3.10
RESSONS N°11;AMIENS EST (péage de Jules Verne);;14.00;20.90;31.40;44.90;7.90
RESSONS N°11;ARRAS EST (A1) N°15;;10.30;14.90;22.80;31.10;5.90
RESSONS N°11;ARRAS NORD (A26) N°7;;9.10;13.30;20.20;28.30;5.20
RESSONS N°11;ATHIES N°54;;3.00;4.40;6.70;8.40;1.70
RESSONS N°11;BAPAUME N°14;;7.20;11.20;17.70;22.20;4.60
RESSONS N°11;BÉTHUNE N°6;;11.00;17.50;23.70;36.60;6.80
RESSONS N°11;CALAIS (péage de Setques);;17.70;27.50;38.00;48.90;10.30
RESSONS N°11;CAMBRAI N°14;;9.00;13.80;19.80;27.70;4.90
RESSONS N°11;COMPIÈGNE OUEST N°10;;2.90;4.60;7.10;10.00;1.70
RESSONS N°11;GARE TGV N°53;;4.70;6.90;11.50;15.70;2.90
RESSONS N°11;GUIGNICOURT N°14;;8.60;12.80;21.40;27.80;5.10
RESSONS N°11;HORDAIN (péage d'Hordain);;4.20;5.20;9.20;11.80;2.50
RESSONS N°11;LA FÈRE N°12;;6.10;9.10;15.10;19.10;3.80
RESSONS N°11;LAON N°13;;7.10;10.30;16.40;22.30;4.30
RESSONS N°11;LIÉVIN N°6.2;;9.60;13.70;21.30;28.90;5.50
RESSONS N°11;LILLE / DOURGES (péage de Fresnes);;6.80;9.90;16.10;22.90;4.10
RESSONS N°11;LILLERS N°5;;12.50;19.90;27.20;37.60;7.50
RESSONS N°11;MARQUION N°8;;8.50;12.30;18.60;24.60;4.80
RESSONS N°11;MASNIÈRES N°9;;7.30;11.40;16.70;21.10;4.40
RESSONS N°11;NŒUX-LES-MINES N°6.1;;10.20;14.80;22.00;29.50;5.80
RESSONS N°11;PARIS / ROISSY (péage de Chamant);;8.80;12.60;19.90;25.90;5.20
RESSONS N°11;PÉRONNE / VALLEE DE LA SOMME N°13;;4.20;6.60;9.60;12.40;2.50
RESSONS N°11;PONT-SAINTE-MAXENCE N°9;;3.90;5.80;9.20;12.70;2.10
RESSONS N°11;REIMS (péage de Courcy);;10.50;15.60;24.60;33.30;6.80
RESSONS N°11;ROYE N°12;;3.80;5.40;8.50;11.10;1.90
RESSONS N°11;SAINT-QUENTIN NORD N°10;;6.70;10.60;16.50;22.10;4.00
RESSONS N°11;SAINT-QUENTIN SUD N°11;;6.80;9.50;15.00;19.20;4.00
RESSONS N°11;SENLIS N°8;;6.00;8.90;12.00;17.60;3.40
RESSONS N°11;VILLERS-BRETONNEUX N°52;;6.50;10.10;14.80;20.60;3.80
ROYE N°12;AIRE-SUR-LA-LYS N°4;;11.70;17.50;26.90;39.00;7.20
ROYE N°12;ALBERT N°13.1;;4.00;5.80;9.60;13.00;2.30
ROYE N°12;AMIENS EST (péage de Jules Verne);;12.60;19.80;29.10;40.70;7.20
ROYE N°12;ARRAS EST (A1) N°15;;8.50;12.30;18.80;26.40;5.00
ROYE N°12;ARRAS NORD (A26) N°7;;7.90;12.10;18.10;25.00;4.40
ROYE N°12;ATHIES N°54;;1.30;2.00;3.30;4.50;0.60
ROYE N°12;BAPAUME N°14;;5.70;8.90;13.40;18.40;3.50
ROYE N°12;BÉTHUNE N°6;;9.60;14.70;21.80;28.00;5.60
ROYE N°12;CALAIS (péage de Setques);;15.00;24.00;34.00;45.50;9.00
ROYE N°12;CAMBRAI N°14;;7.40;10.70;16.10;21.50;4.40
ROYE N°12;COMPIÈGNE OUEST N°10;;4.60;7.10;10.70;14.90;2.60
ROYE N°12;GARE TGV N°53;;3.00;4.30;7.50;9.60;1.70
ROYE N°12;GUIGNICOURT N°14;;7.20;10.80;18.00;23.50;4.30
ROYE N°12;HORDAIN (péage d'Hordain);;2.20;3.20;5.00;7.50;1.20
ROYE N°12;LA FÈRE N°12;;4.60;7.00;10.70;15.10;2.60
ROYE N°12;LAON N°13;;5.80;8.40;13.20;18.00;3.60
ROYE N°12;LIÉVIN N°6.2;;8.50;12.20;18.30;25.60;4.90
ROYE N°12;LILLE / DOURGES (péage de Fresnes);;5.10;8.00;13.20;16.10;3.00
ROYE N°12;LILLERS N°5;;11.10;15.50;25.10;36.80;6.50
ROYE N°12;MARQUION N°8;;6.00;9.90;15.10;19.50;4.00
ROYE N°12;MASNIÈRES N°9;;6.20;8.90;12.90;17.30;3.60
ROYE N°12;NŒUX-LES-MINES N°6.1;;8.70;13.30;18.80;26.70;5.10
ROYE N°12;PARIS / ROISSY (péage de Chamant);;10.60;15.70;21.90;29.40;5.90
ROYE N°12;PÉRONNE / VALLEE DE LA SOMME N°13;;2.40;3.90;6.00;7.80;1.40
ROYE N°12;PONT-SAINTE-MAXENCE N°9;;5.30;7.80;12.30;17.20;3.10
ROYE N°12;REIMS (péage de Courcy);;9.60;14.20;22.70;30.70;5.50
ROYE N°12;RESSONS N°11;;3.80;5.40;8.50;11.10;1.90
ROYE N°12;SAINT-QUENTIN NORD N°10;;5.10;8.00;12.50;14.40;3.20
ROYE N°12;SAINT-QUENTIN SUD N°11;;4.80;7.90;10.80;14.30;3.00
ROYE N°12;SENLIS N°8;;7.00;10.50;15.70;22.80;4.40
ROYE N°12;VILLERS-BRETONNEUX N°52;;4.50;6.80;10.60;14.40;2.70
SAINT-AVOLD N°37;CHÂLONS-EN-CHAMPAGNE / LA VEUVE N°24;;17.70;27.10;39.50;52.90;11.00
SAINT-AVOLD N°37;CHARMONT-SOUS-BARBUISE N°22;;17.80;27.10;39.60;55.40;11.00
SAINT-AVOLD N°37;CHÂTEAU-THIERRY N°20;;25.00;38.60;57.50;74.90;15.40
SAINT-AVOLD N°37;CLERMONT-EN-ARGONNE N°27;;11.60;18.20;27.60;37.00;7.00
SAINT-AVOLD N°37;DORMANS N°21;;24.40;36.90;55.20;71.70;14.80
SAINT-AVOLD N°37;FAREBERSVILLER N°39;;0.40;0.90;1.10;1.40;0.30
SAINT-AVOLD N°37;FRESNES-EN-WOËVRE N°30;;6.80;11.20;16.60;23.30;4.10
SAINT-AVOLD N°37;HOCHFELDEN N°45;;8.40;13.10;19.10;24.90;4.40
SAINT-AVOLD N°37;JARNY N°31;;6.40;10.50;15.30;21.30;3.80
SAINT-AVOLD N°37;MEAUX (A140) / CRECY N°16;;31.90;49.50;74.60;100.20;20.40
SAINT-AVOLD N°37;METZ (A31);;4.80;8.30;12.00;16.60;2.90
SAINT-AVOLD N°37;MONT-CHOISY N°18;;19.90;31.80;50.50;67.50;12.50
SAINT-AVOLD N°37;MONTREUIL-AUX-LIONS N°19;;27.60;42.40;63.60;80.90;16.90
SAINT-AVOLD N°37;PARIS / NOISY-LE-GRAND (péage de Coutevroult);;34.30;53.30;80.70;107.90;21.90
SAINT-AVOLD N°37;PHALSBOURG N°43;;4.80;7.20;11.00;15.60;2.80
SAINT-AVOLD N°37;PUTTELANGE N°40;;1.00;1.50;2.20;3.00;0.70
SAINT-AVOLD N°37;REIMS EST (péage de Taissy);;19.00;30.20;48.20;60.90;11.30
SAINT-AVOLD N°37;REIMS NORD (péage d'Ormes);;21.80;33.60;50.60;66.10;13.40
SAINT-AVOLD N°37;REIMS OUEST (péage de Thillois) N°22;;23.30;35.90;54.10;70.60;14.60
SAINT-AVOLD N°37;REIMS SUD N°23;;21.80;33.10;50.40;67.30;13.60
SAINT-AVOLD N°37;SAINT-ÉTIENNE-AU-TEMPLE N°25;;15.10;22.80;35.60;48.20;8.80
SAINT-AVOLD N°37;SAINT-GIBRIEN N°17;;19.70;31.80;49.10;60.60;11.70
SAINT-AVOLD N°37;SAINTE-MARIE-AUX-CHÊNES N°32;;4.80;8.30;12.00;16.60;2.90
SAINT-AVOLD N°37;SAINTE-MENEHOULD N°26;;13.10;20.00;30.60;40.80;7.60
SAINT-AVOLD N°37;SARRE-UNION N°42;;2.80;4.80;7.10;10.10;1.70
SAINT-AVOLD N°37;SARREGUEMINES N°41;;1.60;2.40;3.70;5.30;1.00
SAINT-AVOLD N°37;SAVERNE N°44;;6.00;9.50;13.20;17.80;3.30
SAINT-AVOLD N°37;SOMMESOUS N°20;;22.90;36.40;56.50;72.70;13.50
SAINT-AVOLD N°37;ST-JEAN-LES-DEUX-JUMEAUX N°18;;30.00;46.10;68.30;88.20;18.30
SAINT-AVOLD N°37;STRASBOURG (péage de Schwindratzheim);;10.40;15.50;23.10;30.50;5.80
SAINT-AVOLD N°37;VALLÉE DE L'AUBE N°21;;26.90;41.50;64.00;84.20;15.20
SAINT-AVOLD N°37;VATRY N°19;;21.50;34.20;53.90;69.10;13.00
SAINT-AVOLD N°37;VERDUN N°29;;8.90;14.70;21.80;29.30;5.40
SAINT-AVOLD N°37;VOIE SACRÉE N°28;;10.40;17.70;25.70;35.00;6.10
SAINT-ÉTIENNE-AU-TEMPLE N°25;BOULAY N°36;;11.80;16.50;26.60;35.80;6.80
SAINT-ÉTIENNE-AU-TEMPLE N°25;CHARMONT-SOUS-BARBUISE N°22;;0.80;1.00;1.30;1.50;0.50
SAINT-ÉTIENNE-AU-TEMPLE N°25;CHÂTEAU-THIERRY N°20;;6.50;9.90;14.60;19.10;4.10
SAINT-ÉTIENNE-AU-TEMPLE N°25;CLERMONT-EN-ARGONNE N°27;;1.20;2.00;3.00;4.30;0.70
SAINT-ÉTIENNE-AU-TEMPLE N°25;DORMANS N°21;;5.50;7.60;11.90;15.30;3.10
SAINT-ÉTIENNE-AU-TEMPLE N°25;FAREBERSVILLER N°39;;15.50;23.70;36.70;49.60;9.10
SAINT-ÉTIENNE-AU-TEMPLE N°25;FRESNES-EN-WOËVRE N°30;;4.60;7.30;12.00;16.50;2.80
SAINT-ÉTIENNE-AU-TEMPLE N°25;FREYMING-MERLEBACH (A320);;15.10;22.80;35.60;48.20;8.80
SAINT-ÉTIENNE-AU-TEMPLE N°25;HOCHFELDEN N°45;;23.50;35.90;54.70;73.10;13.20
SAINT-ÉTIENNE-AU-TEMPLE N°25;JARNY N°31;;6.90;10.40;15.70;20.30;4.20
SAINT-ÉTIENNE-AU-TEMPLE N°25;MEAUX (A140) / CRECY N°16;;14.20;21.30;31.30;41.80;8.90
SAINT-ÉTIENNE-AU-TEMPLE N°25;METZ (A31);;10.30;14.50;23.60;31.60;5.90
SAINT-ÉTIENNE-AU-TEMPLE N°25;MONT-CHOISY N°18;;3.70;5.60;10.10;13.30;2.50
SAINT-ÉTIENNE-AU-TEMPLE N°25;MONTREUIL-AUX-LIONS N°19;;8.90;14.00;20.70;27.20;5.90
SAINT-ÉTIENNE-AU-TEMPLE N°25;PARIS / NOISY-LE-GRAND (péage de Coutevroult);;16.60;25.10;37.40;49.50;10.40
SAINT-ÉTIENNE-AU-TEMPLE N°25;PHALSBOURG N°43;;19.90;30.00;46.60;63.80;11.60
SAINT-ÉTIENNE-AU-TEMPLE N°25;PUTTELANGE N°40;;16.10;24.30;37.80;51.20;9.50
SAINT-ÉTIENNE-AU-TEMPLE N°25;REIMS EST (péage de Taissy);;1.70;2.60;4.60;5.90;1.00
SAINT-ÉTIENNE-AU-TEMPLE N°25;REIMS NORD (péage d'Ormes);;3.50;4.90;7.70;9.90;2.10
SAINT-ÉTIENNE-AU-TEMPLE N°25;REIMS OUEST (péage de Thillois) N°22;;4.50;6.80;10.20;13.30;2.80
SAINT-ÉTIENNE-AU-TEMPLE N°25;REIMS SUD N°23;;3.50;5.10;7.90;10.50;2.10
SAINT-ÉTIENNE-AU-TEMPLE N°25;SAINT-AVOLD N°37;;15.10;22.80;35.60;48.20;8.80
SAINT-ÉTIENNE-AU-TEMPLE N°25;SAINT-GIBRIEN N°17;;2.30;3.60;6.40;8.10;1.30
SAINT-ÉTIENNE-AU-TEMPLE N°25;SAINTE-MARIE-AUX-CHÊNES N°32;;10.30;14.50;23.60;31.60;5.90
SAINT-ÉTIENNE-AU-TEMPLE N°25;SARRE-UNION N°42;;17.90;27.60;42.70;58.30;10.50
SAINT-ÉTIENNE-AU-TEMPLE N°25;SARREGUEMINES N°41;;16.70;25.20;39.30;53.50;9.80
SAINT-ÉTIENNE-AU-TEMPLE N°25;SAVERNE N°44;;21.10;32.30;48.80;66.00;12.10
SAINT-ÉTIENNE-AU-TEMPLE N°25;SOMMESOUS N°20;;5.90;9.00;15.60;19.50;3.80
SAINT-ÉTIENNE-AU-TEMPLE N°25;ST-JEAN-LES-DEUX-JUMEAUX N°18;;11.60;17.40;24.70;33.60;6.80
SAINT-ÉTIENNE-AU-TEMPLE N°25;STRASBOURG (péage de Schwindratzheim);;25.50;38.30;58.70;78.70;14.60
SAINT-ÉTIENNE-AU-TEMPLE N°25;VALLÉE DE L'AUBE N°21;;7.50;12.10;20.70;27.10;4.80
SAINT-ÉTIENNE-AU-TEMPLE N°25;VATRY N°19;;4.10;6.20;11.30;14.50;2.70
SAINT-ÉTIENNE-AU-TEMPLE N°25;VOIE SACRÉE N°28;;2.20;3.90;6.30;8.90;1.50
SAINT-GIBRIEN N°17;BOULAY N°36;;16.40;25.50;40.10;48.20;9.70
SAINT-GIBRIEN N°17;CHÂLONS-EN-CHAMPAGNE / LA VEUVE N°24;;1.50;2.30;4.40;5.70;0.80
SAINT-GIBRIEN N°17;CHARMONT-SOUS-BARBUISE N°22;;5.60;8.90;15.30;19.20;3.60
SAINT-GIBRIEN N°17;CHÂTEAU-THIERRY N°20;;6.40;9.30;15.30;19.50;4.00
SAINT-GIBRIEN N°17;CLERMONT-EN-ARGONNE N°27;;6.40;9.60;16.10;20.80;4.00
SAINT-GIBRIEN N°17;DORMANS N°21;;5.50;7.80;12.30;16.50;3.10
SAINT-GIBRIEN N°17;FAREBERSVILLER N°39;;20.10;32.70;50.20;62.00;12.00
SAINT-GIBRIEN N°17;FRESNES-EN-WOËVRE N°30;;10.40;14.70;22.90;32.80;5.70
SAINT-GIBRIEN N°17;FREYMING-MERLEBACH (A320);;19.70;31.80;49.10;60.60;11.70
SAINT-GIBRIEN N°17;HOCHFELDEN N°45;;28.10;44.90;68.20;85.50;16.10
SAINT-GIBRIEN N°17;JARNY N°31;;12.20;18.50;29.00;36.90;7.50
SAINT-GIBRIEN N°17;MEAUX (A140) / CRECY N°16;;13.70;21.10;31.70;41.70;8.00
SAINT-GIBRIEN N°17;METZ (A31);;14.90;23.50;37.10;44.00;8.80
SAINT-GIBRIEN N°17;MONTREUIL-AUX-LIONS N°19;;8.70;13.50;20.70;26.80;5.40
SAINT-GIBRIEN N°17;PARIS / NOISY-LE-GRAND (péage de Coutevroult);;16.10;24.90;37.80;49.40;9.50
SAINT-GIBRIEN N°17;PHALSBOURG N°43;;24.50;39.00;60.10;76.20;14.50
SAINT-GIBRIEN N°17;PUTTELANGE N°40;;20.70;33.30;51.30;63.60;12.40
SAINT-GIBRIEN N°17;REIMS NORD (péage d'Ormes);;3.70;5.10;8.80;11.40;2.30
SAINT-GIBRIEN N°17;REIMS OUEST (péage de Thillois) N°22;;5.10;7.20;11.40;15.40;2.80
SAINT-GIBRIEN N°17;REIMS SUD N°23;;3.90;5.80;9.40;12.20;2.30
SAINT-GIBRIEN N°17;SAINT-AVOLD N°37;;19.70;31.80;49.10;60.60;11.70
SAINT-GIBRIEN N°17;SAINT-ÉTIENNE-AU-TEMPLE N°25;;2.30;3.60;6.40;8.10;1.30
SAINT-GIBRIEN N°17;SAINTE-MARIE-AUX-CHÊNES N°32;;14.90;23.50;37.10;44.00;8.80
SAINT-GIBRIEN N°17;SAINTE-MENEHOULD N°26;;4.80;7.20;12.70;17.30;3.00
SAINT-GIBRIEN N°17;SARRE-UNION N°42;;22.50;36.60;56.20;70.70;13.40
SAINT-GIBRIEN N°17;SARREGUEMINES N°41;;21.30;34.20;52.80;65.90;12.70
SAINT-GIBRIEN N°17;SAVERNE N°44;;25.70;41.30;62.30;78.40;15.00
SAINT-GIBRIEN N°17;SOMMESOUS N°20;;1.70;2.70;4.40;5.90;1.10
SAINT-GIBRIEN N°17;ST-JEAN-LES-DEUX-JUMEAUX N°18;;10.90;15.70;25.70;32.40;6.30
SAINT-GIBRIEN N°17;STRASBOURG (péage de Schwindratzheim);;30.10;47.30;72.20;91.10;17.50
SAINT-GIBRIEN N°17;VALLÉE DE L'AUBE N°21;;4.00;6.00;9.70;12.50;2.40
SAINT-GIBRIEN N°17;VATRY N°19;;1.30;2.00;3.40;4.20;0.80
SAINT-GIBRIEN N°17;VOIE SACRÉE N°28;;7.90;12.10;18.60;25.50;4.50
SAINT-QUENTIN NORD N°10;AIRE-SUR-LA-LYS N°4;;11.70;18.80;26.20;37.10;7.70
SAINT-QUENTIN NORD N°10;ALBERT N°13.1;;2.80;4.10;7.10;9.00;1.50
SAINT-QUENTIN NORD N°10;AMIENS EST (péage de Jules Verne);;7.40;11.10;16.20;22.50;4.10
SAINT-QUENTIN NORD N°10;ARRAS EST (A1) N°15;;3.50;4.70;6.70;10.00;1.70
SAINT-QUENTIN NORD N°10;ARRAS NORD (A26) N°7;;7.10;11.40;15.20;21.10;4.30
SAINT-QUENTIN NORD N°10;ATHIES N°54;;3.70;5.20;7.40;11.00;2.40
SAINT-QUENTIN NORD N°10;BAPAUME N°14;;4.10;5.90;9.90;13.20;2.50
SAINT-QUENTIN NORD N°10;BÉTHUNE N°6;;9.30;13.60;19.00;27.00;5.30
SAINT-QUENTIN NORD N°10;CALAIS (péage de Setques);;15.40;23.20;32.70;42.50;9.70
SAINT-QUENTIN NORD N°10;CAMBRAI N°14;;1.20;1.70;2.60;3.40;0.50
SAINT-QUENTIN NORD N°10;COMPIÈGNE OUEST N°10;;8.40;11.20;17.50;24.10;5.10
SAINT-QUENTIN NORD N°10;GARE TGV N°53;;4.10;5.60;8.80;11.70;2.50
SAINT-QUENTIN NORD N°10;GUIGNICOURT N°14;;8.30;11.80;17.20;24.00;4.60
SAINT-QUENTIN NORD N°10;HORDAIN (péage d'Hordain);;2.30;3.80;5.00;7.10;1.50
SAINT-QUENTIN NORD N°10;LA FÈRE N°12;;4.20;6.10;9.10;12.10;2.40
SAINT-QUENTIN NORD N°10;LAON N°13;;5.80;9.20;12.90;16.20;3.20
SAINT-QUENTIN NORD N°10;LIÉVIN N°6.2;;7.60;12.20;16.10;21.90;4.70
SAINT-QUENTIN NORD N°10;LILLE / DOURGES (péage de Fresnes);;4.60;7.20;9.50;13.20;2.60
SAINT-QUENTIN NORD N°10;LILLERS N°5;;11.00;16.70;24.30;30.30;6.70
SAINT-QUENTIN NORD N°10;MARQUION N°8;;6.20;9.50;13.60;17.30;3.60
SAINT-QUENTIN NORD N°10;MASNIÈRES N°9;;3.20;4.80;7.40;10.10;1.80
SAINT-QUENTIN NORD N°10;NŒUX-LES-MINES N°6.1;;8.00;12.60;17.20;22.60;4.70
SAINT-QUENTIN NORD N°10;PARIS / ROISSY (péage de Chamant);;12.70;21.00;28.50;36.10;7.50
SAINT-QUENTIN NORD N°10;PÉRONNE / VALLEE DE LA SOMME N°13;;3.60;4.80;7.70;11.40;2.40
SAINT-QUENTIN NORD N°10;PONT-SAINTE-MAXENCE N°9;;8.60;12.30;19.10;27.00;5.30
SAINT-QUENTIN NORD N°10;REIMS (péage de Courcy);;11.80;16.90;23.80;32.50;6.70
SAINT-QUENTIN NORD N°10;RESSONS N°11;;6.70;10.60;16.50;22.10;4.00
SAINT-QUENTIN NORD N°10;ROYE N°12;;5.10;8.00;12.50;14.40;3.20
SAINT-QUENTIN NORD N°10;SAINT-QUENTIN SUD N°11;;2.50;4.00;5.70;7.90;1.50
SAINT-QUENTIN NORD N°10;SENLIS N°8;;9.80;14.20;21.30;28.30;5.80
SAINT-QUENTIN NORD N°10;VILLERS-BRETONNEUX N°52;;5.50;8.50;14.00;18.20;3.20
SAINT-QUENTIN SUD N°11;AIRE-SUR-LA-LYS N°4;;12.40;19.40;26.90;38.90;8.50
SAINT-QUENTIN SUD N°11;ALBERT N°13.1;;4.50;6.80;9.90;13.30;2.80
SAINT-QUENTIN SUD N°11;AMIENS EST (péage de Jules Verne);;6.50;10.50;15.10;20.70;4.10
SAINT-QUENTIN SUD N°11;ARRAS EST (A1) N°15;;5.40;8.40;12.60;16.70;3.50
SAINT-QUENTIN SUD N°11;ARRAS NORD (A26) N°7;;7.90;11.70;17.70;23.70;4.70
SAINT-QUENTIN SUD N°11;ATHIES N°54;;1.80;3.30;4.50;6.30;1.20
SAINT-QUENTIN SUD N°11;BAPAUME N°14;;6.10;9.50;14.40;19.00;3.80
SAINT-QUENTIN SUD N°11;BÉTHUNE N°6;;9.60;14.70;21.10;30.40;5.90
SAINT-QUENTIN SUD N°11;CALAIS (péage de Setques);;15.90;23.90;34.60;46.80;9.80
SAINT-QUENTIN SUD N°11;CAMBRAI N°14;;3.10;5.10;6.80;9.90;1.90
SAINT-QUENTIN SUD N°11;COMPIÈGNE OUEST N°10;;8.00;11.50;16.20;23.00;4.50
SAINT-QUENTIN SUD N°11;GARE TGV N°53;;3.10;4.80;6.90;10.10;2.00
SAINT-QUENTIN SUD N°11;GUIGNICOURT N°14;;6.20;10.10;13.30;18.50;3.80
SAINT-QUENTIN SUD N°11;HORDAIN (péage d'Hordain);;4.90;7.10;10.50;14.40;2.60
SAINT-QUENTIN SUD N°11;LA FÈRE N°12;;2.00;3.30;4.40;6.30;1.00
SAINT-QUENTIN SUD N°11;LAON N°13;;3.90;5.40;7.80;10.60;1.90
SAINT-QUENTIN SUD N°11;LIÉVIN N°6.2;;8.10;12.60;18.00;25.70;5.00
SAINT-QUENTIN SUD N°11;LILLE / DOURGES (péage de Fresnes);;7.00;10.60;15.80;20.80;4.10
SAINT-QUENTIN SUD N°11;LILLERS N°5;;11.60;18.00;24.30;36.20;7.40
SAINT-QUENTIN SUD N°11;MARQUION N°8;;7.00;11.20;15.30;21.40;4.20
SAINT-QUENTIN SUD N°11;MASNIÈRES N°9;;4.00;6.20;9.30;12.90;2.40
SAINT-QUENTIN SUD N°11;NŒUX-LES-MINES N°6.1;;8.90;13.50;18.50;27.40;5.00
SAINT-QUENTIN SUD N°11;PARIS / ROISSY (péage de Chamant);;13.60;19.80;29.00;37.10;7.60
SAINT-QUENTIN SUD N°11;PÉRONNE / VALLEE DE LA SOMME N°13;;3.60;5.20;8.10;10.60;2.40
SAINT-QUENTIN SUD N°11;PONT-SAINTE-MAXENCE N°9;;8.70;13.10;19.10;24.50;5.00
SAINT-QUENTIN SUD N°11;REIMS (péage de Courcy);;9.80;14.60;19.40;27.20;5.30
SAINT-QUENTIN SUD N°11;RESSONS N°11;;6.80;9.50;15.00;19.20;4.00
SAINT-QUENTIN SUD N°11;ROYE N°12;;4.80;7.90;10.80;14.30;3.00
SAINT-QUENTIN SUD N°11;SAINT-QUENTIN NORD N°10;;2.50;4.00;5.70;7.90;1.50
SAINT-QUENTIN SUD N°11;SENLIS N°8;;10.10;13.80;21.20;31.90;5.70
SAINT-QUENTIN SUD N°11;VILLERS-BRETONNEUX N°52;;4.80;7.60;11.40;15.00;2.80
SAINTE-MARIE-AUX-CHÊNES N°32;BOULAY N°36;;1.50;2.00;3.00;4.20;0.90
SAINTE-MARIE-AUX-CHÊNES N°32;CHÂLONS-EN-CHAMPAGNE / LA VEUVE N°24;;12.90;18.80;27.50;36.30;8.10
SAINTE-MARIE-AUX-CHÊNES N°32;CHARMONT-SOUS-BARBUISE N°22;;13.00;18.80;27.60;38.80;8.10
SAINTE-MARIE-AUX-CHÊNES N°32;CHÂTEAU-THIERRY N°20;;20.20;30.30;45.50;58.30;12.50
SAINTE-MARIE-AUX-CHÊNES N°32;CLERMONT-EN-ARGONNE N°27;;6.80;9.90;15.60;20.40;4.10
SAINTE-MARIE-AUX-CHÊNES N°32;DORMANS N°21;;19.60;28.60;43.20;55.10;11.90
SAINTE-MARIE-AUX-CHÊNES N°32;FAREBERSVILLER N°39;;5.20;9.20;13.10;18.00;3.20
SAINTE-MARIE-AUX-CHÊNES N°32;FRESNES-EN-WOËVRE N°30;;2.00;2.90;4.60;6.70;1.20
SAINTE-MARIE-AUX-CHÊNES N°32;FREYMING-MERLEBACH (A320);;4.80;8.30;12.00;16.60;2.90
SAINTE-MARIE-AUX-CHÊNES N°32;HOCHFELDEN N°45;;13.20;21.40;31.10;41.50;7.30
SAINTE-MARIE-AUX-CHÊNES N°32;MEAUX (A140) / CRECY N°16;;27.10;41.20;62.60;83.60;17.50
SAINTE-MARIE-AUX-CHÊNES N°32;MONT-CHOISY N°18;;15.10;23.50;38.50;50.90;9.60
SAINTE-MARIE-AUX-CHÊNES N°32;MONTREUIL-AUX-LIONS N°19;;22.80;34.10;51.60;64.30;14.00
SAINTE-MARIE-AUX-CHÊNES N°32;PARIS / NOISY-LE-GRAND (péage de Coutevroult);;29.50;45.00;68.70;91.30;19.00
SAINTE-MARIE-AUX-CHÊNES N°32;PHALSBOURG N°43;;9.60;15.50;23.00;32.20;5.70
SAINTE-MARIE-AUX-CHÊNES N°32;PUTTELANGE N°40;;5.80;9.80;14.20;19.60;3.60
SAINTE-MARIE-AUX-CHÊNES N°32;REIMS EST (péage de Taissy);;14.20;21.90;36.20;44.30;8.40
SAINTE-MARIE-AUX-CHÊNES N°32;REIMS NORD (péage d'Ormes);;17.00;25.30;38.60;49.50;10.50
SAINTE-MARIE-AUX-CHÊNES N°32;REIMS OUEST (péage de Thillois) N°22;;18.50;27.60;42.10;54.00;11.70
SAINTE-MARIE-AUX-CHÊNES N°32;REIMS SUD N°23;;17.00;24.80;38.40;50.70;10.70
SAINTE-MARIE-AUX-CHÊNES N°32;SAINT-AVOLD N°37;;4.80;8.30;12.00;16.60;2.90
SAINTE-MARIE-AUX-CHÊNES N°32;SAINT-ÉTIENNE-AU-TEMPLE N°25;;10.30;14.50;23.60;31.60;5.90
SAINTE-MARIE-AUX-CHÊNES N°32;SAINT-GIBRIEN N°17;;14.90;23.50;37.10;44.00;8.80
SAINTE-MARIE-AUX-CHÊNES N°32;SAINTE-MENEHOULD N°26;;8.30;11.70;18.60;24.20;4.70
SAINTE-MARIE-AUX-CHÊNES N°32;SARRE-UNION N°42;;7.60;13.10;19.10;26.70;4.60
SAINTE-MARIE-AUX-CHÊNES N°32;SARREGUEMINES N°41;;6.40;10.70;15.70;21.90;3.90
SAINTE-MARIE-AUX-CHÊNES N°32;SAVERNE N°44;;10.80;17.80;25.20;34.40;6.20
SAINTE-MARIE-AUX-CHÊNES N°32;SOMMESOUS N°20;;18.10;28.10;44.50;56.10;10.60
SAINTE-MARIE-AUX-CHÊNES N°32;ST-JEAN-LES-DEUX-JUMEAUX N°18;;25.20;37.80;56.30;71.60;15.40
SAINTE-MARIE-AUX-CHÊNES N°32;STRASBOURG (péage de Schwindratzheim);;15.20;23.80;35.10;47.10;8.70
SAINTE-MARIE-AUX-CHÊNES N°32;VALLÉE DE L'AUBE N°21;;22.10;33.20;52.00;67.60;12.30
SAINTE-MARIE-AUX-CHÊNES N°32;VATRY N°19;;16.70;25.90;41.90;52.50;10.10
SAINTE-MARIE-AUX-CHÊNES N°32;VERDUN N°29;;4.10;6.40;9.80;12.70;2.50
SAINTE-MARIE-AUX-CHÊNES N°32;VOIE SACRÉE N°28;;5.60;9.40;13.70;18.40;3.20
SAINTE-MENEHOULD N°26;BOULAY N°36;;9.80;13.70;21.60;28.40;5.60
SAINTE-MENEHOULD N°26;CHÂLONS-EN-CHAMPAGNE / LA VEUVE N°24;;2.20;3.90;5.60;7.10;1.40
SAINTE-MENEHOULD N°26;CHARMONT-SOUS-BARBUISE N°22;;2.50;4.60;6.60;8.40;1.90
SAINTE-MENEHOULD N°26;CHÂTEAU-THIERRY N°20;;8.80;14.20;20.40;27.70;6.00
SAINTE-MENEHOULD N°26;DORMANS N°21;;7.90;12.20;17.90;24.60;5.00
SAINTE-MENEHOULD N°26;FAREBERSVILLER N°39;;13.50;20.90;31.70;42.20;7.90
SAINTE-MENEHOULD N°26;FRESNES-EN-WOËVRE N°30;;3.20;4.60;7.80;10.10;1.90
SAINTE-MENEHOULD N°26;FREYMING-MERLEBACH (A320);;13.10;20.00;30.60;40.80;7.60
SAINTE-MENEHOULD N°26;HOCHFELDEN N°45;;21.50;33.10;49.70;65.70;12.00
SAINTE-MENEHOULD N°26;JARNY N°31;;5.10;7.40;12.20;15.20;3.10
SAINTE-MENEHOULD N°26;MEAUX (A140) / CRECY N°16;;16.60;24.90;37.70;50.80;10.70
SAINTE-MENEHOULD N°26;METZ (A31);;8.30;11.70;18.60;24.20;4.70
SAINTE-MENEHOULD N°26;MONT-CHOISY N°18;;6.30;9.50;15.80;21.80;3.80
SAINTE-MENEHOULD N°26;MONTREUIL-AUX-LIONS N°19;;11.70;18.10;26.60;36.40;7.60
SAINTE-MENEHOULD N°26;PARIS / NOISY-LE-GRAND (péage de Coutevroult);;19.00;28.70;43.80;58.50;12.20
SAINTE-MENEHOULD N°26;PHALSBOURG N°43;;17.90;27.20;41.60;56.40;10.40
SAINTE-MENEHOULD N°26;PUTTELANGE N°40;;14.10;21.50;32.80;43.80;8.30
SAINTE-MENEHOULD N°26;REIMS EST (péage de Taissy);;4.70;6.90;10.80;14.40;2.80
SAINTE-MENEHOULD N°26;REIMS NORD (péage d'Ormes);;5.80;9.30;13.70;18.40;4.00
SAINTE-MENEHOULD N°26;REIMS OUEST (péage de Thillois) N°22;;7.10;11.40;16.70;22.70;4.70
SAINTE-MENEHOULD N°26;REIMS SUD N°23;;6.20;9.60;14.50;19.30;4.00
SAINTE-MENEHOULD N°26;SAINT-AVOLD N°37;;13.10;20.00;30.60;40.80;7.60
SAINTE-MENEHOULD N°26;SAINT-GIBRIEN N°17;;4.80;7.20;12.70;17.30;3.00
SAINTE-MENEHOULD N°26;SAINTE-MARIE-AUX-CHÊNES N°32;;8.30;11.70;18.60;24.20;4.70
SAINTE-MENEHOULD N°26;SARRE-UNION N°42;;15.90;24.80;37.70;50.90;9.30
SAINTE-MENEHOULD N°26;SARREGUEMINES N°41;;14.70;22.40;34.30;46.10;8.60
SAINTE-MENEHOULD N°26;SAVERNE N°44;;19.10;29.50;43.80;58.60;10.90
SAINTE-MENEHOULD N°26;SOMMESOUS N°20;;8.40;12.10;21.20;27.20;5.30
SAINTE-MENEHOULD N°26;ST-JEAN-LES-DEUX-JUMEAUX N°18;;14.20;21.00;31.60;42.50;9.00
SAINTE-MENEHOULD N°26;STRASBOURG (péage de Schwindratzheim);;23.50;35.50;53.70;71.30;13.40
SAINTE-MENEHOULD N°26;VALLÉE DE L'AUBE N°21;;9.80;15.90;26.70;34.90;6.30
SAINTE-MENEHOULD N°26;VATRY N°19;;6.70;10.30;18.10;22.30;4.20
SAINTE-MENEHOULD N°26;VOIE SACRÉE N°28;;0.90;1.50;2.20;3.20;0.50
SALOUËL N°18;ABBEVILLE EST N°22;;5.10;7.70;10.80;15.20;2.90
SALOUËL N°18;ABBEVILLE NORD N°23;;7.20;10.40;14.40;20.20;4.20
SALOUËL N°18;AMIENS NORD N°20;;2.80;4.20;5.60;7.80;1.40
SALOUËL N°18;AMIENS OUEST N°19;;0.90;1.50;2.40;3.00;0.60
SALOUËL N°18;AMIENS SUD (péage de Dury);;1.00;1.40;2.50;2.90;0.70
SALOUËL N°18;AUMALE N°12;;3.40;5.10;7.60;10.10;2.10
SALOUËL N°18;BEAUVAIS CENTRE N°14;;5.80;7.50;13.40;16.30;3.60
SALOUËL N°18;BEAUVAIS NORD N°15;;4.90;6.70;12.10;14.70;2.90
SALOUËL N°18;BERCK N°25;;9.90;15.00;21.40;29.70;6.10
SALOUËL N°18;BOULOGNE EST (péage d'Herquelingue);;13.90;21.20;28.70;40.30;8.80
SALOUËL N°18;ESSERTAUX N°17;;1.70;2.30;4.00;5.10;0.80
SALOUËL N°18;ETAPLES / LE TOUQUET N°26;;11.10;16.50;22.30;33.00;6.60
SALOUËL N°18;HARDIVILLERS N°16;;2.90;4.20;6.70;8.90;1.70
SALOUËL N°18;L'ISLE-ADAM (péage d'Amblainville);;9.70;13.40;22.90;29.60;6.00
SALOUËL N°18;LA CÔTE PICARDE N°24;;9.30;13.70;17.80;26.50;5.70
SALOUËL N°18;MÉRU N°13;;7.10;9.50;16.70;19.80;4.20
SALOUËL N°18;NEUFCHÂTEL-EN-BRAY (A28) (péage d'Haudricourt);;5.20;7.90;12.00;15.20;3.60
SALOUËL N°18;NEUFCHÂTEL-HARDELOT N°27;;11.50;17.80;24.00;35.90;7.10
SALOUËL N°18;POIX-DE-PICARDIE N°13;;1.70;2.60;4.00;5.40;0.90
SALOUËL N°18;VALLÉE DE LA NIÈVRE N°21;;4.20;6.70;9.30;12.90;2.50
SARRE-UNION N°42;BOULAY N°36;;3.50;5.70;8.60;11.90;2.20
SARRE-UNION N°42;CHÂLONS-EN-CHAMPAGNE / LA VEUVE N°24;;20.50;31.90;46.60;63.00;12.70
SARRE-UNION N°42;CHARMONT-SOUS-BARBUISE N°22;;20.60;31.90;46.70;65.50;12.70
SARRE-UNION N°42;CHÂTEAU-THIERRY N°20;;27.80;43.40;64.60;85.00;17.10
SARRE-UNION N°42;CLERMONT-EN-ARGONNE N°27;;14.40;23.00;34.70;47.10;8.70
SARRE-UNION N°42;DORMANS N°21;;27.20;41.70;62.30;81.80;16.50
SARRE-UNION N°42;FAREBERSVILLER N°39;;1.20;1.70;3.00;4.20;0.80
SARRE-UNION N°42;FRESNES-EN-WOËVRE N°30;;9.60;16.00;23.70;33.40;5.80
SARRE-UNION N°42;FREYMING-MERLEBACH (A320);;2.80;4.80;7.10;10.10;1.70
SARRE-UNION N°42;HOCHFELDEN N°45;;1.10;2.30;3.70;5.10;0.50
SARRE-UNION N°42;JARNY N°31;;9.20;15.30;22.40;31.40;5.50
SARRE-UNION N°42;MEAUX (A140) / CRECY N°16;;34.70;54.30;81.70;110.30;22.10
SARRE-UNION N°42;METZ (A31);;7.60;13.10;19.10;26.70;4.60
SARRE-UNION N°42;MONT-CHOISY N°18;;22.70;36.60;57.60;77.60;14.20
SARRE-UNION N°42;MONTREUIL-AUX-LIONS N°19;;30.40;47.20;70.70;91.00;18.60
SARRE-UNION N°42;PARIS / NOISY-LE-GRAND (péage de Coutevroult);;37.10;58.10;87.80;118.00;23.60
SARRE-UNION N°42;REIMS EST (péage de Taissy);;21.80;35.00;55.30;71.00;13.00
SARRE-UNION N°42;REIMS NORD (péage d'Ormes);;24.60;38.40;57.70;76.20;15.10
SARRE-UNION N°42;REIMS OUEST (péage de Thillois) N°22;;26.10;40.70;61.20;80.70;16.30
SARRE-UNION N°42;REIMS SUD N°23;;24.60;37.90;57.50;77.40;15.30
SARRE-UNION N°42;SAINT-AVOLD N°37;;2.80;4.80;7.10;10.10;1.70
SARRE-UNION N°42;SAINT-ÉTIENNE-AU-TEMPLE N°25;;17.90;27.60;42.70;58.30;10.50
SARRE-UNION N°42;SAINT-GIBRIEN N°17;;22.50;36.60;56.20;70.70;13.40
SARRE-UNION N°42;SAINTE-MARIE-AUX-CHÊNES N°32;;7.60;13.10;19.10;26.70;4.60
SARRE-UNION N°42;SAINTE-MENEHOULD N°26;;15.90;24.80;37.70;50.90;9.30
SARRE-UNION N°42;SOMMESOUS N°20;;25.70;41.20;63.60;82.80;15.20
SARRE-UNION N°42;ST-JEAN-LES-DEUX-JUMEAUX N°18;;32.80;50.90;75.40;98.30;20.00
SARRE-UNION N°42;STRASBOURG (péage de Schwindratzheim);;2.50;4.40;6.70;9.50;1.50
SARRE-UNION N°42;VALLÉE DE L'AUBE N°21;;29.70;46.30;71.10;94.30;16.90
SARRE-UNION N°42;VATRY N°19;;24.30;39.00;61.00;79.20;14.70
SARRE-UNION N°42;VERDUN N°29;;11.70;19.50;28.90;39.40;7.10
SARRE-UNION N°42;VOIE SACRÉE N°28;;13.20;22.50;32.80;45.10;7.80
SARREGUEMINES N°41;BOULAY N°36;;2.30;3.30;5.20;7.10;1.50
SARREGUEMINES N°41;CHÂLONS-EN-CHAMPAGNE / LA VEUVE N°24;;19.30;29.50;43.20;58.20;12.00
SARREGUEMINES N°41;CHARMONT-SOUS-BARBUISE N°22;;19.40;29.50;43.30;60.70;12.00
SARREGUEMINES N°41;CHÂTEAU-THIERRY N°20;;26.60;41.00;61.20;80.20;16.40
SARREGUEMINES N°41;CLERMONT-EN-ARGONNE N°27;;13.20;20.60;31.30;42.30;8.00
SARREGUEMINES N°41;DORMANS N°21;;26.00;39.30;58.90;77.00;15.80
SARREGUEMINES N°41;FRESNES-EN-WOËVRE N°30;;8.40;13.60;20.30;28.60;5.10
SARREGUEMINES N°41;FREYMING-MERLEBACH (A320);;1.60;2.40;3.70;5.30;1.00
SARREGUEMINES N°41;HOCHFELDEN N°45;;2.50;3.90;6.60;9.10;1.40
SARREGUEMINES N°41;JARNY N°31;;8.00;12.90;19.00;26.60;4.80
SARREGUEMINES N°41;MEAUX (A140) / CRECY N°16;;33.50;51.90;78.30;105.50;21.40
SARREGUEMINES N°41;METZ (A31);;6.40;10.70;15.70;21.90;3.90
SARREGUEMINES N°41;MONT-CHOISY N°18;;21.50;34.20;54.20;72.80;13.50
SARREGUEMINES N°41;MONTREUIL-AUX-LIONS N°19;;29.20;44.80;67.30;86.20;17.90
SARREGUEMINES N°41;PARIS / NOISY-LE-GRAND (péage de Coutevroult);;35.90;55.70;84.40;113.20;22.90
SARREGUEMINES N°41;REIMS EST (péage de Taissy);;20.60;32.60;51.90;66.20;12.30
SARREGUEMINES N°41;REIMS NORD (péage d'Ormes);;23.40;36.00;54.30;71.40;14.40
SARREGUEMINES N°41;REIMS OUEST (péage de Thillois) N°22;;24.90;38.30;57.80;75.90;15.60
SARREGUEMINES N°41;REIMS SUD N°23;;23.40;35.50;54.10;72.60;14.60
SARREGUEMINES N°41;SAINT-AVOLD N°37;;1.60;2.40;3.70;5.30;1.00
SARREGUEMINES N°41;SAINT-ÉTIENNE-AU-TEMPLE N°25;;16.70;25.20;39.30;53.50;9.80
SARREGUEMINES N°41;SAINT-GIBRIEN N°17;;21.30;34.20;52.80;65.90;12.70
SARREGUEMINES N°41;SAINTE-MARIE-AUX-CHÊNES N°32;;6.40;10.70;15.70;21.90;3.90
SARREGUEMINES N°41;SAINTE-MENEHOULD N°26;;14.70;22.40;34.30;46.10;8.60
SARREGUEMINES N°41;SAVERNE N°44;;0.90;1.40;1.90;2.70;0.80
SARREGUEMINES N°41;SOMMESOUS N°20;;24.50;38.80;60.20;78.00;14.50
SARREGUEMINES N°41;ST-JEAN-LES-DEUX-JUMEAUX N°18;;31.60;48.50;72.00;93.50;19.30
SARREGUEMINES N°41;STRASBOURG (péage de Schwindratzheim);;4.00;6.20;9.80;13.60;2.70
SARREGUEMINES N°41;VALLÉE DE L'AUBE N°21;;28.50;43.90;67.70;89.50;16.20
SARREGUEMINES N°41;VATRY N°19;;23.10;36.60;57.60;74.40;14.00
SARREGUEMINES N°41;VERDUN N°29;;10.50;17.10;25.50;34.60;6.40
SARREGUEMINES N°41;VOIE SACRÉE N°28;;12.00;20.10;29.40;40.30;7.10
SAVERNE N°44;BOULAY N°36;;6.70;10.40;14.70;19.60;3.80
SAVERNE N°44;CHÂLONS-EN-CHAMPAGNE / LA VEUVE N°24;;23.70;36.60;52.70;70.70;14.30
SAVERNE N°44;CHARMONT-SOUS-BARBUISE N°22;;23.80;36.60;52.80;73.20;14.30
SAVERNE N°44;CHÂTEAU-THIERRY N°20;;31.00;48.10;70.70;92.70;18.70
SAVERNE N°44;CLERMONT-EN-ARGONNE N°27;;17.60;27.70;40.80;54.80;10.30
SAVERNE N°44;DORMANS N°21;;30.40;46.40;68.40;89.50;18.10
SAVERNE N°44;FAREBERSVILLER N°39;;4.00;5.80;9.00;11.90;2.50
SAVERNE N°44;FRESNES-EN-WOËVRE N°30;;12.80;20.70;29.80;41.10;7.40
SAVERNE N°44;FREYMING-MERLEBACH (A320);;6.00;9.50;13.20;17.80;3.30
SAVERNE N°44;JARNY N°31;;12.40;20.00;28.50;39.10;7.10
SAVERNE N°44;MEAUX (A140) / CRECY N°16;;37.90;59.00;87.80;118.00;23.70
SAVERNE N°44;METZ (A31);;10.80;17.80;25.20;34.40;6.20
SAVERNE N°44;MONT-CHOISY N°18;;25.90;41.30;63.70;85.30;15.80
SAVERNE N°44;MONTREUIL-AUX-LIONS N°19;;33.60;51.90;76.80;98.70;20.20
SAVERNE N°44;PARIS / NOISY-LE-GRAND (péage de Coutevroult);;40.30;62.80;93.90;125.70;25.20
SAVERNE N°44;PUTTELANGE N°40;;2.30;3.30;5.40;7.30;1.60
SAVERNE N°44;REIMS EST (péage de Taissy);;25.00;39.70;61.40;78.70;14.60
SAVERNE N°44;REIMS NORD (péage d'Ormes);;27.80;43.10;63.80;83.90;16.70
SAVERNE N°44;REIMS OUEST (péage de Thillois) N°22;;29.30;45.40;67.30;88.40;17.90
SAVERNE N°44;REIMS SUD N°23;;27.80;42.60;63.60;85.10;16.90
SAVERNE N°44;SAINT-AVOLD N°37;;6.00;9.50;13.20;17.80;3.30
SAVERNE N°44;SAINT-ÉTIENNE-AU-TEMPLE N°25;;21.10;32.30;48.80;66.00;12.10
SAVERNE N°44;SAINT-GIBRIEN N°17;;25.70;41.30;62.30;78.40;15.00
SAVERNE N°44;SAINTE-MARIE-AUX-CHÊNES N°32;;10.80;17.80;25.20;34.40;6.20
SAVERNE N°44;SAINTE-MENEHOULD N°26;;19.10;29.50;43.80;58.60;10.90
SAVERNE N°44;SARREGUEMINES N°41;;0.90;1.40;1.90;2.70;0.80
SAVERNE N°44;SOMMESOUS N°20;;28.90;45.90;69.70;90.50;16.80
SAVERNE N°44;ST-JEAN-LES-DEUX-JUMEAUX N°18;;36.00;55.60;81.50;106.00;21.60
SAVERNE N°44;VALLÉE DE L'AUBE N°21;;32.90;51.00;77.20;102.00;18.50
SAVERNE N°44;VATRY N°19;;27.50;43.70;67.10;86.90;16.30
SAVERNE N°44;VERDUN N°29;;14.90;24.20;35.00;47.10;8.70
SAVERNE N°44;VOIE SACRÉE N°28;;16.40;27.20;38.90;52.80;9.40
SENLIS N°8;AIRE-SUR-LA-LYS N°4;;18.20;28.10;38.00;53.90;10.80
SENLIS N°8;ALBERT N°13.1;;8.80;13.40;19.40;28.40;5.40
SENLIS N°8;AMIENS EST (péage de Jules Verne);;15.10;22.80;35.30;50.30;9.90
SENLIS N°8;ARRAS EST (A1) N°15;;14.60;21.10;31.60;44.90;8.90
SENLIS N°8;ARRAS NORD (A26) N°7;;12.90;20.30;30.20;37.50;7.40
SENLIS N°8;ATHIES N°54;;5.90;8.90;14.30;18.00;3.60
SENLIS N°8;BAPAUME N°14;;11.50;15.90;25.90;35.20;6.80
SENLIS N°8;BÉTHUNE N°6;;15.10;22.70;33.30;45.40;8.80
SENLIS N°8;CALAIS (péage de Setques);;20.20;31.80;48.00;65.50;12.50
SENLIS N°8;CAMBRAI N°14;;12.90;19.40;28.40;38.90;7.50
SENLIS N°8;COMPIÈGNE OUEST N°10;;3.10;4.70;7.40;10.30;1.80
SENLIS N°8;GARE TGV N°53;;8.20;12.00;19.10;25.60;4.90
SENLIS N°8;GUIGNICOURT N°14;;11.70;15.70;27.40;36.00;6.80
SENLIS N°8;HORDAIN (péage d'Hordain);;6.90;9.70;14.60;23.00;4.30
SENLIS N°8;LA FÈRE N°12;;9.40;13.80;21.40;30.70;5.70
SENLIS N°8;LAON N°13;;10.50;13.90;23.80;31.70;6.30
SENLIS N°8;LIÉVIN N°6.2;;13.20;20.70;30.90;38.70;7.90
SENLIS N°8;LILLE / DOURGES (péage de Fresnes);;10.40;16.30;25.70;33.00;6.10
SENLIS N°8;LILLERS N°5;;16.90;26.20;36.20;52.60;10.00
SENLIS N°8;MARQUION N°8;;12.10;18.90;28.10;35.20;7.10
SENLIS N°8;MASNIÈRES N°9;;10.30;16.20;23.80;33.90;6.30
SENLIS N°8;NŒUX-LES-MINES N°6.1;;14.40;21.20;31.90;41.00;8.30
SENLIS N°8;PARIS / ROISSY (péage de Chamant);;3.80;5.60;9.10;12.80;2.40
SENLIS N°8;PÉRONNE / VALLEE DE LA SOMME N°13;;7.30;11.10;16.40;24.00;4.40
SENLIS N°8;PONT-SAINTE-MAXENCE N°9;;1.90;3.00;4.40;6.50;1.10
SENLIS N°8;REIMS (péage de Courcy);;13.50;20.50;30.20;41.50;8.50
SENLIS N°8;RESSONS N°11;;6.00;8.90;12.00;17.60;3.40
SENLIS N°8;ROYE N°12;;7.00;10.50;15.70;22.80;4.40
SENLIS N°8;SAINT-QUENTIN NORD N°10;;9.80;14.20;21.30;28.30;5.80
SENLIS N°8;SAINT-QUENTIN SUD N°11;;10.10;13.80;21.20;31.90;5.70
SENLIS N°8;VILLERS-BRETONNEUX N°52;;9.80;15.40;22.60;31.50;5.80
SOMMESOUS N°20;BOULAY N°36;;19.60;30.10;47.50;60.30;11.50
SOMMESOUS N°20;CHÂLONS-EN-CHAMPAGNE / LA VEUVE N°24;;5.60;8.90;14.70;16.80;3.40
SOMMESOUS N°20;CHARMONT-SOUS-BARBUISE N°22;;1.20;2.10;3.20;4.20;0.80
SOMMESOUS N°20;CHÂTEAU-THIERRY N°20;;8.60;13.40;22.00;27.20;5.40
SOMMESOUS N°20;CLERMONT-EN-ARGONNE N°27;;9.50;14.40;24.30;30.70;6.30
SOMMESOUS N°20;DORMANS N°21;;8.00;11.90;19.80;24.50;4.50
SOMMESOUS N°20;FAREBERSVILLER N°39;;23.30;37.30;57.60;74.10;13.80
SOMMESOUS N°20;FRESNES-EN-WOËVRE N°30;;13.80;19.70;33.00;42.00;8.20
SOMMESOUS N°20;FREYMING-MERLEBACH (A320);;22.90;36.40;56.50;72.70;13.50
SOMMESOUS N°20;HOCHFELDEN N°45;;31.30;49.50;75.60;97.60;17.90
SOMMESOUS N°20;JARNY N°31;;14.40;22.90;37.00;46.10;9.00
SOMMESOUS N°20;MEAUX (A140) / CRECY N°16;;15.30;23.70;37.80;49.10;9.50
SOMMESOUS N°20;METZ (A31);;18.10;28.10;44.50;56.10;10.60
SOMMESOUS N°20;MONT-CHOISY N°18;;0.30;0.50;0.70;0.90;0.20
SOMMESOUS N°20;MONTREUIL-AUX-LIONS N°19;;10.80;16.70;27.90;34.90;6.80
SOMMESOUS N°20;PARIS / NOISY-LE-GRAND (péage de Coutevroult);;17.70;27.50;43.90;56.80;11.00
SOMMESOUS N°20;PHALSBOURG N°43;;27.70;43.60;67.50;88.30;16.30
SOMMESOUS N°20;PUTTELANGE N°40;;23.90;37.90;58.70;75.70;14.20
SOMMESOUS N°20;REIMS EST (péage de Taissy);;2.20;3.70;6.00;7.30;1.40
SOMMESOUS N°20;REIMS NORD (péage d'Ormes);;5.90;9.20;15.60;19.10;3.70
SOMMESOUS N°20;REIMS OUEST (péage de Thillois) N°22;;7.50;11.70;18.80;24.20;4.30
SOMMESOUS N°20;REIMS SUD N°23;;5.80;9.80;16.80;21.00;3.80
SOMMESOUS N°20;SAINT-AVOLD N°37;;22.90;36.40;56.50;72.70;13.50
SOMMESOUS N°20;SAINT-ÉTIENNE-AU-TEMPLE N°25;;5.90;9.00;15.60;19.50;3.80
SOMMESOUS N°20;SAINT-GIBRIEN N°17;;1.70;2.70;4.40;5.90;1.10
SOMMESOUS N°20;SAINTE-MARIE-AUX-CHÊNES N°32;;18.10;28.10;44.50;56.10;10.60
SOMMESOUS N°20;SAINTE-MENEHOULD N°26;;8.40;12.10;21.20;27.20;5.30
SOMMESOUS N°20;SARRE-UNION N°42;;25.70;41.20;63.60;82.80;15.20
SOMMESOUS N°20;SARREGUEMINES N°41;;24.50;38.80;60.20;78.00;14.50
SOMMESOUS N°20;SAVERNE N°44;;28.90;45.90;69.70;90.50;16.80
SOMMESOUS N°20;ST-JEAN-LES-DEUX-JUMEAUX N°18;;13.20;20.00;32.50;40.40;8.20
SOMMESOUS N°20;STRASBOURG (péage de Schwindratzheim);;33.30;51.90;79.60;103.20;19.30
SOMMESOUS N°20;VOIE SACRÉE N°28;;11.40;15.70;26.50;35.00;6.90
ST-JEAN-LES-DEUX-JUMEAUX N°18;BOULAY N°36;;26.70;39.80;59.30;75.80;16.30
ST-JEAN-LES-DEUX-JUMEAUX N°18;CHÂLONS-EN-CHAMPAGNE / LA VEUVE N°24;;11.00;17.00;24.50;33.60;6.80
ST-JEAN-LES-DEUX-JUMEAUX N°18;CHARMONT-SOUS-BARBUISE N°22;;19.60;28.30;43.80;55.90;11.10
ST-JEAN-LES-DEUX-JUMEAUX N°18;CHÂTEAU-THIERRY N°20;;2.10;3.30;4.70;6.50;1.00
ST-JEAN-LES-DEUX-JUMEAUX N°18;CLERMONT-EN-ARGONNE N°27;;15.20;22.90;33.10;44.80;9.30
ST-JEAN-LES-DEUX-JUMEAUX N°18;DORMANS N°21;;4.60;7.20;10.50;13.80;2.90
ST-JEAN-LES-DEUX-JUMEAUX N°18;FAREBERSVILLER N°39;;30.40;47.00;69.40;89.60;18.60
ST-JEAN-LES-DEUX-JUMEAUX N°18;FRESNES-EN-WOËVRE N°30;;20.40;30.00;43.80;58.00;11.90
ST-JEAN-LES-DEUX-JUMEAUX N°18;FREYMING-MERLEBACH (A320);;30.00;46.10;68.30;88.20;18.30
ST-JEAN-LES-DEUX-JUMEAUX N°18;HOCHFELDEN N°45;;38.40;59.20;87.40;113.10;22.70
ST-JEAN-LES-DEUX-JUMEAUX N°18;JARNY N°31;;21.30;31.90;47.20;58.10;13.10
ST-JEAN-LES-DEUX-JUMEAUX N°18;MEAUX (A140) / CRECY N°16;;1.50;2.10;3.30;4.20;1.10
ST-JEAN-LES-DEUX-JUMEAUX N°18;METZ (A31);;25.20;37.80;56.30;71.60;15.40
ST-JEAN-LES-DEUX-JUMEAUX N°18;MONT-CHOISY N°18;;11.70;17.70;26.70;34.40;6.80
ST-JEAN-LES-DEUX-JUMEAUX N°18;PARIS / NOISY-LE-GRAND (péage de Coutevroult);;3.90;5.90;9.40;11.90;2.60
ST-JEAN-LES-DEUX-JUMEAUX N°18;PHALSBOURG N°43;;34.80;53.30;79.30;103.80;21.10
ST-JEAN-LES-DEUX-JUMEAUX N°18;PUTTELANGE N°40;;31.00;47.60;70.50;91.20;19.00
ST-JEAN-LES-DEUX-JUMEAUX N°18;REIMS EST (péage de Taissy);;9.40;14.00;20.40;27.50;5.70
ST-JEAN-LES-DEUX-JUMEAUX N°18;REIMS NORD (péage d'Ormes);;7.40;11.40;16.70;22.10;4.60
ST-JEAN-LES-DEUX-JUMEAUX N°18;REIMS OUEST (péage de Thillois) N°22;;7.30;11.40;16.80;22.40;4.60
ST-JEAN-LES-DEUX-JUMEAUX N°18;REIMS SUD N°23;;7.20;10.90;16.10;21.40;4.60
ST-JEAN-LES-DEUX-JUMEAUX N°18;SAINT-AVOLD N°37;;30.00;46.10;68.30;88.20;18.30
ST-JEAN-LES-DEUX-JUMEAUX N°18;SAINT-ÉTIENNE-AU-TEMPLE N°25;;11.60;17.40;24.70;33.60;6.80
ST-JEAN-LES-DEUX-JUMEAUX N°18;SAINT-GIBRIEN N°17;;10.90;15.70;25.70;32.40;6.30
ST-JEAN-LES-DEUX-JUMEAUX N°18;SAINTE-MARIE-AUX-CHÊNES N°32;;25.20;37.80;56.30;71.60;15.40
ST-JEAN-LES-DEUX-JUMEAUX N°18;SAINTE-MENEHOULD N°26;;14.20;21.00;31.60;42.50;9.00
ST-JEAN-LES-DEUX-JUMEAUX N°18;SARRE-UNION N°42;;32.80;50.90;75.40;98.30;20.00
ST-JEAN-LES-DEUX-JUMEAUX N°18;SARREGUEMINES N°41;;31.60;48.50;72.00;93.50;19.30
ST-JEAN-LES-DEUX-JUMEAUX N°18;SAVERNE N°44;;36.00;55.60;81.50;106.00;21.60
ST-JEAN-LES-DEUX-JUMEAUX N°18;SOMMESOUS N°20;;13.20;20.00;32.50;40.40;8.20
ST-JEAN-LES-DEUX-JUMEAUX N°18;STRASBOURG (péage de Schwindratzheim);;40.40;61.60;91.40;118.70;24.10
ST-JEAN-LES-DEUX-JUMEAUX N°18;VALLÉE DE L'AUBE N°21;;15.10;23.70;36.20;45.00;9.20
ST-JEAN-LES-DEUX-JUMEAUX N°18;VATRY N°19;;12.20;19.20;30.40;38.90;7.70
ST-JEAN-LES-DEUX-JUMEAUX N°18;VOIE SACRÉE N°28;;17.60;26.10;38.20;49.20;10.60
STRASBOURG (péage de Schwindratzheim);BOULAY N°36;;11.10;16.40;24.60;32.30;6.30
STRASBOURG (péage de Schwindratzheim);CHÂLONS-EN-CHAMPAGNE / LA VEUVE N°24;;28.10;42.60;62.60;83.40;16.80
STRASBOURG (péage de Schwindratzheim);CHARMONT-SOUS-BARBUISE N°22;;28.20;42.60;62.70;85.90;16.80
STRASBOURG (péage de Schwindratzheim);CHÂTEAU-THIERRY N°20;;35.40;54.10;80.60;105.40;21.20
STRASBOURG (péage de Schwindratzheim);CLERMONT-EN-ARGONNE N°27;;22.00;33.70;50.70;67.50;12.80
STRASBOURG (péage de Schwindratzheim);DORMANS N°21;;34.80;52.40;78.30;102.20;20.60
STRASBOURG (péage de Schwindratzheim);FAREBERSVILLER N°39;;8.00;11.60;17.00;23.30;4.80
STRASBOURG (péage de Schwindratzheim);FRESNES-EN-WOËVRE N°30;;17.20;26.70;39.70;53.80;9.90
STRASBOURG (péage de Schwindratzheim);FREYMING-MERLEBACH (A320);;10.40;15.50;23.10;30.50;5.80
STRASBOURG (péage de Schwindratzheim);JARNY N°31;;16.80;26.00;38.40;51.80;9.60
STRASBOURG (péage de Schwindratzheim);MEAUX (A140) / CRECY N°16;;42.30;65.00;97.70;130.70;26.20
STRASBOURG (péage de Schwindratzheim);METZ (A31);;15.20;23.80;35.10;47.10;8.70
STRASBOURG (péage de Schwindratzheim);MONT-CHOISY N°18;;30.30;47.30;73.60;98.00;18.30
STRASBOURG (péage de Schwindratzheim);MONTREUIL-AUX-LIONS N°19;;38.00;57.90;86.70;111.40;22.70
STRASBOURG (péage de Schwindratzheim);PARIS / NOISY-LE-GRAND (péage de Coutevroult);;44.70;68.80;103.80;138.40;27.70
STRASBOURG (péage de Schwindratzheim);PHALSBOURG N°43;;1.40;2.10;2.90;4.30;1.00
STRASBOURG (péage de Schwindratzheim);PUTTELANGE N°40;;5.60;8.90;13.40;17.90;3.20
STRASBOURG (péage de Schwindratzheim);REIMS EST (péage de Taissy);;29.40;45.70;71.30;91.40;17.10
STRASBOURG (péage de Schwindratzheim);REIMS NORD (péage d'Ormes);;32.20;49.10;73.70;96.60;19.20
STRASBOURG (péage de Schwindratzheim);REIMS OUEST (péage de Thillois) N°22;;33.70;51.40;77.20;101.10;20.40
STRASBOURG (péage de Schwindratzheim);REIMS SUD N°23;;32.20;48.60;73.50;97.80;19.40
STRASBOURG (péage de Schwindratzheim);SAINT-AVOLD N°37;;10.40;15.50;23.10;30.50;5.80
STRASBOURG (péage de Schwindratzheim);SAINT-ÉTIENNE-AU-TEMPLE N°25;;25.50;38.30;58.70;78.70;14.60
STRASBOURG (péage de Schwindratzheim);SAINT-GIBRIEN N°17;;30.10;47.30;72.20;91.10;17.50
STRASBOURG (péage de Schwindratzheim);SAINTE-MARIE-AUX-CHÊNES N°32;;15.20;23.80;35.10;47.10;8.70
STRASBOURG (péage de Schwindratzheim);SAINTE-MENEHOULD N°26;;23.50;35.50;53.70;71.30;13.40
STRASBOURG (péage de Schwindratzheim);SARRE-UNION N°42;;2.50;4.40;6.70;9.50;1.50
STRASBOURG (péage de Schwindratzheim);SARREGUEMINES N°41;;4.00;6.20;9.80;13.60;2.70
STRASBOURG (péage de Schwindratzheim);SOMMESOUS N°20;;33.30;51.90;79.60;103.20;19.30
STRASBOURG (péage de Schwindratzheim);ST-JEAN-LES-DEUX-JUMEAUX N°18;;40.40;61.60;91.40;118.70;24.10
STRASBOURG (péage de Schwindratzheim);VALLÉE DE L'AUBE N°21;;37.30;57.00;87.10;114.70;21.00
STRASBOURG (péage de Schwindratzheim);VATRY N°19;;31.90;49.70;77.00;99.60;18.80
STRASBOURG (péage de Schwindratzheim);VERDUN N°29;;19.30;30.20;44.90;59.80;11.20
STRASBOURG (péage de Schwindratzheim);VOIE SACRÉE N°28;;20.80;33.20;48.80;65.50;11.90
VALLÉE DE L'AUBE N°21;BOULAY N°36;;23.60;35.20;55.00;71.80;13.20
VALLÉE DE L'AUBE N°21;CHÂLONS-EN-CHAMPAGNE / LA VEUVE N°24;;8.10;11.80;20.30;24.50;4.70
VALLÉE DE L'AUBE N°21;CHÂTEAU-THIERRY N°20;;10.80;16.50;26.30;33.30;6.50
VALLÉE DE L'AUBE N°21;CLERMONT-EN-ARGONNE N°27;;11.40;18.50;28.90;37.30;7.20
VALLÉE DE L'AUBE N°21;DORMANS N°21;;10.20;14.80;23.50;30.50;5.80
VALLÉE DE L'AUBE N°21;FAREBERSVILLER N°39;;27.30;42.40;65.10;85.60;15.50
VALLÉE DE L'AUBE N°21;FRESNES-EN-WOËVRE N°30;;16.70;26.00;40.80;52.50;9.70
VALLÉE DE L'AUBE N°21;FREYMING-MERLEBACH (A320);;26.90;41.50;64.00;84.20;15.20
VALLÉE DE L'AUBE N°21;HOCHFELDEN N°45;;35.30;54.60;83.10;109.10;19.60
VALLÉE DE L'AUBE N°21;JARNY N°31;;18.00;28.90;43.60;54.50;10.80
VALLÉE DE L'AUBE N°21;MEAUX (A140) / CRECY N°16;;17.70;26.70;41.90;53.40;10.30
VALLÉE DE L'AUBE N°21;METZ (A31);;22.10;33.20;52.00;67.60;12.30
VALLÉE DE L'AUBE N°21;MONT-CHOISY N°18;;2.20;3.50;5.90;7.20;1.30
VALLÉE DE L'AUBE N°21;MONTREUIL-AUX-LIONS N°19;;13.00;20.00;31.80;41.40;7.90
VALLÉE DE L'AUBE N°21;PARIS / NOISY-LE-GRAND (péage de Coutevroult);;20.10;30.50;48.00;61.10;11.80
VALLÉE DE L'AUBE N°21;PHALSBOURG N°43;;31.70;48.70;75.00;99.80;18.00
VALLÉE DE L'AUBE N°21;PUTTELANGE N°40;;27.90;43.00;66.20;87.20;15.90
VALLÉE DE L'AUBE N°21;REIMS EST (péage de Taissy);;4.70;7.20;12.00;14.90;2.90
VALLÉE DE L'AUBE N°21;REIMS NORD (péage d'Ormes);;8.30;12.40;19.40;25.00;4.90
VALLÉE DE L'AUBE N°21;REIMS OUEST (péage de Thillois) N°22;;9.80;15.00;23.30;29.50;5.50
VALLÉE DE L'AUBE N°21;REIMS SUD N°23;;8.60;13.50;20.60;26.90;5.00
VALLÉE DE L'AUBE N°21;SAINT-AVOLD N°37;;26.90;41.50;64.00;84.20;15.20
VALLÉE DE L'AUBE N°21;SAINT-ÉTIENNE-AU-TEMPLE N°25;;7.50;12.10;20.70;27.10;4.80
VALLÉE DE L'AUBE N°21;SAINT-GIBRIEN N°17;;4.00;6.00;9.70;12.50;2.40
VALLÉE DE L'AUBE N°21;SAINTE-MARIE-AUX-CHÊNES N°32;;22.10;33.20;52.00;67.60;12.30
VALLÉE DE L'AUBE N°21;SAINTE-MENEHOULD N°26;;9.80;15.90;26.70;34.90;6.30
VALLÉE DE L'AUBE N°21;SARRE-UNION N°42;;29.70;46.30;71.10;94.30;16.90
VALLÉE DE L'AUBE N°21;SARREGUEMINES N°41;;28.50;43.90;67.70;89.50;16.20
VALLÉE DE L'AUBE N°21;SAVERNE N°44;;32.90;51.00;77.20;102.00;18.50
VALLÉE DE L'AUBE N°21;ST-JEAN-LES-DEUX-JUMEAUX N°18;;15.10;23.70;36.20;45.00;9.20
VALLÉE DE L'AUBE N°21;STRASBOURG (péage de Schwindratzheim);;37.30;57.00;87.10;114.70;21.00
VALLÉE DE L'AUBE N°21;VATRY N°19;;1.90;3.00;5.20;6.40;1.00
VALLÉE DE L'AUBE N°21;VOIE SACRÉE N°28;;13.90;22.00;32.70;43.50;8.30
VALLÉE DE LA NIÈVRE N°21;ABBEVILLE EST N°22;;2.30;3.90;5.90;8.40;1.40
VALLÉE DE LA NIÈVRE N°21;ABBEVILLE NORD N°23;;4.10;6.70;9.50;13.00;2.40
VALLÉE DE LA NIÈVRE N°21;AMIENS NORD N°20;;3.90;5.60;8.00;11.50;2.10
VALLÉE DE LA NIÈVRE N°21;AMIENS OUEST N°19;;4.10;6.20;9.30;11.60;2.40
VALLÉE DE LA NIÈVRE N°21;AMIENS SUD (péage de Dury);;5.20;7.60;11.30;16.20;3.10
VALLÉE DE LA NIÈVRE N°21;AUMALE N°12;;7.00;10.20;15.80;20.20;4.10
VALLÉE DE LA NIÈVRE N°21;BEAUVAIS CENTRE N°14;;9.40;14.20;19.80;26.80;5.70
VALLÉE DE LA NIÈVRE N°21;BEAUVAIS NORD N°15;;9.30;13.30;19.20;26.50;5.40
VALLÉE DE LA NIÈVRE N°21;BERCK N°25;;7.50;11.50;15.80;23.00;4.60
VALLÉE DE LA NIÈVRE N°21;BOULOGNE EST (péage d'Herquelingue);;11.50;17.00;24.30;35.00;7.00
VALLÉE DE LA NIÈVRE N°21;ESSERTAUX N°17;;5.30;8.30;12.10;16.60;3.10
VALLÉE DE LA NIÈVRE N°21;ETAPLES / LE TOUQUET N°26;;8.70;12.40;17.70;25.50;4.70
VALLÉE DE LA NIÈVRE N°21;HARDIVILLERS N°16;;6.90;10.30;15.10;20.30;4.10
VALLÉE DE LA NIÈVRE N°21;L'ISLE-ADAM (péage d'Amblainville);;14.80;21.70;30.20;44.10;9.10
VALLÉE DE LA NIÈVRE N°21;LA CÔTE PICARDE N°24;;6.40;9.50;13.80;18.50;4.00
VALLÉE DE LA NIÈVRE N°21;MÉRU N°13;;10.90;15.60;22.80;31.50;6.70
VALLÉE DE LA NIÈVRE N°21;NEUFCHÂTEL-EN-BRAY (A28) (péage d'Haudricourt);;8.10;13.10;21.30;26.70;5.40
VALLÉE DE LA NIÈVRE N°21;NEUFCHÂTEL-HARDELOT N°27;;9.60;14.70;19.10;28.90;6.00
VALLÉE DE LA NIÈVRE N°21;POIX-DE-PICARDIE N°13;;5.40;7.80;12.90;17.20;3.10
VALLÉE DE LA NIÈVRE N°21;SALOUËL N°18;;4.20;6.70;9.30;12.90;2.50
VATRY N°19;BOULAY N°36;;18.20;27.90;44.90;56.70;11.00
VATRY N°19;CHÂLONS-EN-CHAMPAGNE / LA VEUVE N°24;;3.20;5.40;9.50;12.20;2.30
VATRY N°19;CHARMONT-SOUS-BARBUISE N°22;;3.30;5.40;9.30;11.90;2.10
VATRY N°19;CHÂTEAU-THIERRY N°20;;8.00;12.50;20.30;25.60;5.10
VATRY N°19;CLERMONT-EN-ARGONNE N°27;;8.30;12.30;20.00;25.60;4.80
VATRY N°19;DORMANS N°21;;7.10;10.60;17.70;22.80;4.30
VATRY N°19;FAREBERSVILLER N°39;;21.90;35.10;55.00;70.50;13.30
VATRY N°19;FRESNES-EN-WOËVRE N°30;;11.80;18.00;27.80;39.20;7.40
VATRY N°19;FREYMING-MERLEBACH (A320);;21.50;34.20;53.90;69.10;13.00
VATRY N°19;HOCHFELDEN N°45;;29.90;47.30;73.00;94.00;17.40
VATRY N°19;JARNY N°31;;13.40;20.50;32.90;42.00;8.30
VATRY N°19;MEAUX (A140) / CRECY N°16;;14.60;22.90;36.10;47.20;9.10
VATRY N°19;METZ (A31);;16.70;25.90;41.90;52.50;10.10
VATRY N°19;MONTREUIL-AUX-LIONS N°19;;10.10;15.40;26.10;33.10;6.30
VATRY N°19;PARIS / NOISY-LE-GRAND (péage de Coutevroult);;17.00;26.70;42.20;54.90;10.60
VATRY N°19;PHALSBOURG N°43;;26.30;41.40;64.90;84.70;15.80
VATRY N°19;PUTTELANGE N°40;;22.50;35.70;56.10;72.10;13.70
VATRY N°19;REIMS EST (péage de Taissy);;1.90;2.90;5.20;6.40;1.20
VATRY N°19;REIMS NORD (péage d'Ormes);;5.10;7.80;13.70;17.20;3.50
VATRY N°19;REIMS OUEST (péage de Thillois) N°22;;6.30;10.00;16.50;21.80;4.00
VATRY N°19;REIMS SUD N°23;;5.20;8.60;14.70;19.00;3.50
VATRY N°19;SAINT-AVOLD N°37;;21.50;34.20;53.90;69.10;13.00
VATRY N°19;SAINT-ÉTIENNE-AU-TEMPLE N°25;;4.10;6.20;11.30;14.50;2.70
VATRY N°19;SAINT-GIBRIEN N°17;;1.30;2.00;3.40;4.20;0.80
VATRY N°19;SAINTE-MARIE-AUX-CHÊNES N°32;;16.70;25.90;41.90;52.50;10.10
VATRY N°19;SAINTE-MENEHOULD N°26;;6.70;10.30;18.10;22.30;4.20
VATRY N°19;SARRE-UNION N°42;;24.30;39.00;61.00;79.20;14.70
VATRY N°19;SARREGUEMINES N°41;;23.10;36.60;57.60;74.40;14.00
VATRY N°19;SAVERNE N°44;;27.50;43.70;67.10;86.90;16.30
VATRY N°19;ST-JEAN-LES-DEUX-JUMEAUX N°18;;12.20;19.20;30.40;38.90;7.70
VATRY N°19;STRASBOURG (péage de Schwindratzheim);;31.90;49.70;77.00;99.60;18.80
VATRY N°19;VALLÉE DE L'AUBE N°21;;1.90;3.00;5.20;6.40;1.00
VATRY N°19;VOIE SACRÉE N°28;;9.80;14.30;24.40;31.20;5.70
VERDUN N°29;BOULAY N°36;;5.60;8.40;12.80;16.90;3.40
VERDUN N°29;FAREBERSVILLER N°39;;9.30;15.60;22.90;30.70;5.70
VERDUN N°29;FREYMING-MERLEBACH (A320);;8.90;14.70;21.80;29.30;5.40
VERDUN N°29;HOCHFELDEN N°45;;17.30;27.80;40.90;54.20;9.80
VERDUN N°29;JARNY N°31;;1.90;2.50;4.10;5.50;1.00
VERDUN N°29;METZ (A31);;4.10;6.40;9.80;12.70;2.50
VERDUN N°29;PHALSBOURG N°43;;13.70;21.90;32.80;44.90;8.20
VERDUN N°29;PUTTELANGE N°40;;9.90;16.20;24.00;32.30;6.10
VERDUN N°29;SAINT-AVOLD N°37;;8.90;14.70;21.80;29.30;5.40
VERDUN N°29;SAINTE-MARIE-AUX-CHÊNES N°32;;4.10;6.40;9.80;12.70;2.50
VERDUN N°29;SARRE-UNION N°42;;11.70;19.50;28.90;39.40;7.10
VERDUN N°29;SARREGUEMINES N°41;;10.50;17.10;25.50;34.60;6.40
VERDUN N°29;SAVERNE N°44;;14.90;24.20;35.00;47.10;8.70
VERDUN N°29;STRASBOURG (péage de Schwindratzheim);;19.30;30.20;44.90;59.80;11.20
VILLERS-BRETONNEUX N°52;AIRE-SUR-LA-LYS N°4;;10.90;18.70;26.30;35.50;7.10
VILLERS-BRETONNEUX N°52;ALBERT N°13.1;;4.10;6.70;10.30;13.90;2.50
VILLERS-BRETONNEUX N°52;AMIENS EST (péage de Jules Verne);;13.20;19.90;27.90;40.10;7.70
VILLERS-BRETONNEUX N°52;ARRAS EST (A1) N°15;;7.90;12.30;17.40;24.10;4.30
VILLERS-BRETONNEUX N°52;ARRAS NORD (A26) N°7;;8.20;12.20;17.80;22.60;4.80
VILLERS-BRETONNEUX N°52;ATHIES N°54;;4.60;6.70;9.80;13.40;2.50
VILLERS-BRETONNEUX N°52;BAPAUME N°14;;5.70;9.30;13.30;18.70;3.60
VILLERS-BRETONNEUX N°52;BÉTHUNE N°6;;9.60;14.50;22.60;29.00;5.60
VILLERS-BRETONNEUX N°52;CALAIS (péage de Setques);;13.70;23.00;29.30;44.40;8.50
VILLERS-BRETONNEUX N°52;CAMBRAI N°14;;7.70;11.40;16.20;21.70;4.30
VILLERS-BRETONNEUX N°52;COMPIÈGNE OUEST N°10;;7.90;12.20;17.70;24.50;4.30
VILLERS-BRETONNEUX N°52;GARE TGV N°53;;3.20;4.80;7.20;10.30;2.00
VILLERS-BRETONNEUX N°52;GUIGNICOURT N°14;;7.50;10.80;16.80;23.00;4.30
VILLERS-BRETONNEUX N°52;HORDAIN (péage d'Hordain);;9.50;14.30;20.40;27.70;5.80
VILLERS-BRETONNEUX N°52;LA FÈRE N°12;;4.60;7.20;10.50;14.40;2.60
VILLERS-BRETONNEUX N°52;LAON N°13;;5.50;8.80;12.70;16.80;3.60
VILLERS-BRETONNEUX N°52;LIÉVIN N°6.2;;8.30;12.80;18.60;24.10;5.00
VILLERS-BRETONNEUX N°52;LILLE / DOURGES (péage de Fresnes);;10.20;15.00;22.70;30.20;6.10
VILLERS-BRETONNEUX N°52;LILLERS N°5;;10.40;17.70;24.60;33.60;6.80
VILLERS-BRETONNEUX N°52;MARQUION N°8;;6.30;10.30;15.40;19.20;4.10
VILLERS-BRETONNEUX N°52;MASNIÈRES N°9;;7.30;10.10;15.60;20.50;4.30
VILLERS-BRETONNEUX N°52;NŒUX-LES-MINES N°6.1;;8.50;14.30;19.10;25.30;5.20
VILLERS-BRETONNEUX N°52;PARIS / ROISSY (péage de Chamant);;11.90;19.00;27.80;38.50;7.30
VILLERS-BRETONNEUX N°52;PÉRONNE / VALLEE DE LA SOMME N°13;;3.60;5.20;8.10;10.90;2.20
VILLERS-BRETONNEUX N°52;PONT-SAINTE-MAXENCE N°9;;8.50;12.50;18.30;26.20;4.90
VILLERS-BRETONNEUX N°52;REIMS (péage de Courcy);;9.40;14.20;19.80;27.80;5.40
VILLERS-BRETONNEUX N°52;RESSONS N°11;;6.50;10.10;14.80;20.60;3.80
VILLERS-BRETONNEUX N°52;ROYE N°12;;4.50;6.80;10.60;14.40;2.70
VILLERS-BRETONNEUX N°52;SAINT-QUENTIN NORD N°10;;5.50;8.50;14.00;18.20;3.20
VILLERS-BRETONNEUX N°52;SAINT-QUENTIN SUD N°11;;4.80;7.60;11.40;15.00;2.80
VILLERS-BRETONNEUX N°52;SENLIS N°8;;9.80;15.40;22.60;31.50;5.80
VOIE SACRÉE N°28;BOULAY N°36;;7.10;11.40;16.70;22.60;4.10
VOIE SACRÉE N°28;CHÂLONS-EN-CHAMPAGNE / LA VEUVE N°24;;4.90;7.50;11.30;14.30;2.90
VOIE SACRÉE N°28;CHARMONT-SOUS-BARBUISE N°22;;5.50;8.90;13.40;16.20;3.10
VOIE SACRÉE N°28;CHÂTEAU-THIERRY N°20;;12.30;18.70;27.10;35.40;7.60
VOIE SACRÉE N°28;DORMANS N°21;;11.10;16.90;24.40;31.90;6.70
VOIE SACRÉE N°28;FAREBERSVILLER N°39;;10.80;18.60;26.80;36.40;6.40
VOIE SACRÉE N°28;FRESNES-EN-WOËVRE N°30;;1.30;2.10;3.10;3.90;0.70
VOIE SACRÉE N°28;FREYMING-MERLEBACH (A320);;10.40;17.70;25.70;35.00;6.10
VOIE SACRÉE N°28;HOCHFELDEN N°45;;18.80;30.80;44.80;59.90;10.50
VOIE SACRÉE N°28;JARNY N°31;;3.20;5.00;7.80;9.60;1.90
VOIE SACRÉE N°28;MEAUX (A140) / CRECY N°16;;20.30;29.50;43.40;58.80;12.60
VOIE SACRÉE N°28;METZ (A31);;5.60;9.40;13.70;18.40;3.20
VOIE SACRÉE N°28;MONT-CHOISY N°18;;8.40;13.00;21.80;30.00;5.40
VOIE SACRÉE N°28;MONTREUIL-AUX-LIONS N°19;;15.20;22.50;33.00;43.20;9.30
VOIE SACRÉE N°28;PARIS / NOISY-LE-GRAND (péage de Coutevroult);;22.70;33.30;49.50;66.50;14.10
VOIE SACRÉE N°28;PHALSBOURG N°43;;15.20;24.90;36.70;50.60;8.90
VOIE SACRÉE N°28;PUTTELANGE N°40;;11.40;19.20;27.90;38.00;6.80
VOIE SACRÉE N°28;REIMS EST (péage de Taissy);;7.50;11.30;18.20;22.80;4.30
VOIE SACRÉE N°28;REIMS NORD (péage d'Ormes);;9.30;13.70;20.10;25.60;5.40
VOIE SACRÉE N°28;REIMS OUEST (péage de Thillois) N°22;;10.60;15.70;23.10;30.20;6.40
VOIE SACRÉE N°28;REIMS SUD N°23;;9.50;14.30;21.10;27.00;5.40
VOIE SACRÉE N°28;SAINT-AVOLD N°37;;10.40;17.70;25.70;35.00;6.10
VOIE SACRÉE N°28;SAINT-ÉTIENNE-AU-TEMPLE N°25;;2.20;3.90;6.30;8.90;1.50
VOIE SACRÉE N°28;SAINT-GIBRIEN N°17;;7.90;12.10;18.60;25.50;4.50
VOIE SACRÉE N°28;SAINTE-MARIE-AUX-CHÊNES N°32;;5.60;9.40;13.70;18.40;3.20
VOIE SACRÉE N°28;SAINTE-MENEHOULD N°26;;0.90;1.50;2.20;3.20;0.50
VOIE SACRÉE N°28;SARRE-UNION N°42;;13.20;22.50;32.80;45.10;7.80
VOIE SACRÉE N°28;SARREGUEMINES N°41;;12.00;20.10;29.40;40.30;7.10
VOIE SACRÉE N°28;SAVERNE N°44;;16.40;27.20;38.90;52.80;9.40
VOIE SACRÉE N°28;SOMMESOUS N°20;;11.40;15.70;26.50;35.00;6.90
VOIE SACRÉE N°28;ST-JEAN-LES-DEUX-JUMEAUX N°18;;17.60;26.10;38.20;49.20;10.60
VOIE SACRÉE N°28;STRASBOURG (péage de Schwindratzheim);;20.80;33.20;48.80;65.50;11.90
VOIE SACRÉE N°28;VALLÉE DE L'AUBE N°21;;13.90;22.00;32.70;43.50;8.30
VOIE SACRÉE N°28;VATRY N°19;;9.80;14.30;24.40;31.20;5.70
