name_from;name_to;distance;price1;price2;price3;price4;price5
ABLIS;ALENCON NORD;;21.80;33.70;52.30;72.90;12.90
ABLIS;ALENCON SUD;;21.30;33.10;52.10;71.40;12.70
ABLIS;PEAGE DE CORZE;;28.50;42.60;66.40;87.40;17.10
ABLIS;ARGENTAN;;32.80;53.60;80.20;109.50;19.40
ABLIS;AUVOURS LE MANS ZI SUD;;16.70;26.10;41.90;56.30;10.60
ABLIS;BEAUFORT EN VALLEE;;27.80;42.40;63.90;86.00;17.00
ABLIS;BEAUMONT SUR SARTHE;;18.90;30.20;46.10;63.90;11.90
ABLIS;BERNAY;;42.10;67.20;101.00;139.60;25.40
ABLIS;BOURGUEIL;;32.40;48.40;74.80;99.80;19.80
ABLIS;BRIONNE;;47.70;76.50;111.40;152.50;29.10
ABLIS;BROU;;7.80;12.50;19.70;27.10;4.70
ABLIS;CHARTRES EST;;2.80;5.10;6.00;7.40;1.70
ABLIS;CHARTRES THIVARS;;4.50;7.30;12.10;15.20;2.70
ABLIS;CHATEAU DU LOIR MONTABON;;21.50;33.50;54.40;72.20;13.10
ABLIS;CONNERRE;;15.40;23.40;35.80;48.50;8.80
ABLIS;DURTAL;;23.40;35.10;55.60;74.50;14.20
ABLIS;ECOMMOY;;19.40;30.40;48.50;64.10;12.10
ABLIS;EVRON;;24.80;38.50;58.40;79.80;15.00
ABLIS;GACE;;32.70;52.30;77.00;105.80;19.80
ABLIS;ILLIERS COMBRAY;;6.70;10.40;17.00;19.90;3.80
ABLIS;LA FERTE BERNARD;;11.10;17.80;27.60;37.80;6.60
ABLIS;LAVAL EST;;26.90;41.50;63.00;85.70;16.30
ABLIS;LAVAL OUEST;;27.80;42.60;65.80;87.90;17.00
ABLIS;LE MANS CENTRE UNIVERSITE;;18.30;27.20;43.60;59.30;11.20
ABLIS;LE MANS SUD;;19.30;28.90;46.10;62.80;11.80
ABLIS;LE MANS ZI NORD;;17.20;25.40;37.70;57.20;10.30
ABLIS;LONGUE JUMELLES;;28.80;43.50;66.60;88.90;17.60
ABLIS;ORBEC;;37.70;60.60;89.70;123.10;22.90
ABLIS;PARIGNE L EVEQUE;;18.00;27.60;45.00;59.10;10.90
ABLIS;PARIS LA FOLIE BESSIN;;3.70;5.70;9.90;13.20;2.30
ABLIS;RESTIGNE;;36.40;54.50;82.60;111.20;22.10
ABLIS;ROUMOIS;;57.10;91.00;131.20;181.40;33.60
ABLIS;SABLE LA FLECHE;;22.40;33.20;52.60;71.70;13.40
ABLIS;SAUMUR VIVY;;30.20;46.00;71.20;94.60;18.60
ABLIS;SEES;;28.70;45.90;68.30;94.00;17.10
ABLIS;SEICHES;;26.10;38.90;60.20;80.80;15.60
ABLIS;SILLE LE GUILLAUME MAMERS;;20.40;31.80;51.80;66.80;12.40
ABLIS;SILLE LE GUILLAUME SABLE;;21.50;34.10;50.20;70.10;13.20
ABLIS;TOURS CENTRE SAINT CHRISTOPHE;;25.70;42.30;70.00;87.90;16.00
ABLIS;VITRE LA GRAVELLE;;29.70;46.30;69.20;99.00;18.60
AIGREFEUILLE;CHATELLERAULT NORD;;22.10;34.30;51.80;66.40;14.20
AIGREFEUILLE;CHATELLERAULT SUD;;21.30;32.70;47.10;61.70;13.20
AIGREFEUILLE;FUTUROSCOPE;;19.10;29.50;43.30;55.90;12.00
AIGREFEUILLE;POITIERS NORD;;18.40;28.70;41.50;54.10;11.70
AIGREFEUILLE;POITIERS SUD;;17.30;26.50;38.30;50.80;10.90
AIGREFEUILLE;SAINTE MAURE;;25.50;39.70;58.80;78.20;16.20
AIGREFEUILLE;TOURS CENTRE SORIGNY;;32.20;48.50;73.60;98.10;20.00
ALENCON NORD;ABLIS;;21.80;33.70;52.30;72.90;12.90
ALENCON NORD;ALENCON SUD;;0.50;1.00;1.40;2.10;0.40
ALENCON NORD;PEAGE DE CORZE;;15.80;24.40;36.50;47.80;9.30
ALENCON NORD;ARGENTAN;;10.50;18.40;27.00;35.70;6.10
ALENCON NORD;AUVOURS LE MANS ZI SUD;;5.20;8.50;14.30;17.20;3.70
ALENCON NORD;BEAUFORT EN VALLEE;;15.10;24.20;34.00;46.40;9.20
ALENCON NORD;BEAUMONT SUR SARTHE;;2.30;3.20;4.60;7.90;1.40
ALENCON NORD;BERNAY;;19.80;32.00;47.80;65.80;12.10
ALENCON NORD;BOURGUEIL;;19.70;30.20;44.90;60.20;12.00
ALENCON NORD;BRIONNE;;25.40;41.30;58.20;78.70;15.80
ALENCON NORD;BROU;;12.80;19.60;33.60;43.60;7.70
ALENCON NORD;CHARTRES EST;;17.90;29.60;45.90;60.60;11.10
ALENCON NORD;CHARTRES THIVARS;;17.10;26.90;42.10;54.30;10.20
ALENCON NORD;CHATEAU DU LOIR MONTABON;;9.60;14.40;24.60;28.30;6.00
ALENCON NORD;CONNERRE;;7.90;12.30;20.30;23.30;4.80
ALENCON NORD;DURTAL;;10.70;16.90;25.70;34.90;6.40
ALENCON NORD;ECOMMOY;;7.60;11.80;18.40;20.90;4.80
ALENCON NORD;EVRON;;10.50;17.20;27.30;36.40;6.30
ALENCON NORD;GACE;;10.40;17.10;23.80;32.00;6.50
ALENCON NORD;ILLIERS COMBRAY;;15.50;24.50;41.00;54.10;9.00
ALENCON NORD;LA FERTE BERNARD;;9.30;16.00;24.50;32.80;5.60
ALENCON NORD;LAVAL EST;;12.60;20.20;31.90;42.30;7.60
ALENCON NORD;LAVAL OUEST;;13.50;21.70;34.40;45.10;8.30
ALENCON NORD;LE MANS CENTRE UNIVERSITE;;5.60;9.00;13.70;19.70;3.40
ALENCON NORD;LE MANS SUD;;6.60;10.70;16.20;23.20;4.00
ALENCON NORD;LE MANS ZI NORD;;4.40;7.40;11.40;12.80;2.80
ALENCON NORD;LONGUE JUMELLES;;16.10;25.30;36.70;49.30;9.80
ALENCON NORD;ORBEC;;15.40;25.40;36.50;49.30;9.60
ALENCON NORD;PARIGNE L EVEQUE;;5.40;8.80;14.70;19.30;3.80
ALENCON NORD;PARIS LA FOLIE BESSIN;;24.90;40.00;62.10;81.80;15.40
ALENCON NORD;RESTIGNE;;23.70;36.30;52.70;71.60;14.30
ALENCON NORD;ROUMOIS;;34.80;55.80;78.00;107.60;20.30
ALENCON NORD;SABLE LA FLECHE;;9.70;15.00;22.70;32.10;5.60
ALENCON NORD;SAUMUR VIVY;;17.50;27.80;41.30;55.00;10.80
ALENCON NORD;SEES;;6.40;10.70;15.10;20.20;3.80
ALENCON NORD;SEICHES;;13.40;20.70;30.30;41.20;7.80
ALENCON NORD;SILLE LE GUILLAUME MAMERS;;1.20;2.20;2.80;4.40;0.80
ALENCON NORD;SILLE LE GUILLAUME SABLE;;7.40;12.80;21.30;28.80;4.70
ALENCON NORD;TOURS CENTRE SAINT CHRISTOPHE;;14.80;23.10;35.90;48.00;9.40
ALENCON NORD;VITRE LA GRAVELLE;;14.90;25.00;38.70;52.00;9.50
ALENCON SUD;ABLIS;;21.30;33.10;52.10;71.40;12.70
ALENCON SUD;ALENCON NORD;;0.50;1.00;1.40;2.10;0.40
ALENCON SUD;PEAGE DE CORZE;;15.50;23.50;34.30;44.60;9.20
ALENCON SUD;ARGENTAN;;11.10;19.50;28.60;37.90;6.60
ALENCON SUD;AUVOURS LE MANS ZI SUD;;4.80;7.90;11.10;14.80;3.00
ALENCON SUD;BEAUFORT EN VALLEE;;14.80;23.30;31.80;43.20;9.10
ALENCON SUD;BEAUMONT SUR SARTHE;;1.70;2.40;3.60;5.20;1.00
ALENCON SUD;BERNAY;;20.40;33.10;49.40;68.00;12.60
ALENCON SUD;BOURGUEIL;;19.40;29.30;42.70;57.00;11.90
ALENCON SUD;BRIONNE;;26.00;42.40;59.80;80.90;16.30
ALENCON SUD;BROU;;12.20;19.00;33.50;41.40;7.20
ALENCON SUD;CHARTRES EST;;17.70;29.10;45.70;58.60;10.80
ALENCON SUD;CHARTRES THIVARS;;16.40;26.20;40.20;53.00;10.10
ALENCON SUD;CHATEAU DU LOIR MONTABON;;9.20;12.30;21.70;23.60;5.50
ALENCON SUD;CONNERRE;;7.30;11.50;17.10;22.20;4.20
ALENCON SUD;DURTAL;;10.40;16.00;23.50;31.70;6.30
ALENCON SUD;ECOMMOY;;7.20;10.50;17.30;19.60;4.50
ALENCON SUD;EVRON;;10.30;16.50;26.20;33.90;6.20
ALENCON SUD;GACE;;11.00;18.20;25.40;34.20;7.00
ALENCON SUD;ILLIERS COMBRAY;;14.90;23.50;39.90;52.80;8.70
ALENCON SUD;LA FERTE BERNARD;;8.60;14.80;22.80;31.40;5.30
ALENCON SUD;LAVAL EST;;12.40;19.50;30.80;39.80;7.50
ALENCON SUD;LAVAL OUEST;;13.10;20.50;33.50;42.10;8.20
ALENCON SUD;LE MANS CENTRE UNIVERSITE;;5.30;8.10;11.50;16.50;3.30
ALENCON SUD;LE MANS SUD;;6.30;9.80;14.00;20.00;3.90
ALENCON SUD;LE MANS ZI NORD;;4.00;6.50;8.40;12.10;2.20
ALENCON SUD;LONGUE JUMELLES;;15.80;24.40;34.50;46.10;9.70
ALENCON SUD;ORBEC;;16.00;26.50;38.10;51.50;10.10
ALENCON SUD;PARIGNE L EVEQUE;;4.90;8.10;11.90;15.00;3.50
ALENCON SUD;PARIS LA FOLIE BESSIN;;24.70;39.40;61.80;79.90;15.20
ALENCON SUD;RESTIGNE;;23.40;35.40;50.50;68.40;14.20
ALENCON SUD;ROUMOIS;;35.40;56.90;79.60;109.80;20.80
ALENCON SUD;SABLE LA FLECHE;;9.40;14.10;20.50;28.90;5.50
ALENCON SUD;SAUMUR VIVY;;17.20;26.90;39.10;51.80;10.70
ALENCON SUD;SEES;;7.00;11.80;16.70;22.40;4.30
ALENCON SUD;SEICHES;;13.10;19.80;28.10;38.00;7.70
ALENCON SUD;SILLE LE GUILLAUME MAMERS;;0.70;1.00;1.80;2.00;0.50
ALENCON SUD;SILLE LE GUILLAUME SABLE;;7.20;12.50;20.40;25.80;4.50
ALENCON SUD;TOURS CENTRE SAINT CHRISTOPHE;;14.40;21.90;35.40;41.50;9.10
ALENCON SUD;VITRE LA GRAVELLE;;14.70;24.10;36.50;49.60;9.10
ALLAINVILLE;AMBERIEU EN BUGEY;;61.20;94.40;152.50;201.20;34.50
ALLAINVILLE;ARLAY;;55.30;86.20;141.20;184.40;30.80
ALLAINVILLE;ARTENAY;;3.80;6.40;11.90;13.40;2.80
ALLAINVILLE;AUXERRE NORD;;33.10;50.80;84.80;107.20;17.30
ALLAINVILLE;AUXERRE SUD;;33.10;50.80;84.80;107.20;17.30
ALLAINVILLE;AUXY;;15.90;24.10;40.90;50.90;8.10
ALLAINVILLE;AVALLON;;37.30;57.50;95.80;122.90;20.20
ALLAINVILLE;BALAN;;62.10;96.50;155.30;204.50;35.10
ALLAINVILLE;BARRIERE DE MONTREUIL AUX LIONS;;62.30;94.30;152.40;197.40;34.50
ALLAINVILLE;BAUME LES DAMES;;58.40;90.90;147.60;194.60;33.00
ALLAINVILLE;BEAUMONT;;62.60;95.70;155.20;200.70;34.20
ALLAINVILLE;BEAUNE NORD;;45.80;71.30;116.60;150.60;25.30
ALLAINVILLE;BEAUNE SUD;;47.10;72.80;119.20;154.70;25.90
ALLAINVILLE;BEAUPONT;;58.60;91.40;149.10;196.00;33.30
ALLAINVILLE;BEAUREPAIRE;;56.50;87.90;143.30;188.90;31.50
ALLAINVILLE;BELLEGARDE;;68.10;106.20;171.00;226.60;38.90
ALLAINVILLE;BELLEVILLE SUR SAONE;;56.60;87.80;141.90;186.50;31.50
ALLAINVILLE;BERSAILLIN;;55.10;84.70;139.70;182.70;30.70
ALLAINVILLE;BESANCON EST;;55.60;87.30;142.10;187.20;31.30
ALLAINVILLE;BESANCON NORD;;55.60;86.20;140.50;184.20;30.90
ALLAINVILLE;BESANCON OUEST;;55.60;85.60;140.00;183.10;30.80
ALLAINVILLE;BEYNOST;;64.60;100.60;161.50;213.50;37.10
ALLAINVILLE;BIERRE LES SEMUR;;39.40;60.40;100.40;129.20;21.40
ALLAINVILLE;BLERE;;24.90;40.50;63.40;77.70;15.00
ALLAINVILLE;BLOIS;;14.40;23.10;37.30;46.70;9.10
ALLAINVILLE;BOURG NORD;;56.80;88.30;142.10;187.20;31.90
ALLAINVILLE;BOURG SUD;;58.10;90.60;146.20;192.40;33.30
ALLAINVILLE;BOURGES;;22.60;35.50;53.90;71.50;13.20
ALLAINVILLE;BULGNEVILLE;;50.10;77.60;125.90;165.50;27.50
ALLAINVILLE;CHALON CENTRE;;49.50;77.00;124.20;162.10;27.20
ALLAINVILLE;CHALON NORD;;49.50;77.00;124.20;162.10;27.20
ALLAINVILLE;CHALON SUD;;49.50;77.00;124.20;162.10;27.20
ALLAINVILLE;CHALONS LA VEUVE;;48.60;74.30;123.50;157.60;26.60
ALLAINVILLE;CHARMONT;;40.50;62.50;103.20;133.10;21.90
ALLAINVILLE;CHATEAU RENAULT;;16.40;25.40;42.20;54.60;10.50
ALLAINVILLE;CHATEAU THIERRY;;57.50;87.30;142.20;185.50;31.70
ALLAINVILLE;CHATENOIS;;50.70;78.30;127.70;167.50;28.10
ALLAINVILLE;CHATILLON LABORDE;;36.40;56.10;92.70;118.60;19.70
ALLAINVILLE;CHAUMONT SEMOUTIERS;;43.10;66.40;109.60;142.10;23.40
ALLAINVILLE;CHOISEY;;51.90;79.90;131.10;171.40;28.60
ALLAINVILLE;CLERMONT;;41.40;63.90;100.70;137.00;24.20
ALLAINVILLE;CLERMONT EN ARGONNE;;51.90;81.00;132.10;170.40;29.10
ALLAINVILLE;COLOMBEY LES BELLES;;53.50;82.20;134.10;177.20;29.40
ALLAINVILLE;COMBRONDE;;36.70;56.60;87.70;119.00;21.30
ALLAINVILLE;COURTENAY;;28.60;43.90;73.90;92.20;14.80
ALLAINVILLE;CRIMOLOIS;;50.70;78.00;128.20;166.50;28.10
ALLAINVILLE;DEUX CHAISES;;33.10;51.80;80.20;108.40;19.50
ALLAINVILLE;DIJON SUD;;49.70;77.40;125.50;163.70;27.30
ALLAINVILLE;DIJON ARC SUR TILLE;;51.40;79.80;129.40;169.10;28.40
ALLAINVILLE;DOLE;;51.90;79.90;131.10;171.40;28.60
ALLAINVILLE;DORMANS;;54.70;83.70;136.50;176.80;30.40
ALLAINVILLE;EGLETONS;;51.20;79.10;118.80;163.30;30.10
ALLAINVILLE;ELOISE ANNECY;;69.50;108.70;174.40;231.60;39.90
ALLAINVILLE;EPERNAY;;52.20;79.20;130.30;167.60;28.20
ALLAINVILLE;ESCRENNES;;11.40;18.10;28.90;37.00;6.10
ALLAINVILLE;ESVRES;;26.00;42.30;67.10;83.50;15.80
ALLAINVILLE;FEILLENS;;54.20;84.30;137.20;180.30;30.60
ALLAINVILLE;FLEURY EN BIERE;;35.00;54.00;89.10;113.10;18.60
ALLAINVILLE;FONTAINEBLEAU;;32.30;49.60;82.90;103.70;17.00
ALLAINVILLE;FONTENAY SUR LOING;;19.70;31.30;54.90;67.00;10.30
ALLAINVILLE;FORET DE TRONCAIS;;29.00;45.40;68.70;91.80;17.00
ALLAINVILLE;FORGES;;34.00;51.80;86.10;109.70;17.60
ALLAINVILLE;FRESNES EN WOEVRE;;57.20;88.50;144.00;185.60;31.60
ALLAINVILLE;GANNAT;;36.40;56.50;86.90;118.30;21.20
ALLAINVILLE;GENDREY;;53.00;82.20;134.60;176.80;29.70
ALLAINVILLE;GERZAT;;38.30;59.50;91.30;122.60;22.40
ALLAINVILLE;GIDY;;6.30;10.30;16.60;19.80;3.80
ALLAINVILLE;GONDREVILLE LA FRANCHE NORD;;19.40;28.80;49.50;62.50;9.80
ALLAINVILLE;GONDREVILLE LA FRANCHE SUD;;23.90;35.60;60.20;76.70;12.60
ALLAINVILLE;GROISSIAT;;65.00;101.20;163.60;216.30;37.30
ALLAINVILLE;GYE;;55.80;85.50;138.40;182.60;30.70
ALLAINVILLE;JANVILLE ALLAINES;;2.60;4.20;7.00;10.10;1.90
ALLAINVILLE;JARNY;;58.50;91.40;146.80;187.60;32.70
ALLAINVILLE;JOIGNY;;30.30;46.30;77.40;97.30;15.80
ALLAINVILLE;L ISLE SUR LE DOUBS;;60.00;93.20;151.10;199.20;33.80
ALLAINVILLE;LA BOISSE;;66.10;102.90;165.70;219.30;37.90
ALLAINVILLE;LA BOISSE MONTLUEL;;63.70;98.60;156.60;206.40;36.30
ALLAINVILLE;LA COTIERE;;64.50;99.80;160.90;210.80;37.00
ALLAINVILLE;LA CROIX CHALON;;63.20;98.40;159.20;210.50;36.00
ALLAINVILLE;LAMOTTE BEUVRON;;13.30;21.10;32.50;42.20;8.10
ALLAINVILLE;LANGRES NORD;;45.20;69.20;112.40;147.10;24.60
ALLAINVILLE;LANGRES SUD;;46.00;70.60;115.20;150.00;25.30
ALLAINVILLE;LE MIROIR;;57.60;89.40;145.80;191.20;32.40
ALLAINVILLE;LES EPRUNES;;37.50;58.40;96.60;124.50;20.60
ALLAINVILLE;MACON NORD;;54.10;83.90;135.20;177.40;30.20
ALLAINVILLE;MACON SUD;;55.00;85.40;137.70;180.60;30.70
ALLAINVILLE;MAGNANT;;39.60;60.90;100.30;129.90;21.40
ALLAINVILLE;MANZAT;;38.30;59.90;91.40;123.30;22.50
ALLAINVILLE;MAROLLES SUR SEINE;;34.00;51.80;86.10;109.70;17.60
ALLAINVILLE;MER;;12.50;19.60;30.70;40.00;8.10
ALLAINVILLE;MEUNG;;9.10;13.60;23.10;30.30;5.70
ALLAINVILLE;MONT CHOISY;;46.10;71.40;118.50;152.30;25.50
ALLAINVILLE;MONTIGNY LE ROI;;46.90;71.70;117.70;154.00;25.70
ALLAINVILLE;MONTLUCON;;31.40;49.00;74.60;101.00;18.30
ALLAINVILLE;MONTMARAULT;;32.70;51.10;78.80;107.10;19.10
ALLAINVILLE;MONTREUIL AUX LIONS;;60.10;90.80;147.00;189.00;33.00
ALLAINVILLE;NEMOURS;;32.30;49.60;82.90;103.70;17.00
ALLAINVILLE;NITRY;;35.40;54.40;90.20;115.70;18.80
ALLAINVILLE;NUITS SAINT GEORGES;;48.00;74.40;121.90;158.60;26.40
ALLAINVILLE;OLIVET;;8.80;14.50;21.50;28.20;5.60
ALLAINVILLE;ORLEANS CENTRE;;7.70;12.00;19.10;25.30;4.80
ALLAINVILLE;ORLEANS NORD;;6.40;10.40;16.80;20.70;3.90
ALLAINVILLE;ORMES;;53.70;81.30;133.40;171.70;29.00
ALLAINVILLE;PARIS LA FOLIE BESSIN;;4.00;6.10;9.20;13.50;2.60
ALLAINVILLE;PEROUGES;;62.10;96.50;155.30;204.50;35.10
ALLAINVILLE;PONT D AIN;;59.50;93.00;151.00;198.20;33.90
ALLAINVILLE;POUILLY EN AUXOIS;;43.20;66.60;109.20;142.40;23.30
ALLAINVILLE;REIMS TAISSY;;52.40;79.70;131.70;169.30;28.50
ALLAINVILLE;REIMS TINQUEUX;;54.10;82.10;134.00;173.70;29.40
ALLAINVILLE;REPLONGES;;54.20;84.30;137.20;180.30;30.60
ALLAINVILLE;RIOM;;38.10;59.30;90.70;122.40;22.20
ALLAINVILLE;ROBECOURT;;48.60;75.30;122.50;160.60;26.80
ALLAINVILLE;ROMORANTIN;;18.70;30.00;45.20;60.60;11.50
ALLAINVILLE;SAINT AIGNAN SUR CHER;;21.00;35.00;54.70;70.20;13.20
ALLAINVILLE;SAINT AMAND;;26.40;41.40;62.90;83.40;15.40
ALLAINVILLE;SAINT DENIS LES SENS;;31.00;47.70;79.30;99.40;16.20
ALLAINVILLE;SAINT ETIENNE AU TEMPLE;;48.00;74.60;123.90;160.20;26.70
ALLAINVILLE;SAINT GENIS;;58.70;91.00;145.50;190.70;32.90
ALLAINVILLE;SAINT GERMAIN LAXIS;;36.40;56.10;92.70;118.60;19.70
ALLAINVILLE;SAINT GIBRIEN;;47.20;72.70;120.20;155.10;26.00
ALLAINVILLE;SAINT HILAIRE LES ANDRESIS;;24.50;37.70;63.30;77.70;12.70
ALLAINVILLE;SAINT MARTIN DU FRESNE;;62.90;98.30;157.70;208.70;36.00
ALLAINVILLE;SAINT MAURICE;;64.70;100.50;163.60;217.00;37.10
ALLAINVILLE;SAINT THIBAULT;;36.90;56.90;94.80;121.90;20.10
ALLAINVILLE;SAINTE MENEHOULD;;50.30;78.40;129.90;168.00;28.20
ALLAINVILLE;SALBRIS;;14.90;23.20;37.70;50.90;9.40
ALLAINVILLE;SAVIGNY SUR CLAIRIS;;25.10;37.90;64.10;80.60;13.00
ALLAINVILLE;SELLES SUR CHER;;20.30;33.10;50.50;65.80;12.30
ALLAINVILLE;SEURRE;;49.20;76.60;124.10;162.30;27.10
ALLAINVILLE;SOIRANS;;50.60;77.90;129.10;167.60;28.40
ALLAINVILLE;SOMMESOUS;;43.80;67.90;112.50;145.00;24.00
ALLAINVILLE;ST GERMAIN LES VERGNES;;56.50;87.60;130.40;178.60;33.40
ALLAINVILLE;ST JULIEN SANCY;;43.30;67.60;102.70;138.60;25.60
ALLAINVILLE;SYLANS;;63.60;99.30;159.30;210.90;36.40
ALLAINVILLE;THENNELIERES;;38.30;59.20;96.50;124.00;21.00
ALLAINVILLE;TIL CHATEL;;48.50;74.10;122.30;160.30;26.60
ALLAINVILLE;TORVILLIERS;;36.40;56.10;93.00;118.90;19.70
ALLAINVILLE;TOURNUS;;51.20;79.50;128.90;167.90;28.40
ALLAINVILLE;TOURS CENTRE MONNAIE;;21.50;34.00;53.20;69.30;13.60
ALLAINVILLE;TULLE EST;;54.10;83.70;125.60;169.80;31.70
ALLAINVILLE;TULLE NORD;;54.80;85.00;126.40;174.90;32.00
ALLAINVILLE;URY;;33.10;50.70;84.20;105.90;17.50
ALLAINVILLE;USSEL EST;;46.10;72.20;109.40;148.50;27.00
ALLAINVILLE;USSEL OUEST;;48.20;74.20;113.00;154.00;28.30
ALLAINVILLE;VAL DE SAONE;;61.50;93.70;153.10;201.80;34.20
ALLAINVILLE;VALLEE DE L AUBE;;41.70;64.60;106.40;137.30;22.70
ALLAINVILLE;VATRY;;44.60;68.60;112.60;146.40;24.20
ALLAINVILLE;VEIGNE;;27.10;44.60;72.10;87.30;16.80
ALLAINVILLE;VERDUN;;57.20;88.50;144.00;185.60;31.60
ALLAINVILLE;VIERZON EST;;17.30;28.10;44.10;57.40;10.80
ALLAINVILLE;VIERZON NORD;;17.20;28.00;43.30;57.20;10.70
ALLAINVILLE;VILLE SOUS LA FERTE;;41.20;63.70;105.50;136.20;22.30
ALLAINVILLE;VILLEFRANCHE NORD;;57.60;88.70;145.20;190.60;32.50
ALLAINVILLE;VILLEFRANCHE LIMAS;;61.80;95.40;153.70;202.60;34.50
ALLAINVILLE;VILLEFRANCHE VILLE;;58.20;90.30;146.00;191.70;32.80
ALLAINVILLE;VILLENEUVE DONDAGRE;;29.70;45.70;76.40;95.80;15.50
ALLAINVILLE;VIRIAT;;56.90;88.40;142.70;188.20;32.60
ALLAINVILLE;VIRY;;73.90;116.20;186.10;246.80;42.80
ALLAINVILLE;VOIE SACREE;;54.40;84.50;135.90;176.60;30.20
ALLAINVILLE;VULAINES;;34.30;51.80;86.10;109.60;17.70
ALLAINVILLE;VULCANIA BROMONT;;40.70;63.30;96.80;130.90;23.90
AMBERIEU EN BUGEY;ALLAINVILLE;;61.20;94.40;152.50;201.20;34.50
AMBERIEU EN BUGEY;ARTENAY;;57.10;87.20;140.50;187.30;32.00
AMBERIEU EN BUGEY;AUXY;;42.50;65.90;105.10;140.80;24.90
AMBERIEU EN BUGEY;BLERE;;73.90;114.00;182.30;239.80;42.20
AMBERIEU EN BUGEY;BLOIS;;64.00;98.10;157.60;208.90;36.10
AMBERIEU EN BUGEY;BOURGES;;70.80;108.70;174.90;231.60;40.20
AMBERIEU EN BUGEY;CHATEAU RENAULT;;66.90;102.20;163.20;217.60;38.10
AMBERIEU EN BUGEY;ESCRENNES;;47.00;72.60;117.60;156.20;27.30
AMBERIEU EN BUGEY;ESVRES;;75.20;116.20;186.10;244.00;42.70
AMBERIEU EN BUGEY;FONTENAY SUR LOING;;38.80;58.90;92.40;126.00;22.70
AMBERIEU EN BUGEY;GIDY;;57.60;88.00;141.40;188.40;32.20
AMBERIEU EN BUGEY;GONDREVILLE LA FRANCHE NORD;;40.60;62.10;96.60;130.20;23.20
AMBERIEU EN BUGEY;GONDREVILLE LA FRANCHE SUD;;45.10;68.90;107.30;144.40;26.00
AMBERIEU EN BUGEY;JANVILLE ALLAINES;;58.20;89.10;143.00;190.70;32.80
AMBERIEU EN BUGEY;LAMOTTE BEUVRON;;62.70;95.90;154.00;204.80;35.50
AMBERIEU EN BUGEY;MER;;62.60;94.90;152.30;202.30;35.30
AMBERIEU EN BUGEY;MEUNG;;60.50;92.30;147.00;196.40;34.00
AMBERIEU EN BUGEY;OLIVET;;59.30;90.60;145.50;192.80;33.50
AMBERIEU EN BUGEY;ORLEANS CENTRE;;58.60;89.70;143.70;190.40;32.90
AMBERIEU EN BUGEY;ORLEANS NORD;;57.80;88.30;141.70;188.70;32.50
AMBERIEU EN BUGEY;PARIS LA FOLIE BESSIN;;66.40;100.70;163.80;217.30;37.70
AMBERIEU EN BUGEY;ROMORANTIN;;68.30;105.20;167.60;222.50;38.40
AMBERIEU EN BUGEY;SAINT AIGNAN SUR CHER;;71.00;109.60;174.20;232.10;40.00
AMBERIEU EN BUGEY;SAINT HILAIRE LES ANDRESIS;;33.80;52.30;81.80;112.90;20.30
AMBERIEU EN BUGEY;SALBRIS;;64.30;98.90;158.40;211.70;36.30
AMBERIEU EN BUGEY;SAVIGNY SUR CLAIRIS;;32.80;50.70;79.00;109.50;19.80
AMBERIEU EN BUGEY;SELLES SUR CHER;;70.10;108.00;171.60;228.20;39.40
AMBERIEU EN BUGEY;TOURS CENTRE MONNAIE;;71.50;108.70;172.70;230.40;40.60
AMBERIEU EN BUGEY;VEIGNE;;77.40;119.70;192.00;252.10;43.90
AMBERIEU EN BUGEY;VIERZON EST;;67.20;102.50;165.70;219.30;38.10
AMBERIEU EN BUGEY;VIERZON NORD;;66.60;102.10;165.10;218.90;37.50
ANCENIS;NANTES;;3.60;6.20;8.40;11.20;2.20
PEAGE DE CORZE;ABLIS;;28.50;42.60;66.40;87.40;17.10
PEAGE DE CORZE;ALENCON NORD;;15.80;24.40;36.50;47.80;9.30
PEAGE DE CORZE;ALENCON SUD;;15.50;23.50;34.30;44.60;9.20
PEAGE DE CORZE;AUVOURS LE MANS ZI SUD;;12.80;19.60;27.90;35.20;7.70
PEAGE DE CORZE;BEAUFORT EN VALLEE;;4.10;6.40;8.20;11.10;2.40
PEAGE DE CORZE;BEAUMONT SUR SARTHE;;13.40;20.40;29.70;36.30;8.10
PEAGE DE CORZE;BOURGUEIL;;8.70;12.40;19.10;24.90;5.20
PEAGE DE CORZE;BROU;;18.80;29.00;43.80;56.00;11.10
PEAGE DE CORZE;CHARTRES EST;;26.00;38.70;59.50;75.90;15.20
PEAGE DE CORZE;CHARTRES THIVARS;;24.10;35.20;53.60;69.50;14.00
PEAGE DE CORZE;CHATEAU DU LOIR MONTABON;;16.80;24.90;38.30;47.90;10.00
PEAGE DE CORZE;CONNERRE;;14.10;22.30;32.90;40.80;8.50
PEAGE DE CORZE;ECOMMOY;;14.70;22.30;34.40;41.40;8.90
PEAGE DE CORZE;EVRON;;16.80;24.80;38.30;47.60;9.80
PEAGE DE CORZE;ILLIERS COMBRAY;;21.80;32.60;51.80;64.80;12.70
PEAGE DE CORZE;LA FERTE BERNARD;;15.70;23.60;37.50;45.00;9.30
PEAGE DE CORZE;LAVAL EST;;18.90;27.80;42.90;53.50;11.10
PEAGE DE CORZE;LAVAL OUEST;;19.00;30.10;45.70;57.80;11.30
PEAGE DE CORZE;LE MANS CENTRE UNIVERSITE;;10.20;15.40;22.80;28.10;5.90
PEAGE DE CORZE;LE MANS ZI NORD;;10.90;17.40;25.00;30.60;6.40
PEAGE DE CORZE;LONGUE JUMELLES;;5.10;7.50;10.90;14.00;3.00
PEAGE DE CORZE;PARIGNE L EVEQUE;;13.30;20.20;29.50;36.10;8.00
PEAGE DE CORZE;PARIS LA FOLIE BESSIN;;32.90;50.80;78.90;100.10;20.20
PEAGE DE CORZE;RESTIGNE;;12.70;18.50;26.90;36.30;7.50
PEAGE DE CORZE;SAUMUR VIVY;;6.50;10.00;15.50;19.70;4.00
PEAGE DE CORZE;SILLE LE GUILLAUME MAMERS;;14.30;21.60;31.80;39.70;8.60
PEAGE DE CORZE;SILLE LE GUILLAUME SABLE;;14.20;21.10;31.30;39.20;8.50
PEAGE DE CORZE;TOURS CENTRE SAINT CHRISTOPHE;;21.40;33.30;52.30;66.10;12.80
PEAGE DE CORZE;VITRE LA GRAVELLE;;22.80;33.90;54.30;69.80;13.90
ARGENTAN;ABLIS;;32.80;53.60;80.20;109.50;19.40
ARGENTAN;ALENCON NORD;;10.50;18.40;27.00;35.70;6.10
ARGENTAN;ALENCON SUD;;11.10;19.50;28.60;37.90;6.60
ARGENTAN;AUVOURS LE MANS ZI SUD;;16.10;27.90;42.50;53.40;10.00
ARGENTAN;BEAUFORT EN VALLEE;;26.70;43.20;61.90;82.60;15.90
ARGENTAN;BEAUMONT SUR SARTHE;;13.10;22.00;32.00;44.20;8.10
ARGENTAN;BOURGUEIL;;31.30;49.20;72.80;96.40;18.70
ARGENTAN;BROU;;23.70;39.00;60.80;80.70;13.90
ARGENTAN;CHARTRES EST;;29.60;49.50;73.70;96.60;17.90
ARGENTAN;CHARTRES THIVARS;;28.30;45.80;69.90;91.70;16.60
ARGENTAN;CHATEAU DU LOIR MONTABON;;20.40;33.20;51.80;67.50;12.30
ARGENTAN;CONNERRE;;19.10;31.50;47.70;59.80;11.40
ARGENTAN;ECOMMOY;;18.20;30.30;47.10;58.30;11.20
ARGENTAN;EVRON;;21.50;36.40;55.00;73.00;12.70
ARGENTAN;ILLIERS COMBRAY;;26.50;43.80;68.50;91.20;15.40
ARGENTAN;LA FERTE BERNARD;;20.10;34.70;52.10;69.20;12.00
ARGENTAN;LAVAL EST;;23.60;39.40;59.60;78.90;14.00
ARGENTAN;LAVAL OUEST;;24.10;40.20;61.70;81.10;14.50
ARGENTAN;LE MANS CENTRE UNIVERSITE;;17.20;28.00;41.60;55.90;10.10
ARGENTAN;LE MANS ZI NORD;;15.60;26.40;39.70;49.60;9.40
ARGENTAN;LONGUE JUMELLES;;27.70;44.30;64.60;85.50;16.50
ARGENTAN;PARIGNE L EVEQUE;;17.00;28.10;42.60;57.00;10.20
ARGENTAN;PARIS LA FOLIE BESSIN;;36.60;60.50;91.50;121.20;22.10
ARGENTAN;RESTIGNE;;35.30;55.30;80.60;107.80;21.00
ARGENTAN;SAUMUR VIVY;;29.10;46.80;69.20;91.20;17.50
ARGENTAN;SILLE LE GUILLAUME MAMERS;;12.00;20.80;30.20;40.50;7.30
ARGENTAN;SILLE LE GUILLAUME SABLE;;18.00;31.40;48.50;64.70;11.20
ARGENTAN;TOURS CENTRE SAINT CHRISTOPHE;;26.00;43.10;66.30;87.80;16.00
ARGENTAN;VITRE LA GRAVELLE;;25.50;43.50;65.80;87.80;15.70
ARLAY;ALLAINVILLE;;55.30;86.20;141.20;184.40;30.80
ARLAY;ARTENAY;;51.20;79.00;129.20;170.50;28.30
ARLAY;AUXY;;36.60;57.70;93.80;124.00;21.20
ARLAY;BLERE;;68.00;105.80;171.00;223.00;38.50
ARLAY;BLOIS;;58.10;89.90;146.30;192.10;32.40
ARLAY;BOURGES;;64.90;100.50;163.60;214.80;36.50
ARLAY;CHATEAU RENAULT;;61.00;94.00;151.90;200.80;34.40
ARLAY;ESCRENNES;;41.10;64.40;106.30;139.40;23.60
ARLAY;ESVRES;;69.30;108.00;174.80;227.20;39.00
ARLAY;FONTENAY SUR LOING;;32.90;50.70;81.10;109.20;19.00
ARLAY;GIDY;;51.70;79.80;130.10;171.60;28.50
ARLAY;GONDREVILLE LA FRANCHE NORD;;34.70;53.90;85.30;113.40;19.50
ARLAY;GONDREVILLE LA FRANCHE SUD;;39.20;60.70;96.00;127.60;22.30
ARLAY;JANVILLE ALLAINES;;52.30;80.90;131.70;173.90;29.10
ARLAY;LAMOTTE BEUVRON;;56.80;87.70;142.70;188.00;31.80
ARLAY;MER;;56.70;86.70;141.00;185.50;31.60
ARLAY;MEUNG;;54.60;84.10;135.70;179.60;30.30
ARLAY;OLIVET;;53.40;82.40;134.20;176.00;29.80
ARLAY;ORLEANS CENTRE;;52.70;81.50;132.40;173.60;29.20
ARLAY;ORLEANS NORD;;51.90;80.10;130.40;171.90;28.80
ARLAY;PARIS LA FOLIE BESSIN;;60.50;92.50;152.50;200.50;34.00
ARLAY;ROMORANTIN;;62.40;97.00;156.30;205.70;34.70
ARLAY;SAINT AIGNAN SUR CHER;;65.10;101.40;162.90;215.30;36.30
ARLAY;SAINT HILAIRE LES ANDRESIS;;27.90;44.10;70.50;96.10;16.60
ARLAY;SALBRIS;;58.40;90.70;147.10;194.90;32.60
ARLAY;SAVIGNY SUR CLAIRIS;;26.90;42.50;67.70;92.70;16.10
ARLAY;SELLES SUR CHER;;64.20;99.80;160.30;211.40;35.70
ARLAY;TOURS CENTRE MONNAIE;;65.60;100.50;161.40;213.60;36.90
ARLAY;VEIGNE;;71.50;111.50;180.70;235.30;40.20
ARLAY;VIERZON EST;;61.30;94.30;154.40;202.50;34.40
ARLAY;VIERZON NORD;;60.70;93.90;153.80;202.10;33.80
ARTENAY;ALLAINVILLE;;3.80;6.40;11.90;13.40;2.80
ARTENAY;AMBERIEU EN BUGEY;;57.10;87.20;140.50;187.30;32.00
ARTENAY;ARLAY;;51.20;79.00;129.20;170.50;28.30
ARTENAY;AUXERRE NORD;;29.00;43.60;72.80;93.30;14.80
ARTENAY;AUXERRE SUD;;29.00;43.60;72.80;93.30;14.80
ARTENAY;AUXY;;11.80;16.90;28.90;37.00;5.60
ARTENAY;AVALLON;;33.20;50.30;83.80;109.00;17.70
ARTENAY;BALAN;;58.00;89.30;143.30;190.60;32.60
ARTENAY;BARRIERE DE MONTREUIL AUX LIONS;;58.20;87.10;140.40;183.50;32.00
ARTENAY;BAUME LES DAMES;;54.30;83.70;135.60;180.70;30.50
ARTENAY;BEAUMONT;;58.50;88.50;143.20;186.80;31.70
ARTENAY;BEAUNE NORD;;41.70;64.10;104.60;136.70;22.80
ARTENAY;BEAUNE SUD;;43.00;65.60;107.20;140.80;23.40
ARTENAY;BEAUPONT;;54.50;84.20;137.10;182.10;30.80
ARTENAY;BEAUREPAIRE;;52.40;80.70;131.30;175.00;29.00
ARTENAY;BELLEGARDE;;64.00;99.00;159.00;212.70;36.40
ARTENAY;BELLEVILLE SUR SAONE;;52.50;80.60;129.90;172.60;29.00
ARTENAY;BERSAILLIN;;51.00;77.50;127.70;168.80;28.20
ARTENAY;BESANCON EST;;51.50;80.10;130.10;173.30;28.80
ARTENAY;BESANCON NORD;;51.50;79.00;128.50;170.30;28.40
ARTENAY;BESANCON OUEST;;51.50;78.40;128.00;169.20;28.30
ARTENAY;BEYNOST;;60.50;93.40;149.50;199.60;34.60
ARTENAY;BIERRE LES SEMUR;;35.30;53.20;88.40;115.30;18.90
ARTENAY;BLERE;;19.50;30.90;50.10;63.70;12.10
ARTENAY;BLOIS;;9.20;14.10;23.70;30.40;5.50
ARTENAY;BOURG NORD;;52.70;81.10;130.10;173.30;29.40
ARTENAY;BOURG SUD;;54.00;83.40;134.20;178.50;30.80
ARTENAY;BOURGES;;16.10;26.50;40.60;53.40;10.00
ARTENAY;BULGNEVILLE;;46.00;70.40;113.90;151.60;25.00
ARTENAY;CHALON CENTRE;;45.40;69.80;112.20;148.20;24.70
ARTENAY;CHALON NORD;;45.40;69.80;112.20;148.20;24.70
ARTENAY;CHALON SUD;;45.40;69.80;112.20;148.20;24.70
ARTENAY;CHALONS LA VEUVE;;44.50;67.10;111.50;143.70;24.10
ARTENAY;CHARMONT;;36.40;55.30;91.20;119.20;19.40
ARTENAY;CHATEAU RENAULT;;11.60;19.20;30.10;39.10;7.70
ARTENAY;CHATEAU THIERRY;;53.40;80.10;130.20;171.60;29.20
ARTENAY;CHATENOIS;;46.60;71.10;115.70;153.60;25.60
ARTENAY;CHATILLON LABORDE;;32.30;48.90;80.70;104.70;17.20
ARTENAY;CHAUMONT SEMOUTIERS;;39.00;59.20;97.60;128.20;20.90
ARTENAY;CHOISEY;;47.80;72.70;119.10;157.50;26.10
ARTENAY;CLERMONT;;34.90;54.90;87.40;118.90;21.00
ARTENAY;CLERMONT EN ARGONNE;;47.80;73.80;120.10;156.50;26.60
ARTENAY;COLOMBEY LES BELLES;;49.40;75.00;122.10;163.30;26.90
ARTENAY;COMBRONDE;;30.20;47.60;74.40;100.90;18.10
ARTENAY;COURTENAY;;24.50;36.70;61.90;78.30;12.30
ARTENAY;CRIMOLOIS;;46.60;70.80;116.20;152.60;25.60
ARTENAY;DEUX CHAISES;;26.60;42.80;66.90;90.30;16.30
ARTENAY;DIJON SUD;;45.60;70.20;113.50;149.80;24.80
ARTENAY;DIJON ARC SUR TILLE;;47.30;72.60;117.40;155.20;25.90
ARTENAY;DOLE;;47.80;72.70;119.10;157.50;26.10
ARTENAY;DORMANS;;50.60;76.50;124.50;162.90;27.90
ARTENAY;EGLETONS;;44.70;70.10;105.50;145.20;26.90
ARTENAY;ELOISE ANNECY;;65.40;101.50;162.40;217.70;37.40
ARTENAY;EPERNAY;;48.10;72.00;118.30;153.70;25.70
ARTENAY;ESCRENNES;;7.30;10.90;16.90;23.10;3.60
ARTENAY;ESVRES;;20.20;34.50;54.00;67.20;12.80
ARTENAY;FEILLENS;;50.10;77.10;125.20;166.40;28.10
ARTENAY;FLEURY EN BIERE;;30.90;46.80;77.10;99.20;16.10
ARTENAY;FONTAINEBLEAU;;28.20;42.40;70.90;89.80;14.50
ARTENAY;FONTENAY SUR LOING;;15.60;24.10;42.90;53.10;7.80
ARTENAY;FORET DE TRONCAIS;;22.50;36.40;55.40;73.70;13.80
ARTENAY;FORGES;;29.90;44.60;74.10;95.80;15.10
ARTENAY;FRESNES EN WOEVRE;;53.10;81.30;132.00;171.70;29.10
ARTENAY;GANNAT;;29.90;47.50;73.60;100.20;18.00
ARTENAY;GENDREY;;48.90;75.00;122.60;162.90;27.20
ARTENAY;GERZAT;;31.80;50.50;78.00;104.50;19.20
ARTENAY;GIDY;;1.70;2.80;4.40;5.00;1.10
ARTENAY;GONDREVILLE LA FRANCHE NORD;;15.30;21.60;37.50;48.60;7.30
ARTENAY;GONDREVILLE LA FRANCHE SUD;;19.80;28.40;48.20;62.80;10.10
ARTENAY;GROISSIAT;;60.90;94.00;151.60;202.40;34.80
ARTENAY;GYE;;51.70;78.30;126.40;168.70;28.20
ARTENAY;JANVILLE ALLAINES;;1.10;1.50;2.70;3.10;0.70
ARTENAY;JARNY;;54.40;84.20;134.80;173.70;30.20
ARTENAY;JOIGNY;;26.20;39.10;65.40;83.40;13.30
ARTENAY;L ISLE SUR LE DOUBS;;55.90;86.00;139.10;185.30;31.30
ARTENAY;LA BOISSE;;62.00;95.70;153.70;205.40;35.40
ARTENAY;LA BOISSE MONTLUEL;;59.60;91.40;144.60;192.50;33.80
ARTENAY;LA COTIERE;;60.40;92.60;148.90;196.90;34.50
ARTENAY;LA CROIX CHALON;;59.10;91.20;147.20;196.60;33.50
ARTENAY;LAMOTTE BEUVRON;;7.30;12.20;19.50;27.00;4.70
ARTENAY;LANGRES NORD;;41.10;62.00;100.40;133.20;22.10
ARTENAY;LANGRES SUD;;41.90;63.40;103.20;136.10;22.80
ARTENAY;LE MIROIR;;53.50;82.20;133.80;177.30;29.90
ARTENAY;LES EPRUNES;;33.40;51.20;84.60;110.60;18.10
ARTENAY;MACON NORD;;50.00;76.70;123.20;163.50;27.70
ARTENAY;MACON SUD;;50.90;78.20;125.70;166.70;28.20
ARTENAY;MAGNANT;;35.50;53.70;88.30;116.00;18.90
ARTENAY;MANZAT;;31.80;50.90;78.10;105.20;19.30
ARTENAY;MAROLLES SUR SEINE;;29.90;44.60;74.10;95.80;15.10
ARTENAY;MER;;6.90;10.40;16.90;22.30;4.20
ARTENAY;MEUNG;;4.70;7.50;11.20;14.40;2.90
ARTENAY;MONT CHOISY;;42.00;64.20;106.50;138.40;23.00
ARTENAY;MONTIGNY LE ROI;;42.80;64.50;105.70;140.10;23.20
ARTENAY;MONTLUCON;;24.90;40.00;61.30;82.90;15.10
ARTENAY;MONTMARAULT;;26.20;42.10;65.50;89.00;15.90
ARTENAY;MONTREUIL AUX LIONS;;56.00;83.60;135.00;175.10;30.50
ARTENAY;NEMOURS;;28.20;42.40;70.90;89.80;14.50
ARTENAY;NITRY;;31.30;47.20;78.20;101.80;16.30
ARTENAY;NUITS SAINT GEORGES;;43.90;67.20;109.90;144.70;23.90
ARTENAY;OLIVET;;4.00;6.30;9.80;13.40;2.50
ARTENAY;ORLEANS CENTRE;;2.70;4.40;5.80;8.20;1.50
ARTENAY;ORLEANS NORD;;2.00;3.20;4.50;5.10;1.30
ARTENAY;ORMES;;49.60;74.10;121.40;157.80;26.50
ARTENAY;PARIS LA FOLIE BESSIN;;9.50;13.00;23.40;31.30;5.80
ARTENAY;PEROUGES;;58.00;89.30;143.30;190.60;32.60
ARTENAY;PONT D AIN;;55.40;85.80;139.00;184.30;31.40
ARTENAY;POUILLY EN AUXOIS;;39.10;59.40;97.20;128.50;20.80
ARTENAY;REIMS TAISSY;;48.30;72.50;119.70;155.40;26.00
ARTENAY;REIMS TINQUEUX;;50.00;74.90;122.00;159.80;26.90
ARTENAY;REPLONGES;;50.10;77.10;125.20;166.40;28.10
ARTENAY;RIOM;;31.60;50.30;77.40;104.30;19.00
ARTENAY;ROBECOURT;;44.50;68.10;110.50;146.70;24.30
ARTENAY;ROMORANTIN;;13.40;21.40;32.80;44.30;8.10
ARTENAY;SAINT AIGNAN SUR CHER;;16.20;26.30;40.60;54.70;9.90
ARTENAY;SAINT AMAND;;19.90;32.40;49.60;65.30;12.20
ARTENAY;SAINT DENIS LES SENS;;26.90;40.50;67.30;85.50;13.70
ARTENAY;SAINT ETIENNE AU TEMPLE;;43.90;67.40;111.90;146.30;24.20
ARTENAY;SAINT GENIS;;54.60;83.80;133.50;176.80;30.40
ARTENAY;SAINT GERMAIN LAXIS;;32.30;48.90;80.70;104.70;17.20
ARTENAY;SAINT GIBRIEN;;43.10;65.50;108.20;141.20;23.50
ARTENAY;SAINT HILAIRE LES ANDRESIS;;20.40;30.50;51.30;63.80;10.20
ARTENAY;SAINT MARTIN DU FRESNE;;58.80;91.10;145.70;194.80;33.50
ARTENAY;SAINT MAURICE;;60.60;93.30;151.60;203.10;34.60
ARTENAY;SAINT THIBAULT;;32.80;49.70;82.80;108.00;17.60
ARTENAY;SAINTE MENEHOULD;;46.20;71.20;117.90;154.10;25.70
ARTENAY;SALBRIS;;9.80;16.10;28.50;37.80;6.10
ARTENAY;SAVIGNY SUR CLAIRIS;;21.00;30.70;52.10;66.70;10.50
ARTENAY;SELLES SUR CHER;;15.10;23.70;37.00;51.10;9.20
ARTENAY;SEURRE;;45.10;69.40;112.10;148.40;24.60
ARTENAY;SOIRANS;;46.50;70.70;117.10;153.70;25.90
ARTENAY;SOMMESOUS;;39.70;60.70;100.50;131.10;21.50
ARTENAY;ST GERMAIN LES VERGNES;;50.00;78.60;117.10;160.50;30.20
ARTENAY;ST JULIEN SANCY;;36.80;58.60;89.40;120.50;22.40
ARTENAY;SYLANS;;59.50;92.10;147.30;197.00;33.90
ARTENAY;THENNELIERES;;34.20;52.00;84.50;110.10;18.50
ARTENAY;TIL CHATEL;;44.40;66.90;110.30;146.40;24.10
ARTENAY;TORVILLIERS;;32.30;48.90;81.00;105.00;17.20
ARTENAY;TOURNUS;;47.10;72.30;116.90;154.00;25.90
ARTENAY;TOURS CENTRE MONNAIE;;16.80;26.70;40.90;53.70;10.60
ARTENAY;TULLE EST;;47.60;74.70;112.30;151.70;28.50
ARTENAY;TULLE NORD;;48.30;76.00;113.10;156.80;28.80
ARTENAY;URY;;29.00;43.50;72.20;92.00;15.00
ARTENAY;USSEL EST;;39.60;63.20;96.10;130.40;23.80
ARTENAY;USSEL OUEST;;41.70;65.20;99.70;135.90;25.10
ARTENAY;VAL DE SAONE;;57.40;86.50;141.10;187.90;31.70
ARTENAY;VALLEE DE L AUBE;;37.60;57.40;94.40;123.40;20.20
ARTENAY;VATRY;;40.50;61.40;100.60;132.50;21.70
ARTENAY;VEIGNE;;22.00;36.30;58.80;75.20;13.80
ARTENAY;VERDUN;;53.10;81.30;132.00;171.70;29.10
ARTENAY;VIERZON EST;;12.30;19.10;31.00;40.20;7.80
ARTENAY;VIERZON NORD;;12.20;19.00;29.80;40.00;7.60
ARTENAY;VILLE SOUS LA FERTE;;37.10;56.50;93.50;122.30;19.80
ARTENAY;VILLEFRANCHE NORD;;53.50;81.50;133.20;176.70;30.00
ARTENAY;VILLEFRANCHE LIMAS;;57.70;88.20;141.70;188.70;32.00
ARTENAY;VILLEFRANCHE VILLE;;54.10;83.10;134.00;177.80;30.30
ARTENAY;VILLENEUVE DONDAGRE;;25.60;38.50;64.40;81.90;13.00
ARTENAY;VIRIAT;;52.80;81.20;130.70;174.30;30.10
ARTENAY;VIRY;;69.80;109.00;174.10;232.90;40.30
ARTENAY;VOIE SACREE;;50.30;77.30;123.90;162.70;27.70
ARTENAY;VULAINES;;30.20;44.60;74.10;95.70;15.20
ARTENAY;VULCANIA BROMONT;;34.20;54.30;83.50;112.80;20.70
AUVOURS LE MANS ZI SUD;ABLIS;;16.70;26.10;41.90;56.30;10.60
AUVOURS LE MANS ZI SUD;ALENCON NORD;;5.20;8.50;14.30;17.20;3.70
AUVOURS LE MANS ZI SUD;ALENCON SUD;;4.80;7.90;11.10;14.80;3.00
AUVOURS LE MANS ZI SUD;PEAGE DE CORZE;;12.80;19.60;27.90;35.20;7.70
AUVOURS LE MANS ZI SUD;ARGENTAN;;16.10;27.90;42.50;53.40;10.00
AUVOURS LE MANS ZI SUD;BEAUFORT EN VALLEE;;12.10;19.40;25.40;33.80;7.60
AUVOURS LE MANS ZI SUD;BEAUMONT SUR SARTHE;;2.60;4.60;7.40;9.30;1.70
AUVOURS LE MANS ZI SUD;BERNAY;;25.40;41.50;63.30;83.50;16.00
AUVOURS LE MANS ZI SUD;BOURGUEIL;;16.70;25.40;36.30;47.60;10.40
AUVOURS LE MANS ZI SUD;BRIONNE;;31.00;50.80;73.70;96.40;19.70
AUVOURS LE MANS ZI SUD;BROU;;7.60;11.90;19.30;24.70;4.60
AUVOURS LE MANS ZI SUD;CHARTRES EST;;13.70;22.40;34.20;45.20;8.40
AUVOURS LE MANS ZI SUD;CHARTRES THIVARS;;12.70;19.20;29.90;39.20;8.00
AUVOURS LE MANS ZI SUD;CHATEAU DU LOIR MONTABON;;3.90;5.80;9.30;11.70;2.20
AUVOURS LE MANS ZI SUD;CONNERRE;;2.60;4.10;6.70;8.80;1.70
AUVOURS LE MANS ZI SUD;DURTAL;;7.70;12.10;17.10;22.30;4.80
AUVOURS LE MANS ZI SUD;ECOMMOY;;2.00;2.80;4.60;6.80;1.40
AUVOURS LE MANS ZI SUD;EVRON;;8.10;12.10;20.60;25.20;4.90
AUVOURS LE MANS ZI SUD;GACE;;16.00;26.60;39.30;49.70;10.40
AUVOURS LE MANS ZI SUD;ILLIERS COMBRAY;;10.00;14.90;26.40;34.80;6.00
AUVOURS LE MANS ZI SUD;LA FERTE BERNARD;;4.80;7.50;12.10;16.30;3.50
AUVOURS LE MANS ZI SUD;LAVAL EST;;10.20;15.10;25.20;31.10;6.20
AUVOURS LE MANS ZI SUD;LAVAL OUEST;;11.10;17.30;29.10;36.40;6.70
AUVOURS LE MANS ZI SUD;LE MANS CENTRE UNIVERSITE;;2.60;4.20;5.10;7.10;1.80
AUVOURS LE MANS ZI SUD;LE MANS SUD;;3.60;5.90;7.60;10.60;2.40
AUVOURS LE MANS ZI SUD;LE MANS ZI NORD;;1.30;2.30;3.90;5.60;1.00
AUVOURS LE MANS ZI SUD;LONGUE JUMELLES;;13.10;20.50;28.10;36.70;8.20
AUVOURS LE MANS ZI SUD;ORBEC;;21.00;34.90;52.00;67.00;13.50
AUVOURS LE MANS ZI SUD;PARIGNE L EVEQUE;;0.60;0.90;1.40;1.50;0.40
AUVOURS LE MANS ZI SUD;PARIS LA FOLIE BESSIN;;21.80;33.40;51.60;70.80;13.70
AUVOURS LE MANS ZI SUD;RESTIGNE;;20.70;31.50;44.10;59.00;12.70
AUVOURS LE MANS ZI SUD;ROUMOIS;;40.40;65.30;93.50;125.30;24.20
AUVOURS LE MANS ZI SUD;SABLE LA FLECHE;;6.70;10.20;14.10;19.50;4.00
AUVOURS LE MANS ZI SUD;SAUMUR VIVY;;14.50;23.00;32.70;42.40;9.20
AUVOURS LE MANS ZI SUD;SEES;;12.00;20.20;30.60;37.90;7.70
AUVOURS LE MANS ZI SUD;SEICHES;;10.40;15.90;21.70;28.60;6.20
AUVOURS LE MANS ZI SUD;SILLE LE GUILLAUME MAMERS;;3.50;5.80;9.50;12.60;2.60
AUVOURS LE MANS ZI SUD;SILLE LE GUILLAUME SABLE;;5.00;8.50;13.90;17.40;3.30
AUVOURS LE MANS ZI SUD;TOURS CENTRE SAINT CHRISTOPHE;;8.90;14.10;24.40;31.30;5.50
AUVOURS LE MANS ZI SUD;VITRE LA GRAVELLE;;13.90;22.60;36.80;45.00;8.80
AUXERRE NORD;ALLAINVILLE;;33.10;50.80;84.80;107.20;17.30
AUXERRE NORD;ARTENAY;;29.00;43.60;72.80;93.30;14.80
AUXERRE NORD;AUXY;;14.40;22.30;37.40;46.80;7.70
AUXERRE NORD;BLERE;;45.80;70.40;114.60;145.80;25.00
AUXERRE NORD;BLOIS;;35.90;54.50;89.90;114.90;18.90
AUXERRE NORD;BOURGES;;42.70;65.10;107.20;137.60;23.00
AUXERRE NORD;CHATEAU RENAULT;;38.80;58.60;95.50;123.60;20.90
AUXERRE NORD;ESCRENNES;;18.90;29.00;49.90;62.20;10.10
AUXERRE NORD;ESVRES;;47.10;72.60;118.40;150.00;25.50
AUXERRE NORD;FONTENAY SUR LOING;;10.70;15.30;24.70;32.00;5.50
AUXERRE NORD;GIDY;;29.50;44.40;73.70;94.40;15.00
AUXERRE NORD;GONDREVILLE LA FRANCHE NORD;;12.50;18.50;28.90;36.20;6.00
AUXERRE NORD;GONDREVILLE LA FRANCHE SUD;;17.00;25.30;39.60;50.40;8.80
AUXERRE NORD;JANVILLE ALLAINES;;30.10;45.50;75.30;96.70;15.60
AUXERRE NORD;LAMOTTE BEUVRON;;34.60;52.30;86.30;110.80;18.30
AUXERRE NORD;MER;;34.50;51.30;84.60;108.30;18.10
AUXERRE NORD;MEUNG;;32.40;48.70;79.30;102.40;16.80
AUXERRE NORD;OLIVET;;31.20;47.00;77.80;98.80;16.30
AUXERRE NORD;ORLEANS CENTRE;;30.50;46.10;76.00;96.40;15.70
AUXERRE NORD;ORLEANS NORD;;29.70;44.70;74.00;94.70;15.30
AUXERRE NORD;PARIS LA FOLIE BESSIN;;38.30;57.10;96.10;123.30;20.50
AUXERRE NORD;ROMORANTIN;;40.20;61.60;99.90;128.50;21.20
AUXERRE NORD;SAINT AIGNAN SUR CHER;;42.90;66.00;106.50;138.10;22.80
AUXERRE NORD;SAINT HILAIRE LES ANDRESIS;;5.70;8.70;14.10;18.90;3.10
AUXERRE NORD;SALBRIS;;36.20;55.30;90.70;117.70;19.10
AUXERRE NORD;SAVIGNY SUR CLAIRIS;;4.70;7.10;11.30;15.50;2.60
AUXERRE NORD;SELLES SUR CHER;;42.00;64.40;103.90;134.20;22.20
AUXERRE NORD;TOURS CENTRE MONNAIE;;43.40;65.10;105.00;136.40;23.40
AUXERRE NORD;VEIGNE;;49.30;76.10;124.30;158.10;26.70
AUXERRE NORD;VIERZON EST;;39.10;58.90;98.00;125.30;20.90
AUXERRE NORD;VIERZON NORD;;38.50;58.50;97.40;124.90;20.30
AUXERRE SUD;ALLAINVILLE;;33.10;50.80;84.80;107.20;17.30
AUXERRE SUD;ARTENAY;;29.00;43.60;72.80;93.30;14.80
AUXERRE SUD;AUXY;;14.40;22.30;37.40;46.80;7.70
AUXERRE SUD;BLERE;;45.80;70.40;114.60;145.80;25.00
AUXERRE SUD;BLOIS;;35.90;54.50;89.90;114.90;18.90
AUXERRE SUD;BOURGES;;42.70;65.10;107.20;137.60;23.00
AUXERRE SUD;CHATEAU RENAULT;;38.80;58.60;95.50;123.60;20.90
AUXERRE SUD;ESCRENNES;;18.90;29.00;49.90;62.20;10.10
AUXERRE SUD;ESVRES;;47.10;72.60;118.40;150.00;25.50
AUXERRE SUD;FONTENAY SUR LOING;;10.70;15.30;24.70;32.00;5.50
AUXERRE SUD;GIDY;;29.50;44.40;73.70;94.40;15.00
AUXERRE SUD;GONDREVILLE LA FRANCHE NORD;;12.50;18.50;28.90;36.20;6.00
AUXERRE SUD;GONDREVILLE LA FRANCHE SUD;;17.00;25.30;39.60;50.40;8.80
AUXERRE SUD;JANVILLE ALLAINES;;30.10;45.50;75.30;96.70;15.60
AUXERRE SUD;LAMOTTE BEUVRON;;34.60;52.30;86.30;110.80;18.30
AUXERRE SUD;MER;;34.50;51.30;84.60;108.30;18.10
AUXERRE SUD;MEUNG;;32.40;48.70;79.30;102.40;16.80
AUXERRE SUD;OLIVET;;31.20;47.00;77.80;98.80;16.30
AUXERRE SUD;ORLEANS CENTRE;;30.50;46.10;76.00;96.40;15.70
AUXERRE SUD;ORLEANS NORD;;29.70;44.70;74.00;94.70;15.30
AUXERRE SUD;PARIS LA FOLIE BESSIN;;38.30;57.10;96.10;123.30;20.50
AUXERRE SUD;ROMORANTIN;;40.20;61.60;99.90;128.50;21.20
AUXERRE SUD;SAINT AIGNAN SUR CHER;;42.90;66.00;106.50;138.10;22.80
AUXERRE SUD;SAINT HILAIRE LES ANDRESIS;;5.70;8.70;14.10;18.90;3.10
AUXERRE SUD;SALBRIS;;36.20;55.30;90.70;117.70;19.10
AUXERRE SUD;SAVIGNY SUR CLAIRIS;;4.70;7.10;11.30;15.50;2.60
AUXERRE SUD;SELLES SUR CHER;;42.00;64.40;103.90;134.20;22.20
AUXERRE SUD;TOURS CENTRE MONNAIE;;43.40;65.10;105.00;136.40;23.40
AUXERRE SUD;VEIGNE;;49.30;76.10;124.30;158.10;26.70
AUXERRE SUD;VIERZON EST;;39.10;58.90;98.00;125.30;20.90
AUXERRE SUD;VIERZON NORD;;38.50;58.50;97.40;124.90;20.30
AUXY;ALLAINVILLE;;15.90;24.10;40.90;50.90;8.10
AUXY;AMBERIEU EN BUGEY;;42.50;65.90;105.10;140.80;24.90
AUXY;ARLAY;;36.60;57.70;93.80;124.00;21.20
AUXY;ARTENAY;;11.80;16.90;28.90;37.00;5.60
AUXY;AUXERRE NORD;;14.40;22.30;37.40;46.80;7.70
AUXY;AUXERRE SUD;;14.40;22.30;37.40;46.80;7.70
AUXY;AVALLON;;18.60;29.00;48.40;62.50;10.60
AUXY;BALAN;;43.40;68.00;107.90;144.10;25.50
AUXY;BARRIERE DE MONTREUIL AUX LIONS;;43.60;65.80;105.00;137.00;24.90
AUXY;BAUME LES DAMES;;39.70;62.40;100.20;134.20;23.40
AUXY;BEAUMONT;;43.90;67.20;107.80;140.30;24.60
AUXY;BEAUNE NORD;;27.10;42.80;69.20;90.20;15.70
AUXY;BEAUNE SUD;;28.40;44.30;71.80;94.30;16.30
AUXY;BEAUPONT;;39.90;62.90;101.70;135.60;23.70
AUXY;BEAUREPAIRE;;37.80;59.40;95.90;128.50;21.90
AUXY;BELLEGARDE;;49.40;77.70;123.60;166.20;29.30
AUXY;BELLEVILLE SUR SAONE;;37.90;59.30;94.50;126.10;21.90
AUXY;BERSAILLIN;;36.40;56.20;92.30;122.30;21.10
AUXY;BESANCON EST;;36.90;58.80;94.70;126.80;21.70
AUXY;BESANCON NORD;;36.90;57.70;93.10;123.80;21.30
AUXY;BESANCON OUEST;;36.90;57.10;92.60;122.70;21.20
AUXY;BEYNOST;;45.90;72.10;114.10;153.10;27.50
AUXY;BIERRE LES SEMUR;;20.70;31.90;53.00;68.80;11.80
AUXY;BLERE;;28.60;43.70;70.70;89.50;15.80
AUXY;BLOIS;;18.70;27.80;46.00;58.60;9.70
AUXY;BOURG NORD;;38.10;59.80;94.70;126.80;22.30
AUXY;BOURG SUD;;39.40;62.10;98.80;132.00;23.70
AUXY;BOURGES;;25.50;38.40;63.30;81.30;13.80
AUXY;BULGNEVILLE;;31.40;49.10;78.50;105.10;17.90
AUXY;CHALON CENTRE;;30.80;48.50;76.80;101.70;17.60
AUXY;CHALON NORD;;30.80;48.50;76.80;101.70;17.60
AUXY;CHALON SUD;;30.80;48.50;76.80;101.70;17.60
AUXY;CHALONS LA VEUVE;;29.90;45.80;76.10;97.20;17.00
AUXY;CHARMONT;;21.80;34.00;55.80;72.70;12.30
AUXY;CHATEAU RENAULT;;21.60;31.90;51.60;67.30;11.70
AUXY;CHATEAU THIERRY;;38.80;58.80;94.80;125.10;22.10
AUXY;CHATENOIS;;32.00;49.80;80.30;107.10;18.50
AUXY;CHATILLON LABORDE;;17.70;27.60;45.30;58.20;10.10
AUXY;CHAUMONT SEMOUTIERS;;24.40;37.90;62.20;81.70;13.80
AUXY;CHOISEY;;33.20;51.40;83.70;111.00;19.00
AUXY;CLERMONT;;44.30;66.80;110.10;146.80;24.80
AUXY;CLERMONT EN ARGONNE;;33.20;52.50;84.70;110.00;19.50
AUXY;COLOMBEY LES BELLES;;34.80;53.70;86.70;116.80;19.80
AUXY;COMBRONDE;;39.60;59.50;97.10;128.80;21.90
AUXY;COURTENAY;;9.90;15.40;26.50;31.80;5.20
AUXY;CRIMOLOIS;;32.00;49.50;80.80;106.10;18.50
AUXY;DEUX CHAISES;;36.00;54.70;89.60;118.20;20.10
AUXY;DIJON SUD;;31.00;48.90;78.10;103.30;17.70
AUXY;DIJON ARC SUR TILLE;;32.70;51.30;82.00;108.70;18.80
AUXY;DOLE;;33.20;51.40;83.70;111.00;19.00
AUXY;DORMANS;;36.00;55.20;89.10;116.40;20.80
AUXY;EGLETONS;;54.10;82.00;128.20;173.10;30.70
AUXY;ELOISE ANNECY;;50.80;80.20;127.00;171.20;30.30
AUXY;EPERNAY;;33.50;50.70;82.90;107.20;18.60
AUXY;ESCRENNES;;3.20;4.60;8.00;9.60;1.60
AUXY;ESVRES;;29.90;45.90;74.50;93.70;16.30
AUXY;FEILLENS;;35.50;55.80;89.80;119.90;21.00
AUXY;FLEURY EN BIERE;;16.30;25.50;41.70;52.70;9.00
AUXY;FONTAINEBLEAU;;13.60;21.10;35.50;43.30;7.40
AUXY;FONTENAY SUR LOING;;3.50;5.10;7.60;9.30;1.70
AUXY;FORET DE TRONCAIS;;31.90;48.30;78.10;101.60;17.60
AUXY;FORGES;;15.30;23.30;38.70;49.30;8.00
AUXY;FRESNES EN WOEVRE;;38.50;60.00;96.60;125.20;22.00
AUXY;GANNAT;;39.30;59.40;96.30;128.10;21.80
AUXY;GENDREY;;34.30;53.70;87.20;116.40;20.10
AUXY;GERZAT;;41.20;62.40;100.70;132.40;23.00
AUXY;GIDY;;12.30;17.70;29.80;38.10;5.80
AUXY;GONDREVILLE LA FRANCHE NORD;;2.00;3.00;5.10;6.30;1.00
AUXY;GONDREVILLE LA FRANCHE SUD;;6.50;9.80;15.80;20.50;3.80
AUXY;GROISSIAT;;46.30;72.70;116.20;155.90;27.70
AUXY;GYE;;37.10;57.00;91.00;122.20;21.10
AUXY;JANVILLE ALLAINES;;12.90;18.80;31.40;40.40;6.40
AUXY;JARNY;;39.80;62.90;99.40;127.20;23.10
AUXY;JOIGNY;;11.60;17.80;30.00;36.90;6.20
AUXY;L ISLE SUR LE DOUBS;;41.30;64.70;103.70;138.80;24.20
AUXY;LA BOISSE;;47.40;74.40;118.30;158.90;28.30
AUXY;LA BOISSE MONTLUEL;;45.00;70.10;109.20;146.00;26.70
AUXY;LA COTIERE;;45.80;71.30;113.50;150.40;27.40
AUXY;LA CROIX CHALON;;44.50;69.90;111.80;150.10;26.40
AUXY;LAMOTTE BEUVRON;;17.40;25.60;42.40;54.50;9.10
AUXY;LANGRES NORD;;26.50;40.70;65.00;86.70;15.00
AUXY;LANGRES SUD;;27.30;42.10;67.80;89.60;15.70
AUXY;LE MIROIR;;38.90;60.90;98.40;130.80;22.80
AUXY;LES EPRUNES;;18.80;29.90;49.20;64.10;11.00
AUXY;MACON NORD;;35.40;55.40;87.80;117.00;20.60
AUXY;MACON SUD;;36.30;56.90;90.30;120.20;21.10
AUXY;MAGNANT;;20.90;32.40;52.90;69.50;11.80
AUXY;MANZAT;;41.20;62.80;100.80;133.10;23.10
AUXY;MAROLLES SUR SEINE;;15.30;23.30;38.70;49.30;8.00
AUXY;MER;;17.30;24.60;40.70;52.00;8.90
AUXY;MEUNG;;15.20;22.00;35.40;46.10;7.60
AUXY;MONT CHOISY;;27.40;42.90;71.10;91.90;15.90
AUXY;MONTIGNY LE ROI;;28.20;43.20;70.30;93.60;16.10
AUXY;MONTLUCON;;34.30;51.90;84.00;110.80;18.90
AUXY;MONTMARAULT;;35.60;54.00;88.20;116.90;19.70
AUXY;MONTREUIL AUX LIONS;;41.40;62.30;99.60;128.60;23.40
AUXY;NEMOURS;;13.60;21.10;35.50;43.30;7.40
AUXY;NITRY;;16.70;25.90;42.80;55.30;9.20
AUXY;NUITS SAINT GEORGES;;29.30;45.90;74.50;98.20;16.80
AUXY;OLIVET;;14.00;20.30;33.90;42.50;7.10
AUXY;ORLEANS CENTRE;;13.30;19.40;32.10;40.10;6.50
AUXY;ORLEANS NORD;;12.50;18.00;30.10;38.40;6.10
AUXY;ORMES;;35.00;52.80;86.00;111.30;19.40
AUXY;PARIS LA FOLIE BESSIN;;21.10;30.40;52.20;67.00;11.30
AUXY;PEROUGES;;43.40;68.00;107.90;144.10;25.50
AUXY;PONT D AIN;;40.80;64.50;103.60;137.80;24.30
AUXY;POUILLY EN AUXOIS;;24.50;38.10;61.80;82.00;13.70
AUXY;REIMS TAISSY;;33.70;51.20;84.30;108.90;18.90
AUXY;REIMS TINQUEUX;;35.40;53.60;86.60;113.30;19.80
AUXY;REPLONGES;;35.50;55.80;89.80;119.90;21.00
AUXY;RIOM;;41.00;62.20;100.10;132.20;22.80
AUXY;ROBECOURT;;29.90;46.80;75.10;100.20;17.20
AUXY;ROMORANTIN;;23.00;34.90;56.00;72.20;12.00
AUXY;SAINT AIGNAN SUR CHER;;25.70;39.30;62.60;81.80;13.60
AUXY;SAINT AMAND;;29.30;44.30;72.30;93.20;16.00
AUXY;SAINT DENIS LES SENS;;12.30;19.20;31.90;39.00;6.60
AUXY;SAINT ETIENNE AU TEMPLE;;29.30;46.10;76.50;99.80;17.10
AUXY;SAINT GENIS;;40.00;62.50;98.10;130.30;23.30
AUXY;SAINT GERMAIN LAXIS;;17.70;27.60;45.30;58.20;10.10
AUXY;SAINT GIBRIEN;;28.50;44.20;72.80;94.70;16.40
AUXY;SAINT HILAIRE LES ANDRESIS;;5.80;9.10;16.40;18.10;3.10
AUXY;SAINT MARTIN DU FRESNE;;44.20;69.80;110.30;148.30;26.40
AUXY;SAINT MAURICE;;46.00;72.00;116.20;156.60;27.50
AUXY;SAINT THIBAULT;;18.20;28.40;47.40;61.50;10.50
AUXY;SAINTE MENEHOULD;;31.60;49.90;82.50;107.60;18.60
AUXY;SALBRIS;;19.00;28.60;46.80;61.40;9.90
AUXY;SAVIGNY SUR CLAIRIS;;6.40;9.90;18.20;20.60;3.50
AUXY;SELLES SUR CHER;;24.80;37.70;60.00;77.90;13.00
AUXY;SEURRE;;30.50;48.10;76.70;101.90;17.50
AUXY;SOIRANS;;31.90;49.40;81.70;107.20;18.80
AUXY;SOMMESOUS;;25.10;39.40;65.10;84.60;14.40
AUXY;ST GERMAIN LES VERGNES;;59.40;90.50;139.80;188.40;34.00
AUXY;ST JULIEN SANCY;;46.20;70.50;112.10;148.40;26.20
AUXY;SYLANS;;44.90;70.80;111.90;150.50;26.80
AUXY;THENNELIERES;;19.60;30.70;49.10;63.60;11.40
AUXY;TIL CHATEL;;29.80;45.60;74.90;99.90;17.00
AUXY;TORVILLIERS;;17.70;27.60;45.60;58.50;10.10
AUXY;TOURNUS;;32.50;51.00;81.50;107.50;18.80
AUXY;TOURS CENTRE MONNAIE;;26.20;38.40;61.10;80.10;14.20
AUXY;TULLE EST;;57.00;86.60;135.00;179.60;32.30
AUXY;TULLE NORD;;57.70;87.90;135.80;184.70;32.60
AUXY;URY;;14.40;22.20;36.80;45.50;7.90
AUXY;USSEL EST;;49.00;75.10;118.80;158.30;27.60
AUXY;USSEL OUEST;;51.10;77.10;122.40;163.80;28.90
AUXY;VAL DE SAONE;;42.80;65.20;105.70;141.40;24.60
AUXY;VALLEE DE L AUBE;;23.00;36.10;59.00;76.90;13.10
AUXY;VATRY;;25.90;40.10;65.20;86.00;14.60
AUXY;VEIGNE;;32.10;49.40;80.40;101.80;17.50
AUXY;VERDUN;;38.50;60.00;96.60;125.20;22.00
AUXY;VIERZON EST;;21.90;32.20;54.10;69.00;11.70
AUXY;VIERZON NORD;;21.30;31.80;53.50;68.60;11.10
AUXY;VILLE SOUS LA FERTE;;22.50;35.20;58.10;75.80;12.70
AUXY;VILLEFRANCHE NORD;;38.90;60.20;97.80;130.20;22.90
AUXY;VILLEFRANCHE LIMAS;;43.10;66.90;106.30;142.20;24.90
AUXY;VILLEFRANCHE VILLE;;39.50;61.80;98.60;131.30;23.20
AUXY;VILLENEUVE DONDAGRE;;11.00;17.20;29.00;35.40;5.90
AUXY;VIRIAT;;38.20;59.90;95.30;127.80;23.00
AUXY;VIRY;;55.20;87.70;138.70;186.40;33.20
AUXY;VOIE SACREE;;35.70;56.00;88.50;116.20;20.60
AUXY;VULAINES;;15.60;23.30;38.70;49.20;8.10
AUXY;VULCANIA BROMONT;;43.60;66.20;106.20;140.70;24.50
AVALLON;ALLAINVILLE;;37.30;57.50;95.80;122.90;20.20
AVALLON;ARTENAY;;33.20;50.30;83.80;109.00;17.70
AVALLON;AUXY;;18.60;29.00;48.40;62.50;10.60
AVALLON;BLERE;;50.00;77.10;125.60;161.50;27.90
AVALLON;BLOIS;;40.10;61.20;100.90;130.60;21.80
AVALLON;BOURGES;;46.90;71.80;118.20;153.30;25.90
AVALLON;CHATEAU RENAULT;;43.00;65.30;106.50;139.30;23.80
AVALLON;ESCRENNES;;23.10;35.70;60.90;77.90;13.00
AVALLON;ESVRES;;51.30;79.30;129.40;165.70;28.40
AVALLON;FONTENAY SUR LOING;;14.90;22.00;35.70;47.70;8.40
AVALLON;GIDY;;33.70;51.10;84.70;110.10;17.90
AVALLON;GONDREVILLE LA FRANCHE NORD;;16.70;25.20;39.90;51.90;8.90
AVALLON;GONDREVILLE LA FRANCHE SUD;;21.20;32.00;50.60;66.10;11.70
AVALLON;JANVILLE ALLAINES;;34.30;52.20;86.30;112.40;18.50
AVALLON;LAMOTTE BEUVRON;;38.80;59.00;97.30;126.50;21.20
AVALLON;MER;;38.70;58.00;95.60;124.00;21.00
AVALLON;MEUNG;;36.60;55.40;90.30;118.10;19.70
AVALLON;OLIVET;;35.40;53.70;88.80;114.50;19.20
AVALLON;ORLEANS CENTRE;;34.70;52.80;87.00;112.10;18.60
AVALLON;ORLEANS NORD;;33.90;51.40;85.00;110.40;18.20
AVALLON;PARIS LA FOLIE BESSIN;;42.50;63.80;107.10;139.00;23.40
AVALLON;ROMORANTIN;;44.40;68.30;110.90;144.20;24.10
AVALLON;SAINT AIGNAN SUR CHER;;47.10;72.70;117.50;153.80;25.70
AVALLON;SAINT HILAIRE LES ANDRESIS;;9.90;15.40;25.10;34.60;6.00
AVALLON;SALBRIS;;40.40;62.00;101.70;133.40;22.00
AVALLON;SAVIGNY SUR CLAIRIS;;8.90;13.80;22.30;31.20;5.50
AVALLON;SELLES SUR CHER;;46.20;71.10;114.90;149.90;25.10
AVALLON;TOURS CENTRE MONNAIE;;47.60;71.80;116.00;152.10;26.30
AVALLON;VEIGNE;;53.50;82.80;135.30;173.80;29.60
AVALLON;VIERZON EST;;43.30;65.60;109.00;141.00;23.80
AVALLON;VIERZON NORD;;42.70;65.20;108.40;140.60;23.20
BALAN;ALLAINVILLE;;62.10;96.50;155.30;204.50;35.10
BALAN;ARTENAY;;58.00;89.30;143.30;190.60;32.60
BALAN;AUXY;;43.40;68.00;107.90;144.10;25.50
BALAN;BLERE;;74.80;116.10;185.10;243.10;42.80
BALAN;BLOIS;;64.90;100.20;160.40;212.20;36.70
BALAN;BOURGES;;71.70;110.80;177.70;234.90;40.80
BALAN;CHATEAU RENAULT;;67.80;104.30;166.00;220.90;38.70
BALAN;ESCRENNES;;47.90;74.70;120.40;159.50;27.90
BALAN;ESVRES;;76.10;118.30;188.90;247.30;43.30
BALAN;FONTENAY SUR LOING;;39.70;61.00;95.20;129.30;23.30
BALAN;GIDY;;58.50;90.10;144.20;191.70;32.80
BALAN;GONDREVILLE LA FRANCHE NORD;;41.50;64.20;99.40;133.50;23.80
BALAN;GONDREVILLE LA FRANCHE SUD;;46.00;71.00;110.10;147.70;26.60
BALAN;JANVILLE ALLAINES;;59.10;91.20;145.80;194.00;33.40
BALAN;LAMOTTE BEUVRON;;63.60;98.00;156.80;208.10;36.10
BALAN;MER;;63.50;97.00;155.10;205.60;35.90
BALAN;MEUNG;;61.40;94.40;149.80;199.70;34.60
BALAN;OLIVET;;60.20;92.70;148.30;196.10;34.10
BALAN;ORLEANS CENTRE;;59.50;91.80;146.50;193.70;33.50
BALAN;ORLEANS NORD;;58.70;90.40;144.50;192.00;33.10
BALAN;PARIS LA FOLIE BESSIN;;67.30;102.80;166.60;220.60;38.30
BALAN;ROMORANTIN;;69.20;107.30;170.40;225.80;39.00
BALAN;SAINT AIGNAN SUR CHER;;71.90;111.70;177.00;235.40;40.60
BALAN;SAINT HILAIRE LES ANDRESIS;;34.70;54.40;84.60;116.20;20.90
BALAN;SALBRIS;;65.20;101.00;161.20;215.00;36.90
BALAN;SAVIGNY SUR CLAIRIS;;33.70;52.80;81.80;112.80;20.40
BALAN;SELLES SUR CHER;;71.00;110.10;174.40;231.50;40.00
BALAN;TOURS CENTRE MONNAIE;;72.40;110.80;175.50;233.70;41.20
BALAN;VEIGNE;;78.30;121.80;194.80;255.40;44.50
BALAN;VIERZON EST;;68.10;104.60;168.50;222.60;38.70
BALAN;VIERZON NORD;;67.50;104.20;167.90;222.20;38.10
BARRIERE DE MONTREUIL AUX LIONS;ALLAINVILLE;;62.30;94.30;152.40;197.40;34.50
BARRIERE DE MONTREUIL AUX LIONS;ARTENAY;;58.20;87.10;140.40;183.50;32.00
BARRIERE DE MONTREUIL AUX LIONS;AUXY;;43.60;65.80;105.00;137.00;24.90
BARRIERE DE MONTREUIL AUX LIONS;BLERE;;75.00;113.90;182.20;236.00;42.20
BARRIERE DE MONTREUIL AUX LIONS;BLOIS;;65.10;98.00;157.50;205.10;36.10
BARRIERE DE MONTREUIL AUX LIONS;BOURGES;;71.90;108.60;174.80;227.80;40.20
BARRIERE DE MONTREUIL AUX LIONS;CHATEAU RENAULT;;68.00;102.10;163.10;213.80;38.10
BARRIERE DE MONTREUIL AUX LIONS;ESCRENNES;;48.10;72.50;117.50;152.40;27.30
BARRIERE DE MONTREUIL AUX LIONS;ESVRES;;76.30;116.10;186.00;240.20;42.70
BARRIERE DE MONTREUIL AUX LIONS;FONTENAY SUR LOING;;39.90;58.80;92.30;122.20;22.70
BARRIERE DE MONTREUIL AUX LIONS;GIDY;;58.70;87.90;141.30;184.60;32.20
BARRIERE DE MONTREUIL AUX LIONS;GONDREVILLE LA FRANCHE NORD;;41.70;62.00;96.50;126.40;23.20
BARRIERE DE MONTREUIL AUX LIONS;GONDREVILLE LA FRANCHE SUD;;46.20;68.80;107.20;140.60;26.00
BARRIERE DE MONTREUIL AUX LIONS;JANVILLE ALLAINES;;59.30;89.00;142.90;186.90;32.80
BARRIERE DE MONTREUIL AUX LIONS;LAMOTTE BEUVRON;;63.80;95.80;153.90;201.00;35.50
BARRIERE DE MONTREUIL AUX LIONS;MER;;63.70;94.80;152.20;198.50;35.30
BARRIERE DE MONTREUIL AUX LIONS;MEUNG;;61.60;92.20;146.90;192.60;34.00
BARRIERE DE MONTREUIL AUX LIONS;OLIVET;;60.40;90.50;145.40;189.00;33.50
BARRIERE DE MONTREUIL AUX LIONS;ORLEANS CENTRE;;59.70;89.60;143.60;186.60;32.90
BARRIERE DE MONTREUIL AUX LIONS;ORLEANS NORD;;58.90;88.20;141.60;184.90;32.50
BARRIERE DE MONTREUIL AUX LIONS;PARIS LA FOLIE BESSIN;;67.50;100.60;163.70;213.50;37.70
BARRIERE DE MONTREUIL AUX LIONS;ROMORANTIN;;69.40;105.10;167.50;218.70;38.40
BARRIERE DE MONTREUIL AUX LIONS;SAINT AIGNAN SUR CHER;;72.10;109.50;174.10;228.30;40.00
BARRIERE DE MONTREUIL AUX LIONS;SAINT HILAIRE LES ANDRESIS;;34.90;52.20;81.70;109.10;20.30
BARRIERE DE MONTREUIL AUX LIONS;SALBRIS;;65.40;98.80;158.30;207.90;36.30
BARRIERE DE MONTREUIL AUX LIONS;SAVIGNY SUR CLAIRIS;;33.90;50.60;78.90;105.70;19.80
BARRIERE DE MONTREUIL AUX LIONS;SELLES SUR CHER;;71.20;107.90;171.50;224.40;39.40
BARRIERE DE MONTREUIL AUX LIONS;TOURS CENTRE MONNAIE;;72.60;108.60;172.60;226.60;40.60
BARRIERE DE MONTREUIL AUX LIONS;VEIGNE;;78.50;119.60;191.90;248.30;43.90
BARRIERE DE MONTREUIL AUX LIONS;VIERZON EST;;68.30;102.40;165.60;215.50;38.10
BARRIERE DE MONTREUIL AUX LIONS;VIERZON NORD;;67.70;102.00;165.00;215.10;37.50
BAUME LES DAMES;ALLAINVILLE;;58.40;90.90;147.60;194.60;33.00
BAUME LES DAMES;ARTENAY;;54.30;83.70;135.60;180.70;30.50
BAUME LES DAMES;AUXY;;39.70;62.40;100.20;134.20;23.40
BAUME LES DAMES;BLERE;;71.10;110.50;177.40;233.20;40.70
BAUME LES DAMES;BLOIS;;61.20;94.60;152.70;202.30;34.60
BAUME LES DAMES;BOURGES;;68.00;105.20;170.00;225.00;38.70
BAUME LES DAMES;CHATEAU RENAULT;;64.10;98.70;158.30;211.00;36.60
BAUME LES DAMES;ESCRENNES;;44.20;69.10;112.70;149.60;25.80
BAUME LES DAMES;ESVRES;;72.40;112.70;181.20;237.40;41.20
BAUME LES DAMES;FONTENAY SUR LOING;;36.00;55.40;87.50;119.40;21.20
BAUME LES DAMES;GIDY;;54.80;84.50;136.50;181.80;30.70
BAUME LES DAMES;GONDREVILLE LA FRANCHE NORD;;37.80;58.60;91.70;123.60;21.70
BAUME LES DAMES;GONDREVILLE LA FRANCHE SUD;;42.30;65.40;102.40;137.80;24.50
BAUME LES DAMES;JANVILLE ALLAINES;;55.40;85.60;138.10;184.10;31.30
BAUME LES DAMES;LAMOTTE BEUVRON;;59.90;92.40;149.10;198.20;34.00
BAUME LES DAMES;MER;;59.80;91.40;147.40;195.70;33.80
BAUME LES DAMES;MEUNG;;57.70;88.80;142.10;189.80;32.50
BAUME LES DAMES;OLIVET;;56.50;87.10;140.60;186.20;32.00
BAUME LES DAMES;ORLEANS CENTRE;;55.80;86.20;138.80;183.80;31.40
BAUME LES DAMES;ORLEANS NORD;;55.00;84.80;136.80;182.10;31.00
BAUME LES DAMES;PARIS LA FOLIE BESSIN;;63.60;97.20;158.90;210.70;36.20
BAUME LES DAMES;ROMORANTIN;;65.50;101.70;162.70;215.90;36.90
BAUME LES DAMES;SAINT AIGNAN SUR CHER;;68.20;106.10;169.30;225.50;38.50
BAUME LES DAMES;SAINT HILAIRE LES ANDRESIS;;31.00;48.80;76.90;106.30;18.80
BAUME LES DAMES;SALBRIS;;61.50;95.40;153.50;205.10;34.80
BAUME LES DAMES;SAVIGNY SUR CLAIRIS;;30.00;47.20;74.10;102.90;18.30
BAUME LES DAMES;SELLES SUR CHER;;67.30;104.50;166.70;221.60;37.90
BAUME LES DAMES;TOURS CENTRE MONNAIE;;68.70;105.20;167.80;223.80;39.10
BAUME LES DAMES;VEIGNE;;74.60;116.20;187.10;245.50;42.40
BAUME LES DAMES;VIERZON EST;;64.40;99.00;160.80;212.70;36.60
BAUME LES DAMES;VIERZON NORD;;63.80;98.60;160.20;212.30;36.00
BEAUFORT EN VALLEE;ABLIS;;27.80;42.40;63.90;86.00;17.00
BEAUFORT EN VALLEE;ALENCON NORD;;15.10;24.20;34.00;46.40;9.20
BEAUFORT EN VALLEE;ALENCON SUD;;14.80;23.30;31.80;43.20;9.10
BEAUFORT EN VALLEE;PEAGE DE CORZE;;4.10;6.40;8.20;11.10;2.40
BEAUFORT EN VALLEE;ARGENTAN;;26.70;43.20;61.90;82.60;15.90
BEAUFORT EN VALLEE;AUVOURS LE MANS ZI SUD;;12.10;19.40;25.40;33.80;7.60
BEAUFORT EN VALLEE;BEAUMONT SUR SARTHE;;12.70;20.20;27.20;34.90;8.00
BEAUFORT EN VALLEE;BERNAY;;36.00;56.80;82.70;112.70;21.90
BEAUFORT EN VALLEE;BOURGUEIL;;3.20;4.60;7.30;10.50;2.10
BEAUFORT EN VALLEE;BRIONNE;;41.60;66.10;93.10;125.60;25.60
BEAUFORT EN VALLEE;BROU;;18.10;28.80;41.30;54.60;11.00
BEAUFORT EN VALLEE;CHARTRES EST;;25.30;38.50;57.00;74.50;15.10
BEAUFORT EN VALLEE;CHARTRES THIVARS;;23.40;35.00;51.10;68.10;13.90
BEAUFORT EN VALLEE;CHATEAU DU LOIR MONTABON;;16.10;24.70;35.80;46.50;9.90
BEAUFORT EN VALLEE;CONNERRE;;13.40;22.10;30.40;39.40;8.40
BEAUFORT EN VALLEE;DURTAL;;3.00;5.50;6.70;9.60;1.90
BEAUFORT EN VALLEE;ECOMMOY;;14.00;22.10;31.90;40.00;8.80
BEAUFORT EN VALLEE;EVRON;;16.10;24.60;35.80;46.20;9.70
BEAUFORT EN VALLEE;GACE;;26.60;41.90;58.70;78.90;16.30
BEAUFORT EN VALLEE;ILLIERS COMBRAY;;21.10;32.40;49.30;63.40;12.60
BEAUFORT EN VALLEE;LA FERTE BERNARD;;15.00;23.40;35.00;43.60;9.20
BEAUFORT EN VALLEE;LAVAL EST;;18.20;27.60;40.40;52.10;11.00
BEAUFORT EN VALLEE;LAVAL OUEST;;18.30;29.90;43.20;56.40;11.20
BEAUFORT EN VALLEE;LE MANS CENTRE UNIVERSITE;;9.50;15.20;20.30;26.70;5.80
BEAUFORT EN VALLEE;LE MANS SUD;;8.20;13.10;17.90;25.20;5.30
BEAUFORT EN VALLEE;LE MANS ZI NORD;;10.20;17.20;22.50;29.20;6.30
BEAUFORT EN VALLEE;LONGUE JUMELLES;;0.80;1.10;1.80;2.60;0.50
BEAUFORT EN VALLEE;ORBEC;;31.60;50.20;71.40;96.20;19.40
BEAUFORT EN VALLEE;PARIGNE L EVEQUE;;12.60;20.00;27.00;34.70;7.90
BEAUFORT EN VALLEE;PARIS LA FOLIE BESSIN;;32.20;50.60;76.40;98.70;20.10
BEAUFORT EN VALLEE;RESTIGNE;;6.70;9.20;14.70;19.10;3.70
BEAUFORT EN VALLEE;ROUMOIS;;51.00;80.60;112.90;154.50;30.10
BEAUFORT EN VALLEE;SABLE LA FLECHE;;4.90;7.80;10.30;14.10;2.70
BEAUFORT EN VALLEE;SAUMUR VIVY;;1.60;2.30;4.00;5.70;1.10
BEAUFORT EN VALLEE;SEES;;22.60;35.50;50.00;67.10;13.60
BEAUFORT EN VALLEE;SEICHES;;1.90;3.40;3.90;6.00;1.30
BEAUFORT EN VALLEE;SILLE LE GUILLAUME MAMERS;;13.60;21.40;29.30;38.30;8.50
BEAUFORT EN VALLEE;SILLE LE GUILLAUME SABLE;;13.50;20.90;28.80;37.80;8.40
BEAUFORT EN VALLEE;TOURS CENTRE SAINT CHRISTOPHE;;20.70;33.10;49.80;64.70;12.70
BEAUFORT EN VALLEE;VITRE LA GRAVELLE;;22.10;33.70;51.80;68.40;13.80
BEAULIEU;CHATELLERAULT NORD;;26.80;41.50;62.30;80.50;16.50
BEAULIEU;CHATELLERAULT SUD;;26.00;39.90;57.60;75.80;15.50
BEAULIEU;FUTUROSCOPE;;23.80;36.70;53.80;70.00;14.30
BEAULIEU;POITIERS NORD;;23.10;35.90;52.00;68.20;14.00
BEAULIEU;POITIERS SUD;;22.00;33.70;48.80;64.90;13.20
BEAULIEU;SAINTE MAURE;;30.20;46.90;69.30;92.30;18.50
BEAULIEU;TOURS CENTRE SORIGNY;;36.90;55.70;84.10;112.20;22.30
BEAUMONT;ALLAINVILLE;;62.60;95.70;155.20;200.70;34.20
BEAUMONT;ARTENAY;;58.50;88.50;143.20;186.80;31.70
BEAUMONT;AUXY;;43.90;67.20;107.80;140.30;24.60
BEAUMONT;BLERE;;75.30;115.30;185.00;239.30;41.90
BEAUMONT;BLOIS;;65.40;99.40;160.30;208.40;35.80
BEAUMONT;BOURGES;;72.20;110.00;177.60;231.10;39.90
BEAUMONT;CHATEAU RENAULT;;68.30;103.50;165.90;217.10;37.80
BEAUMONT;ESCRENNES;;48.40;73.90;120.30;155.70;27.00
BEAUMONT;ESVRES;;76.60;117.50;188.80;243.50;42.40
BEAUMONT;FONTENAY SUR LOING;;40.20;60.20;95.10;125.50;22.40
BEAUMONT;GIDY;;59.00;89.30;144.10;187.90;31.90
BEAUMONT;GONDREVILLE LA FRANCHE NORD;;42.00;63.40;99.30;129.70;22.90
BEAUMONT;GONDREVILLE LA FRANCHE SUD;;46.50;70.20;110.00;143.90;25.70
BEAUMONT;JANVILLE ALLAINES;;59.60;90.40;145.70;190.20;32.50
BEAUMONT;LAMOTTE BEUVRON;;64.10;97.20;156.70;204.30;35.20
BEAUMONT;MER;;64.00;96.20;155.00;201.80;35.00
BEAUMONT;MEUNG;;61.90;93.60;149.70;195.90;33.70
BEAUMONT;OLIVET;;60.70;91.90;148.20;192.30;33.20
BEAUMONT;ORLEANS CENTRE;;60.00;91.00;146.40;189.90;32.60
BEAUMONT;ORLEANS NORD;;59.20;89.60;144.40;188.20;32.20
BEAUMONT;PARIS LA FOLIE BESSIN;;67.80;102.00;166.50;216.80;37.40
BEAUMONT;ROMORANTIN;;69.70;106.50;170.30;222.00;38.10
BEAUMONT;SAINT AIGNAN SUR CHER;;72.40;110.90;176.90;231.60;39.70
BEAUMONT;SAINT HILAIRE LES ANDRESIS;;35.20;53.60;84.50;112.40;20.00
BEAUMONT;SALBRIS;;65.70;100.20;161.10;211.20;36.00
BEAUMONT;SAVIGNY SUR CLAIRIS;;34.20;52.00;81.70;109.00;19.50
BEAUMONT;SELLES SUR CHER;;71.50;109.30;174.30;227.70;39.10
BEAUMONT;TOURS CENTRE MONNAIE;;72.90;110.00;175.40;229.90;40.30
BEAUMONT;VEIGNE;;78.80;121.00;194.70;251.60;43.60
BEAUMONT;VIERZON EST;;68.60;103.80;168.40;218.80;37.80
BEAUMONT;VIERZON NORD;;68.00;103.40;167.80;218.40;37.20
BEAUMONT SUR SARTHE;ABLIS;;18.90;30.20;46.10;63.90;11.90
BEAUMONT SUR SARTHE;ALENCON NORD;;2.30;3.20;4.60;7.90;1.40
BEAUMONT SUR SARTHE;ALENCON SUD;;1.70;2.40;3.60;5.20;1.00
BEAUMONT SUR SARTHE;PEAGE DE CORZE;;13.40;20.40;29.70;36.30;8.10
BEAUMONT SUR SARTHE;ARGENTAN;;13.10;22.00;32.00;44.20;8.10
BEAUMONT SUR SARTHE;AUVOURS LE MANS ZI SUD;;2.60;4.60;7.40;9.30;1.70
BEAUMONT SUR SARTHE;BEAUFORT EN VALLEE;;12.70;20.20;27.20;34.90;8.00
BEAUMONT SUR SARTHE;BERNAY;;22.40;35.60;52.80;74.30;14.10
BEAUMONT SUR SARTHE;BOURGUEIL;;17.30;26.20;38.10;48.70;10.80
BEAUMONT SUR SARTHE;BRIONNE;;28.00;44.90;63.20;87.20;17.80
BEAUMONT SUR SARTHE;BROU;;9.50;15.30;26.80;32.90;5.70
BEAUMONT SUR SARTHE;CHARTRES EST;;15.90;26.40;40.70;51.60;9.80
BEAUMONT SUR SARTHE;CHARTRES THIVARS;;14.00;23.00;36.00;46.70;8.90
BEAUMONT SUR SARTHE;CHATEAU DU LOIR MONTABON;;6.40;10.10;16.60;19.60;4.30
BEAUMONT SUR SARTHE;CONNERRE;;5.20;7.80;12.30;15.80;3.30
BEAUMONT SUR SARTHE;DURTAL;;8.30;12.90;18.90;23.40;5.20
BEAUMONT SUR SARTHE;ECOMMOY;;4.80;7.70;12.30;15.80;3.50
BEAUMONT SUR SARTHE;EVRON;;8.00;13.40;21.60;27.50;4.60
BEAUMONT SUR SARTHE;GACE;;13.00;20.70;28.80;40.50;8.50
BEAUMONT SUR SARTHE;ILLIERS COMBRAY;;12.00;19.30;33.40;43.00;6.80
BEAUMONT SUR SARTHE;LA FERTE BERNARD;;6.90;11.20;17.10;22.60;4.30
BEAUMONT SUR SARTHE;LAVAL EST;;10.10;16.40;26.20;33.70;5.90
BEAUMONT SUR SARTHE;LAVAL OUEST;;11.50;18.00;29.20;36.80;7.20
BEAUMONT SUR SARTHE;LE MANS CENTRE UNIVERSITE;;3.20;5.00;6.90;8.20;2.20
BEAUMONT SUR SARTHE;LE MANS SUD;;4.20;6.70;9.40;11.70;2.80
BEAUMONT SUR SARTHE;LE MANS ZI NORD;;1.80;2.70;4.40;5.90;1.10
BEAUMONT SUR SARTHE;LONGUE JUMELLES;;13.70;21.30;29.90;37.80;8.60
BEAUMONT SUR SARTHE;ORBEC;;18.00;29.00;41.50;57.80;11.60
BEAUMONT SUR SARTHE;PARIGNE L EVEQUE;;3.20;5.10;8.60;9.90;2.10
BEAUMONT SUR SARTHE;PARIS LA FOLIE BESSIN;;23.00;37.20;58.70;76.40;14.50
BEAUMONT SUR SARTHE;RESTIGNE;;21.30;32.30;45.90;60.10;13.10
BEAUMONT SUR SARTHE;ROUMOIS;;37.40;59.40;83.00;116.10;22.30
BEAUMONT SUR SARTHE;SABLE LA FLECHE;;7.30;11.00;15.90;20.60;4.40
BEAUMONT SUR SARTHE;SAUMUR VIVY;;15.10;23.80;34.50;43.50;9.60
BEAUMONT SUR SARTHE;SEES;;9.00;14.30;20.10;28.70;5.80
BEAUMONT SUR SARTHE;SEICHES;;11.00;16.70;23.50;29.70;6.60
BEAUMONT SUR SARTHE;SILLE LE GUILLAUME MAMERS;;0.90;1.70;2.10;2.60;0.60
BEAUMONT SUR SARTHE;SILLE LE GUILLAUME SABLE;;5.30;8.80;14.10;17.20;3.30
BEAUMONT SUR SARTHE;TOURS CENTRE SAINT CHRISTOPHE;;11.70;19.20;30.40;37.90;7.40
BEAUMONT SUR SARTHE;VITRE LA GRAVELLE;;14.00;22.70;36.00;45.00;8.80
BEAUNE NORD;ALLAINVILLE;;45.80;71.30;116.60;150.60;25.30
BEAUNE NORD;ARTENAY;;41.70;64.10;104.60;136.70;22.80
BEAUNE NORD;AUXY;;27.10;42.80;69.20;90.20;15.70
BEAUNE NORD;BLERE;;58.50;90.90;146.40;189.20;33.00
BEAUNE NORD;BLOIS;;48.60;75.00;121.70;158.30;26.90
BEAUNE NORD;BOURGES;;55.40;85.60;139.00;181.00;31.00
BEAUNE NORD;CHATEAU RENAULT;;51.50;79.10;127.30;167.00;28.90
BEAUNE NORD;ESCRENNES;;31.60;49.50;81.70;105.60;18.10
BEAUNE NORD;ESVRES;;59.80;93.10;150.20;193.40;33.50
BEAUNE NORD;FONTENAY SUR LOING;;23.40;35.80;56.50;75.40;13.50
BEAUNE NORD;GIDY;;42.20;64.90;105.50;137.80;23.00
BEAUNE NORD;GONDREVILLE LA FRANCHE NORD;;25.20;39.00;60.70;79.60;14.00
BEAUNE NORD;GONDREVILLE LA FRANCHE SUD;;29.70;45.80;71.40;93.80;16.80
BEAUNE NORD;JANVILLE ALLAINES;;42.80;66.00;107.10;140.10;23.60
BEAUNE NORD;LAMOTTE BEUVRON;;47.30;72.80;118.10;154.20;26.30
BEAUNE NORD;MER;;47.20;71.80;116.40;151.70;26.10
BEAUNE NORD;MEUNG;;45.10;69.20;111.10;145.80;24.80
BEAUNE NORD;OLIVET;;43.90;67.50;109.60;142.20;24.30
BEAUNE NORD;ORLEANS CENTRE;;43.20;66.60;107.80;139.80;23.70
BEAUNE NORD;ORLEANS NORD;;42.40;65.20;105.80;138.10;23.30
BEAUNE NORD;PARIS LA FOLIE BESSIN;;51.00;77.60;127.90;166.70;28.50
BEAUNE NORD;ROMORANTIN;;52.90;82.10;131.70;171.90;29.20
BEAUNE NORD;SAINT AIGNAN SUR CHER;;55.60;86.50;138.30;181.50;30.80
BEAUNE NORD;SAINT HILAIRE LES ANDRESIS;;18.40;29.20;45.90;62.30;11.10
BEAUNE NORD;SALBRIS;;48.90;75.80;122.50;161.10;27.10
BEAUNE NORD;SAVIGNY SUR CLAIRIS;;17.40;27.60;43.10;58.90;10.60
BEAUNE NORD;SELLES SUR CHER;;54.70;84.90;135.70;177.60;30.20
BEAUNE NORD;TOURS CENTRE MONNAIE;;56.10;85.60;136.80;179.80;31.40
BEAUNE NORD;VEIGNE;;62.00;96.60;156.10;201.50;34.70
BEAUNE NORD;VIERZON EST;;51.80;79.40;129.80;168.70;28.90
BEAUNE NORD;VIERZON NORD;;51.20;79.00;129.20;168.30;28.30
BEAUNE SUD;ALLAINVILLE;;47.10;72.80;119.20;154.70;25.90
BEAUNE SUD;ARTENAY;;43.00;65.60;107.20;140.80;23.40
BEAUNE SUD;AUXY;;28.40;44.30;71.80;94.30;16.30
BEAUNE SUD;BLERE;;59.80;92.40;149.00;193.30;33.60
BEAUNE SUD;BLOIS;;49.90;76.50;124.30;162.40;27.50
BEAUNE SUD;BOURGES;;56.70;87.10;141.60;185.10;31.60
BEAUNE SUD;CHATEAU RENAULT;;52.80;80.60;129.90;171.10;29.50
BEAUNE SUD;ESCRENNES;;32.90;51.00;84.30;109.70;18.70
BEAUNE SUD;ESVRES;;61.10;94.60;152.80;197.50;34.10
BEAUNE SUD;FONTENAY SUR LOING;;24.70;37.30;59.10;79.50;14.10
BEAUNE SUD;GIDY;;43.50;66.40;108.10;141.90;23.60
BEAUNE SUD;GONDREVILLE LA FRANCHE NORD;;26.50;40.50;63.30;83.70;14.60
BEAUNE SUD;GONDREVILLE LA FRANCHE SUD;;31.00;47.30;74.00;97.90;17.40
BEAUNE SUD;JANVILLE ALLAINES;;44.10;67.50;109.70;144.20;24.20
BEAUNE SUD;LAMOTTE BEUVRON;;48.60;74.30;120.70;158.30;26.90
BEAUNE SUD;MER;;48.50;73.30;119.00;155.80;26.70
BEAUNE SUD;MEUNG;;46.40;70.70;113.70;149.90;25.40
BEAUNE SUD;OLIVET;;45.20;69.00;112.20;146.30;24.90
BEAUNE SUD;ORLEANS CENTRE;;44.50;68.10;110.40;143.90;24.30
BEAUNE SUD;ORLEANS NORD;;43.70;66.70;108.40;142.20;23.90
BEAUNE SUD;PARIS LA FOLIE BESSIN;;52.30;79.10;130.50;170.80;29.10
BEAUNE SUD;ROMORANTIN;;54.20;83.60;134.30;176.00;29.80
BEAUNE SUD;SAINT AIGNAN SUR CHER;;56.90;88.00;140.90;185.60;31.40
BEAUNE SUD;SAINT HILAIRE LES ANDRESIS;;19.70;30.70;48.50;66.40;11.70
BEAUNE SUD;SALBRIS;;50.20;77.30;125.10;165.20;27.70
BEAUNE SUD;SAVIGNY SUR CLAIRIS;;18.70;29.10;45.70;63.00;11.20
BEAUNE SUD;SELLES SUR CHER;;56.00;86.40;138.30;181.70;30.80
BEAUNE SUD;TOURS CENTRE MONNAIE;;57.40;87.10;139.40;183.90;32.00
BEAUNE SUD;VEIGNE;;63.30;98.10;158.70;205.60;35.30
BEAUNE SUD;VIERZON EST;;53.10;80.90;132.40;172.80;29.50
BEAUNE SUD;VIERZON NORD;;52.50;80.50;131.80;172.40;28.90
BEAUPONT;ALLAINVILLE;;58.60;91.40;149.10;196.00;33.30
BEAUPONT;ARTENAY;;54.50;84.20;137.10;182.10;30.80
BEAUPONT;AUXY;;39.90;62.90;101.70;135.60;23.70
BEAUPONT;BLERE;;71.30;111.00;178.90;234.60;41.00
BEAUPONT;BLOIS;;61.40;95.10;154.20;203.70;34.90
BEAUPONT;BOURGES;;68.20;105.70;171.50;226.40;39.00
BEAUPONT;CHATEAU RENAULT;;64.30;99.20;159.80;212.40;36.90
BEAUPONT;ESCRENNES;;44.40;69.60;114.20;151.00;26.10
BEAUPONT;ESVRES;;72.60;113.20;182.70;238.80;41.50
BEAUPONT;FONTENAY SUR LOING;;36.20;55.90;89.00;120.80;21.50
BEAUPONT;GIDY;;55.00;85.00;138.00;183.20;31.00
BEAUPONT;GONDREVILLE LA FRANCHE NORD;;38.00;59.10;93.20;125.00;22.00
BEAUPONT;GONDREVILLE LA FRANCHE SUD;;42.50;65.90;103.90;139.20;24.80
BEAUPONT;JANVILLE ALLAINES;;55.60;86.10;139.60;185.50;31.60
BEAUPONT;LAMOTTE BEUVRON;;60.10;92.90;150.60;199.60;34.30
BEAUPONT;MER;;60.00;91.90;148.90;197.10;34.10
BEAUPONT;MEUNG;;57.90;89.30;143.60;191.20;32.80
BEAUPONT;OLIVET;;56.70;87.60;142.10;187.60;32.30
BEAUPONT;ORLEANS CENTRE;;56.00;86.70;140.30;185.20;31.70
BEAUPONT;ORLEANS NORD;;55.20;85.30;138.30;183.50;31.30
BEAUPONT;PARIS LA FOLIE BESSIN;;63.80;97.70;160.40;212.10;36.50
BEAUPONT;ROMORANTIN;;65.70;102.20;164.20;217.30;37.20
BEAUPONT;SAINT AIGNAN SUR CHER;;68.40;106.60;170.80;226.90;38.80
BEAUPONT;SAINT HILAIRE LES ANDRESIS;;31.20;49.30;78.40;107.70;19.10
BEAUPONT;SALBRIS;;61.70;95.90;155.00;206.50;35.10
BEAUPONT;SAVIGNY SUR CLAIRIS;;30.20;47.70;75.60;104.30;18.60
BEAUPONT;SELLES SUR CHER;;67.50;105.00;168.20;223.00;38.20
BEAUPONT;TOURS CENTRE MONNAIE;;68.90;105.70;169.30;225.20;39.40
BEAUPONT;VEIGNE;;74.80;116.70;188.60;246.90;42.70
BEAUPONT;VIERZON EST;;64.60;99.50;162.30;214.10;36.90
BEAUPONT;VIERZON NORD;;64.00;99.10;161.70;213.70;36.30
BEAUREPAIRE;ALLAINVILLE;;56.50;87.90;143.30;188.90;31.50
BEAUREPAIRE;ARTENAY;;52.40;80.70;131.30;175.00;29.00
BEAUREPAIRE;AUXY;;37.80;59.40;95.90;128.50;21.90
BEAUREPAIRE;BLERE;;69.20;107.50;173.10;227.50;39.20
BEAUREPAIRE;BLOIS;;59.30;91.60;148.40;196.60;33.10
BEAUREPAIRE;BOURGES;;66.10;102.20;165.70;219.30;37.20
BEAUREPAIRE;CHATEAU RENAULT;;62.20;95.70;154.00;205.30;35.10
BEAUREPAIRE;ESCRENNES;;42.30;66.10;108.40;143.90;24.30
BEAUREPAIRE;ESVRES;;70.50;109.70;176.90;231.70;39.70
BEAUREPAIRE;FONTENAY SUR LOING;;34.10;52.40;83.20;113.70;19.70
BEAUREPAIRE;GIDY;;52.90;81.50;132.20;176.10;29.20
BEAUREPAIRE;GONDREVILLE LA FRANCHE NORD;;35.90;55.60;87.40;117.90;20.20
BEAUREPAIRE;GONDREVILLE LA FRANCHE SUD;;40.40;62.40;98.10;132.10;23.00
BEAUREPAIRE;JANVILLE ALLAINES;;53.50;82.60;133.80;178.40;29.80
BEAUREPAIRE;LAMOTTE BEUVRON;;58.00;89.40;144.80;192.50;32.50
BEAUREPAIRE;MER;;57.90;88.40;143.10;190.00;32.30
BEAUREPAIRE;MEUNG;;55.80;85.80;137.80;184.10;31.00
BEAUREPAIRE;OLIVET;;54.60;84.10;136.30;180.50;30.50
BEAUREPAIRE;ORLEANS CENTRE;;53.90;83.20;134.50;178.10;29.90
BEAUREPAIRE;ORLEANS NORD;;53.10;81.80;132.50;176.40;29.50
BEAUREPAIRE;PARIS LA FOLIE BESSIN;;61.70;94.20;154.60;205.00;34.70
BEAUREPAIRE;ROMORANTIN;;63.60;98.70;158.40;210.20;35.40
BEAUREPAIRE;SAINT AIGNAN SUR CHER;;66.30;103.10;165.00;219.80;37.00
BEAUREPAIRE;SAINT HILAIRE LES ANDRESIS;;29.10;45.80;72.60;100.60;17.30
BEAUREPAIRE;SALBRIS;;59.60;92.40;149.20;199.40;33.30
BEAUREPAIRE;SAVIGNY SUR CLAIRIS;;28.10;44.20;69.80;97.20;16.80
BEAUREPAIRE;SELLES SUR CHER;;65.40;101.50;162.40;215.90;36.40
BEAUREPAIRE;TOURS CENTRE MONNAIE;;66.80;102.20;163.50;218.10;37.60
BEAUREPAIRE;VEIGNE;;72.70;113.20;182.80;239.80;40.90
BEAUREPAIRE;VIERZON EST;;62.50;96.00;156.50;207.00;35.10
BEAUREPAIRE;VIERZON NORD;;61.90;95.60;155.90;206.60;34.50
BELLEGARDE;ALLAINVILLE;;68.10;106.20;171.00;226.60;38.90
BELLEGARDE;ARTENAY;;64.00;99.00;159.00;212.70;36.40
BELLEGARDE;AUXY;;49.40;77.70;123.60;166.20;29.30
BELLEGARDE;BLERE;;80.80;125.80;200.80;265.20;46.60
BELLEGARDE;BLOIS;;70.90;109.90;176.10;234.30;40.50
BELLEGARDE;BOURGES;;77.70;120.50;193.40;257.00;44.60
BELLEGARDE;CHATEAU RENAULT;;73.80;114.00;181.70;243.00;42.50
BELLEGARDE;ESCRENNES;;53.90;84.40;136.10;181.60;31.70
BELLEGARDE;ESVRES;;82.10;128.00;204.60;269.40;47.10
BELLEGARDE;FONTENAY SUR LOING;;45.70;70.70;110.90;151.40;27.10
BELLEGARDE;GIDY;;64.50;99.80;159.90;213.80;36.60
BELLEGARDE;GONDREVILLE LA FRANCHE NORD;;47.50;73.90;115.10;155.60;27.60
BELLEGARDE;GONDREVILLE LA FRANCHE SUD;;52.00;80.70;125.80;169.80;30.40
BELLEGARDE;JANVILLE ALLAINES;;65.10;100.90;161.50;216.10;37.20
BELLEGARDE;LAMOTTE BEUVRON;;69.60;107.70;172.50;230.20;39.90
BELLEGARDE;MER;;69.50;106.70;170.80;227.70;39.70
BELLEGARDE;MEUNG;;67.40;104.10;165.50;221.80;38.40
BELLEGARDE;OLIVET;;66.20;102.40;164.00;218.20;37.90
BELLEGARDE;ORLEANS CENTRE;;65.50;101.50;162.20;215.80;37.30
BELLEGARDE;ORLEANS NORD;;64.70;100.10;160.20;214.10;36.90
BELLEGARDE;PARIS LA FOLIE BESSIN;;73.30;112.50;182.30;242.70;42.10
BELLEGARDE;ROMORANTIN;;75.20;117.00;186.10;247.90;42.80
BELLEGARDE;SAINT AIGNAN SUR CHER;;77.90;121.40;192.70;257.50;44.40
BELLEGARDE;SAINT HILAIRE LES ANDRESIS;;40.70;64.10;100.30;138.30;24.70
BELLEGARDE;SALBRIS;;71.20;110.70;176.90;237.10;40.70
BELLEGARDE;SAVIGNY SUR CLAIRIS;;39.70;62.50;97.50;134.90;24.20
BELLEGARDE;SELLES SUR CHER;;77.00;119.80;190.10;253.60;43.80
BELLEGARDE;TOURS CENTRE MONNAIE;;78.40;120.50;191.20;255.80;45.00
BELLEGARDE;VEIGNE;;84.30;131.50;210.50;277.50;48.30
BELLEGARDE;VIERZON EST;;74.10;114.30;184.20;244.70;42.50
BELLEGARDE;VIERZON NORD;;73.50;113.90;183.60;244.30;41.90
BELLEVILLE SUR SAONE;ALLAINVILLE;;56.60;87.80;141.90;186.50;31.50
BELLEVILLE SUR SAONE;ARTENAY;;52.50;80.60;129.90;172.60;29.00
BELLEVILLE SUR SAONE;AUXY;;37.90;59.30;94.50;126.10;21.90
BELLEVILLE SUR SAONE;BLERE;;69.30;107.40;171.70;225.10;39.20
BELLEVILLE SUR SAONE;BLOIS;;59.40;91.50;147.00;194.20;33.10
BELLEVILLE SUR SAONE;BOURGES;;66.20;102.10;164.30;216.90;37.20
BELLEVILLE SUR SAONE;CHATEAU RENAULT;;62.30;95.60;152.60;202.90;35.10
BELLEVILLE SUR SAONE;ESCRENNES;;42.40;66.00;107.00;141.50;24.30
BELLEVILLE SUR SAONE;ESVRES;;70.60;109.60;175.50;229.30;39.70
BELLEVILLE SUR SAONE;FONTENAY SUR LOING;;34.20;52.30;81.80;111.30;19.70
BELLEVILLE SUR SAONE;GIDY;;53.00;81.40;130.80;173.70;29.20
BELLEVILLE SUR SAONE;GONDREVILLE LA FRANCHE NORD;;36.00;55.50;86.00;115.50;20.20
BELLEVILLE SUR SAONE;GONDREVILLE LA FRANCHE SUD;;40.50;62.30;96.70;129.70;23.00
BELLEVILLE SUR SAONE;JANVILLE ALLAINES;;53.60;82.50;132.40;176.00;29.80
BELLEVILLE SUR SAONE;LAMOTTE BEUVRON;;58.10;89.30;143.40;190.10;32.50
BELLEVILLE SUR SAONE;MER;;58.00;88.30;141.70;187.60;32.30
BELLEVILLE SUR SAONE;MEUNG;;55.90;85.70;136.40;181.70;31.00
BELLEVILLE SUR SAONE;OLIVET;;54.70;84.00;134.90;178.10;30.50
BELLEVILLE SUR SAONE;ORLEANS CENTRE;;54.00;83.10;133.10;175.70;29.90
BELLEVILLE SUR SAONE;ORLEANS NORD;;53.20;81.70;131.10;174.00;29.50
BELLEVILLE SUR SAONE;PARIS LA FOLIE BESSIN;;61.80;94.10;153.20;202.60;34.70
BELLEVILLE SUR SAONE;ROMORANTIN;;63.70;98.60;157.00;207.80;35.40
BELLEVILLE SUR SAONE;SAINT AIGNAN SUR CHER;;66.40;103.00;163.60;217.40;37.00
BELLEVILLE SUR SAONE;SAINT HILAIRE LES ANDRESIS;;29.20;45.70;71.20;98.20;17.30
BELLEVILLE SUR SAONE;SALBRIS;;59.70;92.30;147.80;197.00;33.30
BELLEVILLE SUR SAONE;SAVIGNY SUR CLAIRIS;;28.20;44.10;68.40;94.80;16.80
BELLEVILLE SUR SAONE;SELLES SUR CHER;;65.50;101.40;161.00;213.50;36.40
BELLEVILLE SUR SAONE;TOURS CENTRE MONNAIE;;66.90;102.10;162.10;215.70;37.60
BELLEVILLE SUR SAONE;VEIGNE;;72.80;113.10;181.40;237.40;40.90
BELLEVILLE SUR SAONE;VIERZON EST;;62.60;95.90;155.10;204.60;35.10
BELLEVILLE SUR SAONE;VIERZON NORD;;62.00;95.50;154.50;204.20;34.50
BERNAY;ABLIS;;42.10;67.20;101.00;139.60;25.40
BERNAY;ALENCON NORD;;19.80;32.00;47.80;65.80;12.10
BERNAY;ALENCON SUD;;20.40;33.10;49.40;68.00;12.60
BERNAY;AUVOURS LE MANS ZI SUD;;25.40;41.50;63.30;83.50;16.00
BERNAY;BEAUFORT EN VALLEE;;36.00;56.80;82.70;112.70;21.90
BERNAY;BEAUMONT SUR SARTHE;;22.40;35.60;52.80;74.30;14.10
BERNAY;BOURGUEIL;;40.60;62.80;93.60;126.50;24.70
BERNAY;BROU;;33.00;52.60;81.60;110.80;19.90
BERNAY;CHARTRES EST;;38.90;63.10;94.50;126.70;23.90
BERNAY;CHARTRES THIVARS;;37.60;59.40;90.70;121.80;22.60
BERNAY;CHATEAU DU LOIR MONTABON;;29.70;46.80;72.60;97.60;18.30
BERNAY;CONNERRE;;28.40;45.10;68.50;89.90;17.40
BERNAY;ECOMMOY;;27.50;43.90;67.90;88.40;17.20
BERNAY;EVRON;;30.80;50.00;75.80;103.10;18.70
BERNAY;ILLIERS COMBRAY;;35.80;57.40;89.30;121.30;21.40
BERNAY;LA FERTE BERNARD;;29.40;48.30;72.90;99.30;18.00
BERNAY;LAVAL EST;;32.90;53.00;80.40;109.00;20.00
BERNAY;LAVAL OUEST;;33.40;53.80;82.50;111.20;20.50
BERNAY;LE MANS CENTRE UNIVERSITE;;26.50;41.60;62.40;86.00;16.10
BERNAY;LE MANS ZI NORD;;24.90;40.00;60.50;79.70;15.40
BERNAY;LONGUE JUMELLES;;37.00;57.90;85.40;115.60;22.50
BERNAY;PARIGNE L EVEQUE;;26.30;41.70;63.40;87.10;16.20
BERNAY;PARIS LA FOLIE BESSIN;;45.90;74.10;112.30;151.30;28.10
BERNAY;RESTIGNE;;44.60;68.90;101.40;137.90;27.00
BERNAY;SAUMUR VIVY;;38.40;60.40;90.00;121.30;23.50
BERNAY;SILLE LE GUILLAUME MAMERS;;21.30;34.40;51.00;70.60;13.30
BERNAY;SILLE LE GUILLAUME SABLE;;27.30;45.00;69.30;94.80;17.20
BERNAY;TOURS CENTRE SAINT CHRISTOPHE;;35.30;56.70;87.10;117.90;22.00
BERNAY;VITRE LA GRAVELLE;;34.80;57.10;86.60;117.90;21.70
BERSAILLIN;ALLAINVILLE;;55.10;84.70;139.70;182.70;30.70
BERSAILLIN;ARTENAY;;51.00;77.50;127.70;168.80;28.20
BERSAILLIN;AUXY;;36.40;56.20;92.30;122.30;21.10
BERSAILLIN;BLERE;;67.80;104.30;169.50;221.30;38.40
BERSAILLIN;BLOIS;;57.90;88.40;144.80;190.40;32.30
BERSAILLIN;BOURGES;;64.70;99.00;162.10;213.10;36.40
BERSAILLIN;CHATEAU RENAULT;;60.80;92.50;150.40;199.10;34.30
BERSAILLIN;ESCRENNES;;40.90;62.90;104.80;137.70;23.50
BERSAILLIN;ESVRES;;69.10;106.50;173.30;225.50;38.90
BERSAILLIN;FONTENAY SUR LOING;;32.70;49.20;79.60;107.50;18.90
BERSAILLIN;GIDY;;51.50;78.30;128.60;169.90;28.40
BERSAILLIN;GONDREVILLE LA FRANCHE NORD;;34.50;52.40;83.80;111.70;19.40
BERSAILLIN;GONDREVILLE LA FRANCHE SUD;;39.00;59.20;94.50;125.90;22.20
BERSAILLIN;JANVILLE ALLAINES;;52.10;79.40;130.20;172.20;29.00
BERSAILLIN;LAMOTTE BEUVRON;;56.60;86.20;141.20;186.30;31.70
BERSAILLIN;MER;;56.50;85.20;139.50;183.80;31.50
BERSAILLIN;MEUNG;;54.40;82.60;134.20;177.90;30.20
BERSAILLIN;OLIVET;;53.20;80.90;132.70;174.30;29.70
BERSAILLIN;ORLEANS CENTRE;;52.50;80.00;130.90;171.90;29.10
BERSAILLIN;ORLEANS NORD;;51.70;78.60;128.90;170.20;28.70
BERSAILLIN;PARIS LA FOLIE BESSIN;;60.30;91.00;151.00;198.80;33.90
BERSAILLIN;ROMORANTIN;;62.20;95.50;154.80;204.00;34.60
BERSAILLIN;SAINT AIGNAN SUR CHER;;64.90;99.90;161.40;213.60;36.20
BERSAILLIN;SAINT HILAIRE LES ANDRESIS;;27.70;42.60;69.00;94.40;16.50
BERSAILLIN;SALBRIS;;58.20;89.20;145.60;193.20;32.50
BERSAILLIN;SAVIGNY SUR CLAIRIS;;26.70;41.00;66.20;91.00;16.00
BERSAILLIN;SELLES SUR CHER;;64.00;98.30;158.80;209.70;35.60
BERSAILLIN;TOURS CENTRE MONNAIE;;65.40;99.00;159.90;211.90;36.80
BERSAILLIN;VEIGNE;;71.30;110.00;179.20;233.60;40.10
BERSAILLIN;VIERZON EST;;61.10;92.80;152.90;200.80;34.30
BERSAILLIN;VIERZON NORD;;60.50;92.40;152.30;200.40;33.70
BESANCON EST;ALLAINVILLE;;55.60;87.30;142.10;187.20;31.30
BESANCON EST;ARTENAY;;51.50;80.10;130.10;173.30;28.80
BESANCON EST;AUXY;;36.90;58.80;94.70;126.80;21.70
BESANCON EST;BLERE;;68.30;106.90;171.90;225.80;39.00
BESANCON EST;BLOIS;;58.40;91.00;147.20;194.90;32.90
BESANCON EST;BOURGES;;65.20;101.60;164.50;217.60;37.00
BESANCON EST;CHATEAU RENAULT;;61.30;95.10;152.80;203.60;34.90
BESANCON EST;ESCRENNES;;41.40;65.50;107.20;142.20;24.10
BESANCON EST;ESVRES;;69.60;109.10;175.70;230.00;39.50
BESANCON EST;FONTENAY SUR LOING;;33.20;51.80;82.00;112.00;19.50
BESANCON EST;GIDY;;52.00;80.90;131.00;174.40;29.00
BESANCON EST;GONDREVILLE LA FRANCHE NORD;;35.00;55.00;86.20;116.20;20.00
BESANCON EST;GONDREVILLE LA FRANCHE SUD;;39.50;61.80;96.90;130.40;22.80
BESANCON EST;JANVILLE ALLAINES;;52.60;82.00;132.60;176.70;29.60
BESANCON EST;LAMOTTE BEUVRON;;57.10;88.80;143.60;190.80;32.30
BESANCON EST;MER;;57.00;87.80;141.90;188.30;32.10
BESANCON EST;MEUNG;;54.90;85.20;136.60;182.40;30.80
BESANCON EST;OLIVET;;53.70;83.50;135.10;178.80;30.30
BESANCON EST;ORLEANS CENTRE;;53.00;82.60;133.30;176.40;29.70
BESANCON EST;ORLEANS NORD;;52.20;81.20;131.30;174.70;29.30
BESANCON EST;PARIS LA FOLIE BESSIN;;60.80;93.60;153.40;203.30;34.50
BESANCON EST;ROMORANTIN;;62.70;98.10;157.20;208.50;35.20
BESANCON EST;SAINT AIGNAN SUR CHER;;65.40;102.50;163.80;218.10;36.80
BESANCON EST;SAINT HILAIRE LES ANDRESIS;;28.20;45.20;71.40;98.90;17.10
BESANCON EST;SALBRIS;;58.70;91.80;148.00;197.70;33.10
BESANCON EST;SAVIGNY SUR CLAIRIS;;27.20;43.60;68.60;95.50;16.60
BESANCON EST;SELLES SUR CHER;;64.50;100.90;161.20;214.20;36.20
BESANCON EST;TOURS CENTRE MONNAIE;;65.90;101.60;162.30;216.40;37.40
BESANCON EST;VEIGNE;;71.80;112.60;181.60;238.10;40.70
BESANCON EST;VIERZON EST;;61.60;95.40;155.30;205.30;34.90
BESANCON EST;VIERZON NORD;;61.00;95.00;154.70;204.90;34.30
BESANCON NORD;ALLAINVILLE;;55.60;86.20;140.50;184.20;30.90
BESANCON NORD;ARTENAY;;51.50;79.00;128.50;170.30;28.40
BESANCON NORD;AUXY;;36.90;57.70;93.10;123.80;21.30
BESANCON NORD;BLERE;;68.30;105.80;170.30;222.80;38.60
BESANCON NORD;BLOIS;;58.40;89.90;145.60;191.90;32.50
BESANCON NORD;BOURGES;;65.20;100.50;162.90;214.60;36.60
BESANCON NORD;CHATEAU RENAULT;;61.30;94.00;151.20;200.60;34.50
BESANCON NORD;ESCRENNES;;41.40;64.40;105.60;139.20;23.70
BESANCON NORD;ESVRES;;69.60;108.00;174.10;227.00;39.10
BESANCON NORD;FONTENAY SUR LOING;;33.20;50.70;80.40;109.00;19.10
BESANCON NORD;GIDY;;52.00;79.80;129.40;171.40;28.60
BESANCON NORD;GONDREVILLE LA FRANCHE NORD;;35.00;53.90;84.60;113.20;19.60
BESANCON NORD;GONDREVILLE LA FRANCHE SUD;;39.50;60.70;95.30;127.40;22.40
BESANCON NORD;JANVILLE ALLAINES;;52.60;80.90;131.00;173.70;29.20
BESANCON NORD;LAMOTTE BEUVRON;;57.10;87.70;142.00;187.80;31.90
BESANCON NORD;MER;;57.00;86.70;140.30;185.30;31.70
BESANCON NORD;MEUNG;;54.90;84.10;135.00;179.40;30.40
BESANCON NORD;OLIVET;;53.70;82.40;133.50;175.80;29.90
BESANCON NORD;ORLEANS CENTRE;;53.00;81.50;131.70;173.40;29.30
BESANCON NORD;ORLEANS NORD;;52.20;80.10;129.70;171.70;28.90
BESANCON NORD;PARIS LA FOLIE BESSIN;;60.80;92.50;151.80;200.30;34.10
BESANCON NORD;ROMORANTIN;;62.70;97.00;155.60;205.50;34.80
BESANCON NORD;SAINT AIGNAN SUR CHER;;65.40;101.40;162.20;215.10;36.40
BESANCON NORD;SAINT HILAIRE LES ANDRESIS;;28.20;44.10;69.80;95.90;16.70
BESANCON NORD;SALBRIS;;58.70;90.70;146.40;194.70;32.70
BESANCON NORD;SAVIGNY SUR CLAIRIS;;27.20;42.50;67.00;92.50;16.20
BESANCON NORD;SELLES SUR CHER;;64.50;99.80;159.60;211.20;35.80
BESANCON NORD;TOURS CENTRE MONNAIE;;65.90;100.50;160.70;213.40;37.00
BESANCON NORD;VEIGNE;;71.80;111.50;180.00;235.10;40.30
BESANCON NORD;VIERZON EST;;61.60;94.30;153.70;202.30;34.50
BESANCON NORD;VIERZON NORD;;61.00;93.90;153.10;201.90;33.90
BESANCON OUEST;ALLAINVILLE;;55.60;85.60;140.00;183.10;30.80
BESANCON OUEST;ARTENAY;;51.50;78.40;128.00;169.20;28.30
BESANCON OUEST;AUXY;;36.90;57.10;92.60;122.70;21.20
BESANCON OUEST;BLERE;;68.30;105.20;169.80;221.70;38.50
BESANCON OUEST;BLOIS;;58.40;89.30;145.10;190.80;32.40
BESANCON OUEST;BOURGES;;65.20;99.90;162.40;213.50;36.50
BESANCON OUEST;CHATEAU RENAULT;;61.30;93.40;150.70;199.50;34.40
BESANCON OUEST;ESCRENNES;;41.40;63.80;105.10;138.10;23.60
BESANCON OUEST;ESVRES;;69.60;107.40;173.60;225.90;39.00
BESANCON OUEST;FONTENAY SUR LOING;;33.20;50.10;79.90;107.90;19.00
BESANCON OUEST;GIDY;;52.00;79.20;128.90;170.30;28.50
BESANCON OUEST;GONDREVILLE LA FRANCHE NORD;;35.00;53.30;84.10;112.10;19.50
BESANCON OUEST;GONDREVILLE LA FRANCHE SUD;;39.50;60.10;94.80;126.30;22.30
BESANCON OUEST;JANVILLE ALLAINES;;52.60;80.30;130.50;172.60;29.10
BESANCON OUEST;LAMOTTE BEUVRON;;57.10;87.10;141.50;186.70;31.80
BESANCON OUEST;MER;;57.00;86.10;139.80;184.20;31.60
BESANCON OUEST;MEUNG;;54.90;83.50;134.50;178.30;30.30
BESANCON OUEST;OLIVET;;53.70;81.80;133.00;174.70;29.80
BESANCON OUEST;ORLEANS CENTRE;;53.00;80.90;131.20;172.30;29.20
BESANCON OUEST;ORLEANS NORD;;52.20;79.50;129.20;170.60;28.80
BESANCON OUEST;PARIS LA FOLIE BESSIN;;60.80;91.90;151.30;199.20;34.00
BESANCON OUEST;ROMORANTIN;;62.70;96.40;155.10;204.40;34.70
BESANCON OUEST;SAINT AIGNAN SUR CHER;;65.40;100.80;161.70;214.00;36.30
BESANCON OUEST;SAINT HILAIRE LES ANDRESIS;;28.20;43.50;69.30;94.80;16.60
BESANCON OUEST;SALBRIS;;58.70;90.10;145.90;193.60;32.60
BESANCON OUEST;SAVIGNY SUR CLAIRIS;;27.20;41.90;66.50;91.40;16.10
BESANCON OUEST;SELLES SUR CHER;;64.50;99.20;159.10;210.10;35.70
BESANCON OUEST;TOURS CENTRE MONNAIE;;65.90;99.90;160.20;212.30;36.90
BESANCON OUEST;VEIGNE;;71.80;110.90;179.50;234.00;40.20
BESANCON OUEST;VIERZON EST;;61.60;93.70;153.20;201.20;34.40
BESANCON OUEST;VIERZON NORD;;61.00;93.30;152.60;200.80;33.80
BEYNOST;ALLAINVILLE;;64.60;100.60;161.50;213.50;37.10
BEYNOST;ARTENAY;;60.50;93.40;149.50;199.60;34.60
BEYNOST;AUXY;;45.90;72.10;114.10;153.10;27.50
BEYNOST;BLERE;;77.30;120.20;191.30;252.10;44.80
BEYNOST;BLOIS;;67.40;104.30;166.60;221.20;38.70
BEYNOST;BOURGES;;74.20;114.90;183.90;243.90;42.80
BEYNOST;CHATEAU RENAULT;;70.30;108.40;172.20;229.90;40.70
BEYNOST;ESCRENNES;;50.40;78.80;126.60;168.50;29.90
BEYNOST;ESVRES;;78.60;122.40;195.10;256.30;45.30
BEYNOST;FONTENAY SUR LOING;;42.20;65.10;101.40;138.30;25.30
BEYNOST;GIDY;;61.00;94.20;150.40;200.70;34.80
BEYNOST;GONDREVILLE LA FRANCHE NORD;;44.00;68.30;105.60;142.50;25.80
BEYNOST;GONDREVILLE LA FRANCHE SUD;;48.50;75.10;116.30;156.70;28.60
BEYNOST;JANVILLE ALLAINES;;61.60;95.30;152.00;203.00;35.40
BEYNOST;LAMOTTE BEUVRON;;66.10;102.10;163.00;217.10;38.10
BEYNOST;MER;;66.00;101.10;161.30;214.60;37.90
BEYNOST;MEUNG;;63.90;98.50;156.00;208.70;36.60
BEYNOST;OLIVET;;62.70;96.80;154.50;205.10;36.10
BEYNOST;ORLEANS CENTRE;;62.00;95.90;152.70;202.70;35.50
BEYNOST;ORLEANS NORD;;61.20;94.50;150.70;201.00;35.10
BEYNOST;PARIS LA FOLIE BESSIN;;69.80;106.90;172.80;229.60;40.30
BEYNOST;ROMORANTIN;;71.70;111.40;176.60;234.80;41.00
BEYNOST;SAINT AIGNAN SUR CHER;;74.40;115.80;183.20;244.40;42.60
BEYNOST;SAINT HILAIRE LES ANDRESIS;;37.20;58.50;90.80;125.20;22.90
BEYNOST;SALBRIS;;67.70;105.10;167.40;224.00;38.90
BEYNOST;SAVIGNY SUR CLAIRIS;;36.20;56.90;88.00;121.80;22.40
BEYNOST;SELLES SUR CHER;;73.50;114.20;180.60;240.50;42.00
BEYNOST;TOURS CENTRE MONNAIE;;74.90;114.90;181.70;242.70;43.20
BEYNOST;VEIGNE;;80.80;125.90;201.00;264.40;46.50
BEYNOST;VIERZON EST;;70.60;108.70;174.70;231.60;40.70
BEYNOST;VIERZON NORD;;70.00;108.30;174.10;231.20;40.10
BIERRE LES SEMUR;ALLAINVILLE;;39.40;60.40;100.40;129.20;21.40
BIERRE LES SEMUR;ARTENAY;;35.30;53.20;88.40;115.30;18.90
BIERRE LES SEMUR;AUXY;;20.70;31.90;53.00;68.80;11.80
BIERRE LES SEMUR;BLERE;;52.10;80.00;130.20;167.80;29.10
BIERRE LES SEMUR;BLOIS;;42.20;64.10;105.50;136.90;23.00
BIERRE LES SEMUR;BOURGES;;49.00;74.70;122.80;159.60;27.10
BIERRE LES SEMUR;CHATEAU RENAULT;;45.10;68.20;111.10;145.60;25.00
BIERRE LES SEMUR;ESCRENNES;;25.20;38.60;65.50;84.20;14.20
BIERRE LES SEMUR;ESVRES;;53.40;82.20;134.00;172.00;29.60
BIERRE LES SEMUR;FONTENAY SUR LOING;;17.00;24.90;40.30;54.00;9.60
BIERRE LES SEMUR;GIDY;;35.80;54.00;89.30;116.40;19.10
BIERRE LES SEMUR;GONDREVILLE LA FRANCHE NORD;;18.80;28.10;44.50;58.20;10.10
BIERRE LES SEMUR;GONDREVILLE LA FRANCHE SUD;;23.30;34.90;55.20;72.40;12.90
BIERRE LES SEMUR;JANVILLE ALLAINES;;36.40;55.10;90.90;118.70;19.70
BIERRE LES SEMUR;LAMOTTE BEUVRON;;40.90;61.90;101.90;132.80;22.40
BIERRE LES SEMUR;MER;;40.80;60.90;100.20;130.30;22.20
BIERRE LES SEMUR;MEUNG;;38.70;58.30;94.90;124.40;20.90
BIERRE LES SEMUR;OLIVET;;37.50;56.60;93.40;120.80;20.40
BIERRE LES SEMUR;ORLEANS CENTRE;;36.80;55.70;91.60;118.40;19.80
BIERRE LES SEMUR;ORLEANS NORD;;36.00;54.30;89.60;116.70;19.40
BIERRE LES SEMUR;PARIS LA FOLIE BESSIN;;44.60;66.70;111.70;145.30;24.60
BIERRE LES SEMUR;ROMORANTIN;;46.50;71.20;115.50;150.50;25.30
BIERRE LES SEMUR;SAINT AIGNAN SUR CHER;;49.20;75.60;122.10;160.10;26.90
BIERRE LES SEMUR;SAINT HILAIRE LES ANDRESIS;;12.00;18.30;29.70;40.90;7.20
BIERRE LES SEMUR;SALBRIS;;42.50;64.90;106.30;139.70;23.20
BIERRE LES SEMUR;SAVIGNY SUR CLAIRIS;;11.00;16.70;26.90;37.50;6.70
BIERRE LES SEMUR;SELLES SUR CHER;;48.30;74.00;119.50;156.20;26.30
BIERRE LES SEMUR;TOURS CENTRE MONNAIE;;49.70;74.70;120.60;158.40;27.50
BIERRE LES SEMUR;VEIGNE;;55.60;85.70;139.90;180.10;30.80
BIERRE LES SEMUR;VIERZON EST;;45.40;68.50;113.60;147.30;25.00
BIERRE LES SEMUR;VIERZON NORD;;44.80;68.10;113.00;146.90;24.40
BLERE;ALLAINVILLE;;24.90;40.50;63.40;77.70;15.00
BLERE;AMBERIEU EN BUGEY;;73.90;114.00;182.30;239.80;42.20
BLERE;ARLAY;;68.00;105.80;171.00;223.00;38.50
BLERE;ARTENAY;;19.50;30.90;50.10;63.70;12.10
BLERE;AUXERRE NORD;;45.80;70.40;114.60;145.80;25.00
BLERE;AUXERRE SUD;;45.80;70.40;114.60;145.80;25.00
BLERE;AUXY;;28.60;43.70;70.70;89.50;15.80
BLERE;AVALLON;;50.00;77.10;125.60;161.50;27.90
BLERE;BALAN;;74.80;116.10;185.10;243.10;42.80
BLERE;BARRIERE DE MONTREUIL AUX LIONS;;75.00;113.90;182.20;236.00;42.20
BLERE;BAUME LES DAMES;;71.10;110.50;177.40;233.20;40.70
BLERE;BEAUMONT;;75.30;115.30;185.00;239.30;41.90
BLERE;BEAUNE NORD;;58.50;90.90;146.40;189.20;33.00
BLERE;BEAUNE SUD;;59.80;92.40;149.00;193.30;33.60
BLERE;BEAUPONT;;71.30;111.00;178.90;234.60;41.00
BLERE;BEAUREPAIRE;;69.20;107.50;173.10;227.50;39.20
BLERE;BELLEGARDE;;80.80;125.80;200.80;265.20;46.60
BLERE;BELLEVILLE SUR SAONE;;69.30;107.40;171.70;225.10;39.20
BLERE;BERSAILLIN;;67.80;104.30;169.50;221.30;38.40
BLERE;BESANCON EST;;68.30;106.90;171.90;225.80;39.00
BLERE;BESANCON NORD;;68.30;105.80;170.30;222.80;38.60
BLERE;BESANCON OUEST;;68.30;105.20;169.80;221.70;38.50
BLERE;BEYNOST;;77.30;120.20;191.30;252.10;44.80
BLERE;BIERRE LES SEMUR;;52.10;80.00;130.20;167.80;29.10
BLERE;BLOIS;;22.60;36.70;56.30;71.90;13.80
BLERE;BOURG NORD;;69.50;107.90;171.90;225.80;39.60
BLERE;BOURG SUD;;70.80;110.20;176.00;231.00;41.00
BLERE;BOURGES;;14.00;22.70;35.20;45.70;8.60
BLERE;BULGNEVILLE;;62.80;97.20;155.70;204.10;35.20
BLERE;CHALON CENTRE;;62.20;96.60;154.00;200.70;34.90
BLERE;CHALON NORD;;62.20;96.60;154.00;200.70;34.90
BLERE;CHALON SUD;;62.20;96.60;154.00;200.70;34.90
BLERE;CHALONS LA VEUVE;;61.30;93.90;153.30;196.20;34.30
BLERE;CHARMONT;;53.20;82.10;133.00;171.70;29.60
BLERE;CHATEAU RENAULT;;24.70;40.60;62.50;82.00;15.50
BLERE;CHATEAU THIERRY;;70.20;106.90;172.00;224.10;39.40
BLERE;CHATENOIS;;63.40;97.90;157.50;206.10;35.80
BLERE;CHATILLON LABORDE;;49.10;75.70;122.50;157.20;27.40
BLERE;CHAUMONT SEMOUTIERS;;55.80;86.00;139.40;180.70;31.10
BLERE;CHOISEY;;64.60;99.50;160.90;210.00;36.30
BLERE;CLERMONT;;32.80;51.10;82.00;111.20;19.60
BLERE;CLERMONT EN ARGONNE;;64.60;100.60;161.90;209.00;36.80
BLERE;COLOMBEY LES BELLES;;66.20;101.80;163.90;215.80;37.10
BLERE;COMBRONDE;;28.10;43.80;69.00;93.20;16.70
BLERE;COURTENAY;;41.30;63.50;103.70;130.80;22.50
BLERE;CRIMOLOIS;;63.40;97.60;158.00;205.10;35.80
BLERE;DEUX CHAISES;;24.50;39.00;61.50;82.60;14.90
BLERE;DIJON SUD;;62.40;97.00;155.30;202.30;35.00
BLERE;DIJON ARC SUR TILLE;;64.10;99.40;159.20;207.70;36.10
BLERE;DOLE;;64.60;99.50;160.90;210.00;36.30
BLERE;DORMANS;;67.40;103.30;166.30;215.40;38.10
BLERE;EGLETONS;;42.60;66.30;100.10;137.50;25.50
BLERE;ELOISE ANNECY;;82.20;128.30;204.20;270.20;47.60
BLERE;EPERNAY;;64.90;98.80;160.10;206.20;35.90
BLERE;ESCRENNES;;24.10;37.70;58.70;75.60;13.80
BLERE;ESVRES;;1.60;2.90;3.90;4.80;1.10
BLERE;FEILLENS;;66.90;103.90;167.00;218.90;38.30
BLERE;FLEURY EN BIERE;;47.70;73.60;118.90;151.70;26.30
BLERE;FONTAINEBLEAU;;45.00;69.20;112.70;142.30;24.70
BLERE;FONTENAY SUR LOING;;32.40;50.90;84.70;105.60;18.00
BLERE;FORET DE TRONCAIS;;20.40;32.60;50.00;66.00;12.40
BLERE;FORGES;;46.70;71.40;115.90;148.30;25.30
BLERE;FRESNES EN WOEVRE;;69.90;108.10;173.80;224.20;39.30
BLERE;GANNAT;;27.80;43.70;68.20;92.50;16.60
BLERE;GENDREY;;65.70;101.80;164.40;215.40;37.40
BLERE;GERZAT;;29.70;46.70;72.60;96.80;17.80
BLERE;GIDY;;17.20;27.40;43.20;54.20;10.50
BLERE;GONDREVILLE LA FRANCHE NORD;;32.10;48.40;79.30;101.10;17.50
BLERE;GONDREVILLE LA FRANCHE SUD;;36.60;55.20;90.00;115.30;20.30
BLERE;GROISSIAT;;77.70;120.80;193.40;254.90;45.00
BLERE;GYE;;68.50;105.10;168.20;221.20;38.40
BLERE;JANVILLE ALLAINES;;21.60;34.10;53.10;67.90;13.40
BLERE;JARNY;;71.20;111.00;176.60;226.20;40.40
BLERE;JOIGNY;;43.00;65.90;107.20;135.90;23.50
BLERE;L ISLE SUR LE DOUBS;;72.70;112.80;180.90;237.80;41.50
BLERE;LA BOISSE;;78.80;122.50;195.50;257.90;45.60
BLERE;LA BOISSE MONTLUEL;;76.40;118.20;186.40;245.00;44.00
BLERE;LA COTIERE;;77.20;119.40;190.70;249.40;44.70
BLERE;LA CROIX CHALON;;75.90;118.00;189.00;249.10;43.70
BLERE;LAMOTTE BEUVRON;;12.90;19.40;30.40;40.50;7.90
BLERE;LANGRES NORD;;57.90;88.80;142.20;185.70;32.30
BLERE;LANGRES SUD;;58.70;90.20;145.00;188.60;33.00
BLERE;LE MIROIR;;70.30;109.00;175.60;229.80;40.10
BLERE;LES EPRUNES;;50.20;78.00;126.40;163.10;28.30
BLERE;MACON NORD;;66.80;103.50;165.00;216.00;37.90
BLERE;MACON SUD;;67.70;105.00;167.50;219.20;38.40
BLERE;MAGNANT;;52.30;80.50;130.10;168.50;29.10
BLERE;MANZAT;;29.70;47.10;72.70;97.50;17.90
BLERE;MAROLLES SUR SEINE;;46.70;71.40;115.90;148.30;25.30
BLERE;MER;;20.70;34.10;51.40;67.20;12.70
BLERE;MEUNG;;18.40;30.00;46.10;59.10;11.10
BLERE;MONT CHOISY;;58.80;91.00;148.30;190.90;33.20
BLERE;MONTIGNY LE ROI;;59.60;91.30;147.50;192.60;33.40
BLERE;MONTLUCON;;22.80;36.20;55.90;75.20;13.70
BLERE;MONTMARAULT;;24.10;38.30;60.10;81.30;14.50
BLERE;MONTREUIL AUX LIONS;;72.80;110.40;176.80;227.60;40.70
BLERE;NEMOURS;;45.00;69.20;112.70;142.30;24.70
BLERE;NITRY;;48.10;74.00;120.00;154.30;26.50
BLERE;NUITS SAINT GEORGES;;60.70;94.00;151.70;197.20;34.10
BLERE;OLIVET;;16.00;24.20;38.90;51.00;9.50
BLERE;ORLEANS CENTRE;;16.50;26.80;41.60;53.30;10.30
BLERE;ORLEANS NORD;;16.60;27.00;42.60;53.60;10.40
BLERE;ORMES;;66.40;100.90;163.20;210.30;36.70
BLERE;PARIS LA FOLIE BESSIN;;29.20;45.40;74.00;91.80;17.60
BLERE;PEROUGES;;74.80;116.10;185.10;243.10;42.80
BLERE;PONT D AIN;;72.20;112.60;180.80;236.80;41.60
BLERE;POUILLY EN AUXOIS;;55.90;86.20;139.00;181.00;31.00
BLERE;REIMS TAISSY;;65.10;99.30;161.50;207.90;36.20
BLERE;REIMS TINQUEUX;;66.80;101.70;163.80;212.30;37.10
BLERE;REPLONGES;;66.90;103.90;167.00;218.90;38.30
BLERE;RIOM;;29.50;46.50;72.00;96.60;17.60
BLERE;ROBECOURT;;61.30;94.90;152.30;199.20;34.50
BLERE;ROMORANTIN;;7.40;10.80;17.50;19.50;4.40
BLERE;SAINT AIGNAN SUR CHER;;3.50;5.50;7.80;9.90;2.40
BLERE;SAINT AMAND;;17.80;28.60;44.20;57.60;10.80
BLERE;SAINT DENIS LES SENS;;43.70;67.30;109.10;138.00;23.90
BLERE;SAINT ETIENNE AU TEMPLE;;60.70;94.20;153.70;198.80;34.40
BLERE;SAINT GENIS;;71.40;110.60;175.30;229.30;40.60
BLERE;SAINT GERMAIN LAXIS;;49.10;75.70;122.50;157.20;27.40
BLERE;SAINT GIBRIEN;;59.90;92.30;150.00;193.70;33.70
BLERE;SAINT HILAIRE LES ANDRESIS;;37.20;57.30;93.10;116.30;20.40
BLERE;SAINT MARTIN DU FRESNE;;75.60;117.90;187.50;247.30;43.70
BLERE;SAINT MAURICE;;77.40;120.10;193.40;255.60;44.80
BLERE;SAINT THIBAULT;;49.60;76.50;124.60;160.50;27.80
BLERE;SAINTE MENEHOULD;;63.00;98.00;159.70;206.60;35.90
BLERE;SALBRIS;;11.00;17.00;27.80;34.40;6.50
BLERE;SAVIGNY SUR CLAIRIS;;37.80;57.50;93.90;119.20;20.70
BLERE;SELLES SUR CHER;;4.60;6.70;10.90;12.90;2.80
BLERE;SEURRE;;61.90;96.20;153.90;200.90;34.80
BLERE;SOIRANS;;63.30;97.50;158.90;206.20;36.10
BLERE;SOMMESOUS;;56.50;87.50;142.30;183.60;31.70
BLERE;ST GERMAIN LES VERGNES;;47.90;74.80;111.70;152.80;28.80
BLERE;ST JULIEN SANCY;;34.70;54.80;84.00;112.80;21.00
BLERE;SYLANS;;76.30;118.90;189.10;249.50;44.10
BLERE;THENNELIERES;;51.00;78.80;126.30;162.60;28.70
BLERE;TIL CHATEL;;61.20;93.70;152.10;198.90;34.30
BLERE;TORVILLIERS;;49.10;75.70;122.80;157.50;27.40
BLERE;TOURNUS;;63.90;99.10;158.70;206.50;36.10
BLERE;TOURS CENTRE MONNAIE;;28.50;47.10;74.20;93.10;18.00
BLERE;TULLE EST;;45.50;70.90;106.90;144.00;27.10
BLERE;TULLE NORD;;46.20;72.20;107.70;149.10;27.40
BLERE;URY;;45.80;70.30;114.00;144.50;25.20
BLERE;USSEL EST;;37.50;59.40;90.70;122.70;22.40
BLERE;USSEL OUEST;;39.60;61.40;94.30;128.20;23.70
BLERE;VAL DE SAONE;;74.20;113.30;182.90;240.40;41.90
BLERE;VALLEE DE L AUBE;;54.40;84.20;136.20;175.90;30.40
BLERE;VATRY;;57.30;88.20;142.40;185.00;31.90
BLERE;VEIGNE;;2.60;4.90;8.50;10.60;1.70
BLERE;VERDUN;;69.90;108.10;173.80;224.20;39.30
BLERE;VIERZON EST;;10.80;17.30;27.10;35.60;6.40
BLERE;VIERZON NORD;;9.50;16.40;25.50;32.80;5.90
BLERE;VILLE SOUS LA FERTE;;53.90;83.30;135.30;174.80;30.00
BLERE;VILLEFRANCHE NORD;;70.30;108.30;175.00;229.20;40.20
BLERE;VILLEFRANCHE LIMAS;;74.50;115.00;183.50;241.20;42.20
BLERE;VILLEFRANCHE VILLE;;70.90;109.90;175.80;230.30;40.50
BLERE;VILLENEUVE DONDAGRE;;42.40;65.30;106.20;134.40;23.20
BLERE;VIRIAT;;69.60;108.00;172.50;226.80;40.30
BLERE;VIRY;;86.60;135.80;215.90;285.40;50.50
BLERE;VOIE SACREE;;67.10;104.10;165.70;215.20;37.90
BLERE;VULAINES;;47.00;71.40;115.90;148.20;25.40
BLERE;VULCANIA BROMONT;;32.10;50.50;78.10;105.10;19.30
BLOIS;ALLAINVILLE;;14.40;23.10;37.30;46.70;9.10
BLOIS;AMBERIEU EN BUGEY;;64.00;98.10;157.60;208.90;36.10
BLOIS;ARLAY;;58.10;89.90;146.30;192.10;32.40
BLOIS;ARTENAY;;9.20;14.10;23.70;30.40;5.50
BLOIS;AUXERRE NORD;;35.90;54.50;89.90;114.90;18.90
BLOIS;AUXERRE SUD;;35.90;54.50;89.90;114.90;18.90
BLOIS;AUXY;;18.70;27.80;46.00;58.60;9.70
BLOIS;AVALLON;;40.10;61.20;100.90;130.60;21.80
BLOIS;BALAN;;64.90;100.20;160.40;212.20;36.70
BLOIS;BARRIERE DE MONTREUIL AUX LIONS;;65.10;98.00;157.50;205.10;36.10
BLOIS;BAUME LES DAMES;;61.20;94.60;152.70;202.30;34.60
BLOIS;BEAUMONT;;65.40;99.40;160.30;208.40;35.80
BLOIS;BEAUNE NORD;;48.60;75.00;121.70;158.30;26.90
BLOIS;BEAUNE SUD;;49.90;76.50;124.30;162.40;27.50
BLOIS;BEAUPONT;;61.40;95.10;154.20;203.70;34.90
BLOIS;BEAUREPAIRE;;59.30;91.60;148.40;196.60;33.10
BLOIS;BELLEGARDE;;70.90;109.90;176.10;234.30;40.50
BLOIS;BELLEVILLE SUR SAONE;;59.40;91.50;147.00;194.20;33.10
BLOIS;BERSAILLIN;;57.90;88.40;144.80;190.40;32.30
BLOIS;BESANCON EST;;58.40;91.00;147.20;194.90;32.90
BLOIS;BESANCON NORD;;58.40;89.90;145.60;191.90;32.50
BLOIS;BESANCON OUEST;;58.40;89.30;145.10;190.80;32.40
BLOIS;BEYNOST;;67.40;104.30;166.60;221.20;38.70
BLOIS;BIERRE LES SEMUR;;42.20;64.10;105.50;136.90;23.00
BLOIS;BLERE;;22.60;36.70;56.30;71.90;13.80
BLOIS;BOURG NORD;;59.60;92.00;147.20;194.90;33.50
BLOIS;BOURG SUD;;60.90;94.30;151.30;200.10;34.90
BLOIS;BOURGES;;19.50;30.30;48.90;60.30;11.90
BLOIS;BULGNEVILLE;;52.90;81.30;131.00;173.20;29.10
BLOIS;CHALON CENTRE;;52.30;80.70;129.30;169.80;28.80
BLOIS;CHALON NORD;;52.30;80.70;129.30;169.80;28.80
BLOIS;CHALON SUD;;52.30;80.70;129.30;169.80;28.80
BLOIS;CHALONS LA VEUVE;;51.40;78.00;128.60;165.30;28.20
BLOIS;CHARMONT;;43.30;66.20;108.30;140.80;23.50
BLOIS;CHATEAU RENAULT;;2.90;4.10;5.60;9.10;1.70
BLOIS;CHATEAU THIERRY;;60.30;91.00;147.30;193.20;33.30
BLOIS;CHATENOIS;;53.50;82.00;132.80;175.20;29.70
BLOIS;CHATILLON LABORDE;;39.20;59.80;97.80;126.30;21.30
BLOIS;CHAUMONT SEMOUTIERS;;45.90;70.10;114.70;149.80;25.00
BLOIS;CHOISEY;;54.70;83.60;136.20;179.10;30.20
BLOIS;CLERMONT;;38.30;58.70;95.70;125.80;22.90
BLOIS;CLERMONT EN ARGONNE;;54.70;84.70;137.20;178.10;30.70
BLOIS;COLOMBEY LES BELLES;;56.30;85.90;139.20;184.90;31.00
BLOIS;COMBRONDE;;33.60;51.40;82.70;107.80;20.00
BLOIS;COURTENAY;;31.40;47.60;79.00;99.90;16.40
BLOIS;CRIMOLOIS;;53.50;81.70;133.30;174.20;29.70
BLOIS;DEUX CHAISES;;30.00;46.60;75.20;97.20;18.20
BLOIS;DIJON SUD;;52.50;81.10;130.60;171.40;28.90
BLOIS;DIJON ARC SUR TILLE;;54.20;83.50;134.50;176.80;30.00
BLOIS;DOLE;;54.70;83.60;136.20;179.10;30.20
BLOIS;DORMANS;;57.50;87.40;141.60;184.50;32.00
BLOIS;EGLETONS;;48.10;73.90;113.80;152.10;28.80
BLOIS;ELOISE ANNECY;;72.30;112.40;179.50;239.30;41.50
BLOIS;EPERNAY;;55.00;82.90;135.40;175.30;29.80
BLOIS;ESCRENNES;;14.20;21.80;34.00;44.70;7.70
BLOIS;ESVRES;;23.90;38.90;60.10;75.90;14.50
BLOIS;FEILLENS;;57.00;88.00;142.30;188.00;32.20
BLOIS;FLEURY EN BIERE;;37.80;57.70;94.20;120.80;20.20
BLOIS;FONTAINEBLEAU;;35.10;53.30;88.00;111.40;18.60
BLOIS;FONTENAY SUR LOING;;22.50;35.00;60.00;74.70;11.90
BLOIS;FORET DE TRONCAIS;;25.90;40.20;63.70;80.60;15.70
BLOIS;FORGES;;36.80;55.50;91.20;117.40;19.20
BLOIS;FRESNES EN WOEVRE;;60.00;92.20;149.10;193.30;33.20
BLOIS;GANNAT;;33.30;51.30;81.90;107.10;19.90
BLOIS;GENDREY;;55.80;85.90;139.70;184.50;31.30
BLOIS;GERZAT;;35.20;54.30;86.30;111.40;21.10
BLOIS;GIDY;;7.40;11.60;18.50;23.10;4.40
BLOIS;GONDREVILLE LA FRANCHE NORD;;22.20;32.50;54.60;70.20;11.40
BLOIS;GONDREVILLE LA FRANCHE SUD;;26.70;39.30;65.30;84.40;14.20
BLOIS;GROISSIAT;;67.80;104.90;168.70;224.00;38.90
BLOIS;GYE;;58.60;89.20;143.50;190.30;32.30
BLOIS;JANVILLE ALLAINES;;9.50;16.40;27.30;34.10;5.80
BLOIS;JARNY;;61.30;95.10;151.90;195.30;34.30
BLOIS;JOIGNY;;33.10;50.00;82.50;105.00;17.40
BLOIS;L ISLE SUR LE DOUBS;;62.80;96.90;156.20;206.90;35.40
BLOIS;LA BOISSE;;68.90;106.60;170.80;227.00;39.50
BLOIS;LA BOISSE MONTLUEL;;66.50;102.30;161.70;214.10;37.90
BLOIS;LA COTIERE;;67.30;103.50;166.00;218.50;38.60
BLOIS;LA CROIX CHALON;;66.00;102.10;164.30;218.20;37.60
BLOIS;LAMOTTE BEUVRON;;11.00;16.40;27.50;34.60;6.10
BLOIS;LANGRES NORD;;48.00;72.90;117.50;154.80;26.20
BLOIS;LANGRES SUD;;48.80;74.30;120.30;157.70;26.90
BLOIS;LE MIROIR;;60.40;93.10;150.90;198.90;34.00
BLOIS;LES EPRUNES;;40.30;62.10;101.70;132.20;22.20
BLOIS;MACON NORD;;56.90;87.60;140.30;185.10;31.80
BLOIS;MACON SUD;;57.80;89.10;142.80;188.30;32.30
BLOIS;MAGNANT;;42.40;64.60;105.40;137.60;23.00
BLOIS;MANZAT;;35.20;54.70;86.40;112.10;21.20
BLOIS;MAROLLES SUR SEINE;;36.80;55.50;91.20;117.40;19.20
BLOIS;MER;;1.80;3.30;4.80;5.80;1.30
BLOIS;MEUNG;;3.20;5.70;9.60;11.20;1.90
BLOIS;MONT CHOISY;;48.90;75.10;123.60;160.00;27.10
BLOIS;MONTIGNY LE ROI;;49.70;75.40;122.80;161.70;27.30
BLOIS;MONTLUCON;;28.30;43.80;69.60;89.80;17.00
BLOIS;MONTMARAULT;;29.60;45.90;73.80;95.90;17.80
BLOIS;MONTREUIL AUX LIONS;;62.90;94.50;152.10;196.70;34.60
BLOIS;NEMOURS;;35.10;53.30;88.00;111.40;18.60
BLOIS;NITRY;;38.20;58.10;95.30;123.40;20.40
BLOIS;NUITS SAINT GEORGES;;50.80;78.10;127.00;166.30;28.00
BLOIS;OLIVET;;7.30;11.50;17.50;23.60;4.10
BLOIS;ORLEANS CENTRE;;6.60;10.30;15.90;20.10;4.00
BLOIS;ORLEANS NORD;;7.10;10.50;17.20;21.80;4.30
BLOIS;ORMES;;56.50;85.00;138.50;179.40;30.60
BLOIS;PARIS LA FOLIE BESSIN;;19.20;30.00;49.70;62.20;11.80
BLOIS;PEROUGES;;64.90;100.20;160.40;212.20;36.70
BLOIS;PONT D AIN;;62.30;96.70;156.10;205.90;35.50
BLOIS;POUILLY EN AUXOIS;;46.00;70.30;114.30;150.10;24.90
BLOIS;REIMS TAISSY;;55.20;83.40;136.80;177.00;30.10
BLOIS;REIMS TINQUEUX;;56.90;85.80;139.10;181.40;31.00
BLOIS;REPLONGES;;57.00;88.00;142.30;188.00;32.20
BLOIS;RIOM;;35.00;54.10;85.70;111.20;20.90
BLOIS;ROBECOURT;;51.40;79.00;127.60;168.30;28.40
BLOIS;ROMORANTIN;;16.50;26.90;37.30;52.20;9.90
BLOIS;SAINT AIGNAN SUR CHER;;19.50;31.70;48.40;62.90;12.10
BLOIS;SAINT AMAND;;23.30;36.20;57.90;72.20;14.10
BLOIS;SAINT DENIS LES SENS;;33.80;51.40;84.40;107.10;17.80
BLOIS;SAINT ETIENNE AU TEMPLE;;50.80;78.30;129.00;167.90;28.30
BLOIS;SAINT GENIS;;61.50;94.70;150.60;198.40;34.50
BLOIS;SAINT GERMAIN LAXIS;;39.20;59.80;97.80;126.30;21.30
BLOIS;SAINT GIBRIEN;;50.00;76.40;125.30;162.80;27.60
BLOIS;SAINT HILAIRE LES ANDRESIS;;27.30;41.40;68.40;85.40;14.30
BLOIS;SAINT MARTIN DU FRESNE;;65.70;102.00;162.80;216.40;37.60
BLOIS;SAINT MAURICE;;67.50;104.20;168.70;224.70;38.70
BLOIS;SAINT THIBAULT;;39.70;60.60;99.90;129.60;21.70
BLOIS;SAINTE MENEHOULD;;53.10;82.10;135.00;175.70;29.80
BLOIS;SALBRIS;;12.50;20.00;32.20;40.60;7.30
BLOIS;SAVIGNY SUR CLAIRIS;;27.90;41.60;69.20;88.30;14.60
BLOIS;SELLES SUR CHER;;18.30;29.30;44.50;58.90;11.00
BLOIS;SEURRE;;52.00;80.30;129.20;170.00;28.70
BLOIS;SOIRANS;;53.40;81.60;134.20;175.30;30.00
BLOIS;SOMMESOUS;;46.60;71.60;117.60;152.70;25.60
BLOIS;ST GERMAIN LES VERGNES;;53.40;82.40;125.40;167.40;32.10
BLOIS;ST JULIEN SANCY;;40.20;62.40;97.70;127.40;24.30
BLOIS;SYLANS;;66.40;103.00;164.40;218.60;38.00
BLOIS;THENNELIERES;;41.10;62.90;101.60;131.70;22.60
BLOIS;TIL CHATEL;;51.30;77.80;127.40;168.00;28.20
BLOIS;TORVILLIERS;;39.20;59.80;98.10;126.60;21.30
BLOIS;TOURNUS;;54.00;83.20;134.00;175.60;30.00
BLOIS;TOURS CENTRE MONNAIE;;6.90;11.60;17.00;24.00;4.40
BLOIS;TULLE EST;;51.00;78.50;120.60;158.60;30.40
BLOIS;TULLE NORD;;51.70;79.80;121.40;163.70;30.70
BLOIS;URY;;35.90;54.40;89.30;113.60;19.10
BLOIS;USSEL EST;;43.00;67.00;104.40;137.30;25.70
BLOIS;USSEL OUEST;;45.10;69.00;108.00;142.80;27.00
BLOIS;VAL DE SAONE;;64.30;97.40;158.20;209.50;35.80
BLOIS;VALLEE DE L AUBE;;44.50;68.30;111.50;145.00;24.30
BLOIS;VATRY;;47.40;72.30;117.70;154.10;25.80
BLOIS;VEIGNE;;25.40;42.10;65.00;82.10;15.20
BLOIS;VERDUN;;60.00;92.20;149.10;193.30;33.20
BLOIS;VIERZON EST;;15.50;24.10;39.50;49.60;9.30
BLOIS;VIERZON NORD;;15.40;23.80;38.50;49.00;8.90
BLOIS;VILLE SOUS LA FERTE;;44.00;67.40;110.60;143.90;23.90
BLOIS;VILLEFRANCHE NORD;;60.40;92.40;150.30;198.30;34.10
BLOIS;VILLEFRANCHE LIMAS;;64.60;99.10;158.80;210.30;36.10
BLOIS;VILLEFRANCHE VILLE;;61.00;94.00;151.10;199.40;34.40
BLOIS;VILLENEUVE DONDAGRE;;32.50;49.40;81.50;103.50;17.10
BLOIS;VIRIAT;;59.70;92.10;147.80;195.90;34.20
BLOIS;VIRY;;76.70;119.90;191.20;254.50;44.40
BLOIS;VOIE SACREE;;57.20;88.20;141.00;184.30;31.80
BLOIS;VULAINES;;37.10;55.50;91.20;117.30;19.30
BLOIS;VULCANIA BROMONT;;37.60;58.10;91.80;119.70;22.60
BOURG NORD;ALLAINVILLE;;56.80;88.30;142.10;187.20;31.90
BOURG NORD;ARTENAY;;52.70;81.10;130.10;173.30;29.40
BOURG NORD;AUXY;;38.10;59.80;94.70;126.80;22.30
BOURG NORD;BLERE;;69.50;107.90;171.90;225.80;39.60
BOURG NORD;BLOIS;;59.60;92.00;147.20;194.90;33.50
BOURG NORD;BOURGES;;66.40;102.60;164.50;217.60;37.60
BOURG NORD;CHATEAU RENAULT;;62.50;96.10;152.80;203.60;35.50
BOURG NORD;ESCRENNES;;42.60;66.50;107.20;142.20;24.70
BOURG NORD;ESVRES;;70.80;110.10;175.70;230.00;40.10
BOURG NORD;FONTENAY SUR LOING;;34.40;52.80;82.00;112.00;20.10
BOURG NORD;GIDY;;53.20;81.90;131.00;174.40;29.60
BOURG NORD;GONDREVILLE LA FRANCHE NORD;;36.20;56.00;86.20;116.20;20.60
BOURG NORD;GONDREVILLE LA FRANCHE SUD;;40.70;62.80;96.90;130.40;23.40
BOURG NORD;JANVILLE ALLAINES;;53.80;83.00;132.60;176.70;30.20
BOURG NORD;LAMOTTE BEUVRON;;58.30;89.80;143.60;190.80;32.90
BOURG NORD;MER;;58.20;88.80;141.90;188.30;32.70
BOURG NORD;MEUNG;;56.10;86.20;136.60;182.40;31.40
BOURG NORD;OLIVET;;54.90;84.50;135.10;178.80;30.90
BOURG NORD;ORLEANS CENTRE;;54.20;83.60;133.30;176.40;30.30
BOURG NORD;ORLEANS NORD;;53.40;82.20;131.30;174.70;29.90
BOURG NORD;PARIS LA FOLIE BESSIN;;62.00;94.60;153.40;203.30;35.10
BOURG NORD;ROMORANTIN;;63.90;99.10;157.20;208.50;35.80
BOURG NORD;SAINT AIGNAN SUR CHER;;66.60;103.50;163.80;218.10;37.40
BOURG NORD;SAINT HILAIRE LES ANDRESIS;;29.40;46.20;71.40;98.90;17.70
BOURG NORD;SALBRIS;;59.90;92.80;148.00;197.70;33.70
BOURG NORD;SAVIGNY SUR CLAIRIS;;28.40;44.60;68.60;95.50;17.20
BOURG NORD;SELLES SUR CHER;;65.70;101.90;161.20;214.20;36.80
BOURG NORD;TOURS CENTRE MONNAIE;;67.10;102.60;162.30;216.40;38.00
BOURG NORD;VEIGNE;;73.00;113.60;181.60;238.10;41.30
BOURG NORD;VIERZON EST;;62.80;96.40;155.30;205.30;35.50
BOURG NORD;VIERZON NORD;;62.20;96.00;154.70;204.90;34.90
BOURG SUD;ALLAINVILLE;;58.10;90.60;146.20;192.40;33.30
BOURG SUD;ARTENAY;;54.00;83.40;134.20;178.50;30.80
BOURG SUD;AUXY;;39.40;62.10;98.80;132.00;23.70
BOURG SUD;BLERE;;70.80;110.20;176.00;231.00;41.00
BOURG SUD;BLOIS;;60.90;94.30;151.30;200.10;34.90
BOURG SUD;BOURGES;;67.70;104.90;168.60;222.80;39.00
BOURG SUD;CHATEAU RENAULT;;63.80;98.40;156.90;208.80;36.90
BOURG SUD;ESCRENNES;;43.90;68.80;111.30;147.40;26.10
BOURG SUD;ESVRES;;72.10;112.40;179.80;235.20;41.50
BOURG SUD;FONTENAY SUR LOING;;35.70;55.10;86.10;117.20;21.50
BOURG SUD;GIDY;;54.50;84.20;135.10;179.60;31.00
BOURG SUD;GONDREVILLE LA FRANCHE NORD;;37.50;58.30;90.30;121.40;22.00
BOURG SUD;GONDREVILLE LA FRANCHE SUD;;42.00;65.10;101.00;135.60;24.80
BOURG SUD;JANVILLE ALLAINES;;55.10;85.30;136.70;181.90;31.60
BOURG SUD;LAMOTTE BEUVRON;;59.60;92.10;147.70;196.00;34.30
BOURG SUD;MER;;59.50;91.10;146.00;193.50;34.10
BOURG SUD;MEUNG;;57.40;88.50;140.70;187.60;32.80
BOURG SUD;OLIVET;;56.20;86.80;139.20;184.00;32.30
BOURG SUD;ORLEANS CENTRE;;55.50;85.90;137.40;181.60;31.70
BOURG SUD;ORLEANS NORD;;54.70;84.50;135.40;179.90;31.30
BOURG SUD;PARIS LA FOLIE BESSIN;;63.30;96.90;157.50;208.50;36.50
BOURG SUD;ROMORANTIN;;65.20;101.40;161.30;213.70;37.20
BOURG SUD;SAINT AIGNAN SUR CHER;;67.90;105.80;167.90;223.30;38.80
BOURG SUD;SAINT HILAIRE LES ANDRESIS;;30.70;48.50;75.50;104.10;19.10
BOURG SUD;SALBRIS;;61.20;95.10;152.10;202.90;35.10
BOURG SUD;SAVIGNY SUR CLAIRIS;;29.70;46.90;72.70;100.70;18.60
BOURG SUD;SELLES SUR CHER;;67.00;104.20;165.30;219.40;38.20
BOURG SUD;TOURS CENTRE MONNAIE;;68.40;104.90;166.40;221.60;39.40
BOURG SUD;VEIGNE;;74.30;115.90;185.70;243.30;42.70
BOURG SUD;VIERZON EST;;64.10;98.70;159.40;210.50;36.90
BOURG SUD;VIERZON NORD;;63.50;98.30;158.80;210.10;36.30
BOURGES;ALLAINVILLE;;22.60;35.50;53.90;71.50;13.20
BOURGES;AMBERIEU EN BUGEY;;70.80;108.70;174.90;231.60;40.20
BOURGES;ARLAY;;64.90;100.50;163.60;214.80;36.50
BOURGES;ARTENAY;;16.10;26.50;40.60;53.40;10.00
BOURGES;AUXERRE NORD;;42.70;65.10;107.20;137.60;23.00
BOURGES;AUXERRE SUD;;42.70;65.10;107.20;137.60;23.00
BOURGES;AUXY;;25.50;38.40;63.30;81.30;13.80
BOURGES;AVALLON;;46.90;71.80;118.20;153.30;25.90
BOURGES;BALAN;;71.70;110.80;177.70;234.90;40.80
BOURGES;BARRIERE DE MONTREUIL AUX LIONS;;71.90;108.60;174.80;227.80;40.20
BOURGES;BAUME LES DAMES;;68.00;105.20;170.00;225.00;38.70
BOURGES;BEAUMONT;;72.20;110.00;177.60;231.10;39.90
BOURGES;BEAUNE NORD;;55.40;85.60;139.00;181.00;31.00
BOURGES;BEAUNE SUD;;56.70;87.10;141.60;185.10;31.60
BOURGES;BEAUPONT;;68.20;105.70;171.50;226.40;39.00
BOURGES;BEAUREPAIRE;;66.10;102.20;165.70;219.30;37.20
BOURGES;BELLEGARDE;;77.70;120.50;193.40;257.00;44.60
BOURGES;BELLEVILLE SUR SAONE;;66.20;102.10;164.30;216.90;37.20
BOURGES;BERSAILLIN;;64.70;99.00;162.10;213.10;36.40
BOURGES;BESANCON EST;;65.20;101.60;164.50;217.60;37.00
BOURGES;BESANCON NORD;;65.20;100.50;162.90;214.60;36.60
BOURGES;BESANCON OUEST;;65.20;99.90;162.40;213.50;36.50
BOURGES;BEYNOST;;74.20;114.90;183.90;243.90;42.80
BOURGES;BIERRE LES SEMUR;;49.00;74.70;122.80;159.60;27.10
BOURGES;BLERE;;14.00;22.70;35.20;45.70;8.60
BOURGES;BLOIS;;19.50;30.30;48.90;60.30;11.90
BOURGES;BOURG NORD;;66.40;102.60;164.50;217.60;37.60
BOURGES;BOURG SUD;;67.70;104.90;168.60;222.80;39.00
BOURGES;BULGNEVILLE;;59.70;91.90;148.30;195.90;33.20
BOURGES;CHALON CENTRE;;59.10;91.30;146.60;192.50;32.90
BOURGES;CHALON NORD;;59.10;91.30;146.60;192.50;32.90
BOURGES;CHALON SUD;;59.10;91.30;146.60;192.50;32.90
BOURGES;CHALONS LA VEUVE;;58.20;88.60;145.90;188.00;32.30
BOURGES;CHARMONT;;50.10;76.80;125.60;163.50;27.60
BOURGES;CHATEAU RENAULT;;21.20;34.60;53.50;71.50;13.20
BOURGES;CHATEAU THIERRY;;67.10;101.60;164.60;215.90;37.40
BOURGES;CHATENOIS;;60.30;92.60;150.10;197.90;33.80
BOURGES;CHATILLON LABORDE;;46.00;70.40;115.10;149.00;25.40
BOURGES;CHAUMONT SEMOUTIERS;;52.70;80.70;132.00;172.50;29.10
BOURGES;CHOISEY;;61.50;94.20;153.50;201.80;34.30
BOURGES;CLERMONT;;18.80;28.40;46.80;65.50;11.00
BOURGES;CLERMONT EN ARGONNE;;61.50;95.30;154.50;200.80;34.80
BOURGES;COLOMBEY LES BELLES;;63.10;96.50;156.50;207.60;35.10
BOURGES;COMBRONDE;;14.10;21.10;33.80;47.50;8.10
BOURGES;COURTENAY;;38.20;58.20;96.30;122.60;20.50
BOURGES;CRIMOLOIS;;60.30;92.30;150.60;196.90;33.80
BOURGES;DEUX CHAISES;;10.50;16.30;26.30;36.90;6.30
BOURGES;DIJON SUD;;59.30;91.70;147.90;194.10;33.00
BOURGES;DIJON ARC SUR TILLE;;61.00;94.10;151.80;199.50;34.10
BOURGES;DOLE;;61.50;94.20;153.50;201.80;34.30
BOURGES;DORMANS;;64.30;98.00;158.90;207.20;36.10
BOURGES;EGLETONS;;28.60;43.60;64.90;91.80;16.90
BOURGES;ELOISE ANNECY;;79.10;123.00;196.80;262.00;45.60
BOURGES;EPERNAY;;61.80;93.50;152.70;198.00;33.90
BOURGES;ESCRENNES;;21.00;32.40;51.30;67.40;11.80
BOURGES;ESVRES;;16.40;26.50;41.30;51.00;9.80
BOURGES;FEILLENS;;63.80;98.60;159.60;210.70;36.30
BOURGES;FLEURY EN BIERE;;44.60;68.30;111.50;143.50;24.30
BOURGES;FONTAINEBLEAU;;41.90;63.90;105.30;134.10;22.70
BOURGES;FONTENAY SUR LOING;;29.30;45.60;77.30;97.40;16.00
BOURGES;FORET DE TRONCAIS;;6.40;9.90;14.80;20.30;3.80
BOURGES;FORGES;;43.60;66.10;108.50;140.10;23.30
BOURGES;FRESNES EN WOEVRE;;66.80;102.80;166.40;216.00;37.30
BOURGES;GANNAT;;13.80;21.00;33.00;46.80;8.00
BOURGES;GENDREY;;62.60;96.50;157.00;207.20;35.40
BOURGES;GERZAT;;15.70;24.00;37.40;51.10;9.20
BOURGES;GIDY;;14.20;22.30;35.80;46.00;8.50
BOURGES;GONDREVILLE LA FRANCHE NORD;;29.00;43.10;71.90;92.90;15.50
BOURGES;GONDREVILLE LA FRANCHE SUD;;33.50;49.90;82.60;107.10;18.30
BOURGES;GROISSIAT;;74.60;115.50;186.00;246.70;43.00
BOURGES;GYE;;65.40;99.80;160.80;213.00;36.40
BOURGES;JANVILLE ALLAINES;;18.40;29.70;45.40;59.30;11.30
BOURGES;JARNY;;68.10;105.70;169.20;218.00;38.40
BOURGES;JOIGNY;;39.90;60.60;99.80;127.70;21.50
BOURGES;L ISLE SUR LE DOUBS;;69.60;107.50;173.50;229.60;39.50
BOURGES;LA BOISSE;;75.70;117.20;188.10;249.70;43.60
BOURGES;LA BOISSE MONTLUEL;;73.30;112.90;179.00;236.80;42.00
BOURGES;LA COTIERE;;74.10;114.10;183.30;241.20;42.70
BOURGES;LA CROIX CHALON;;72.80;112.70;181.60;240.90;41.70
BOURGES;LAMOTTE BEUVRON;;7.40;11.80;20.00;23.50;4.10
BOURGES;LANGRES NORD;;54.80;83.50;134.80;177.50;30.30
BOURGES;LANGRES SUD;;55.60;84.90;137.60;180.40;31.00
BOURGES;LE MIROIR;;67.20;103.70;168.20;221.60;38.10
BOURGES;LES EPRUNES;;47.10;72.70;119.00;154.90;26.30
BOURGES;MACON NORD;;63.70;98.20;157.60;207.80;35.90
BOURGES;MACON SUD;;64.60;99.70;160.10;211.00;36.40
BOURGES;MAGNANT;;49.20;75.20;122.70;160.30;27.10
BOURGES;MANZAT;;15.70;24.40;37.50;51.80;9.30
BOURGES;MAROLLES SUR SEINE;;43.60;66.10;108.50;140.10;23.30
BOURGES;MER;;17.60;28.10;43.50;57.10;10.20
BOURGES;MEUNG;;15.20;24.80;36.90;50.20;9.20
BOURGES;MONT CHOISY;;55.70;85.70;140.90;182.70;31.20
BOURGES;MONTIGNY LE ROI;;56.50;86.00;140.10;184.40;31.40
BOURGES;MONTLUCON;;8.80;13.50;20.70;29.50;5.10
BOURGES;MONTMARAULT;;10.10;15.60;24.90;35.60;5.90
BOURGES;MONTREUIL AUX LIONS;;69.70;105.10;169.40;219.40;38.70
BOURGES;NEMOURS;;41.90;63.90;105.30;134.10;22.70
BOURGES;NITRY;;45.00;68.70;112.60;146.10;24.50
BOURGES;NUITS SAINT GEORGES;;57.60;88.70;144.30;189.00;32.10
BOURGES;OLIVET;;12.10;18.50;29.00;37.20;6.90
BOURGES;ORLEANS CENTRE;;12.30;20.00;33.30;39.00;7.20
BOURGES;ORLEANS NORD;;14.00;21.70;34.40;44.50;8.20
BOURGES;ORMES;;63.30;95.60;155.80;202.10;34.70
BOURGES;PARIS LA FOLIE BESSIN;;24.60;39.60;64.40;82.50;15.70
BOURGES;PEROUGES;;71.70;110.80;177.70;234.90;40.80
BOURGES;PONT D AIN;;69.10;107.30;173.40;228.60;39.60
BOURGES;POUILLY EN AUXOIS;;52.80;80.90;131.60;172.80;29.00
BOURGES;REIMS TAISSY;;62.00;94.00;154.10;199.70;34.20
BOURGES;REIMS TINQUEUX;;63.70;96.40;156.40;204.10;35.10
BOURGES;REPLONGES;;63.80;98.60;159.60;210.70;36.30
BOURGES;RIOM;;15.50;23.80;36.80;50.90;9.00
BOURGES;ROBECOURT;;58.20;89.60;144.90;191.00;32.50
BOURGES;ROMORANTIN;;6.70;11.40;17.70;22.10;4.40
BOURGES;SAINT AIGNAN SUR CHER;;10.50;17.00;27.10;36.10;6.10
BOURGES;SAINT AMAND;;3.80;5.90;9.00;11.90;2.20
BOURGES;SAINT DENIS LES SENS;;40.60;62.00;101.70;129.80;21.90
BOURGES;SAINT ETIENNE AU TEMPLE;;57.60;88.90;146.30;190.60;32.40
BOURGES;SAINT GENIS;;68.30;105.30;167.90;221.10;38.60
BOURGES;SAINT GERMAIN LAXIS;;46.00;70.40;115.10;149.00;25.40
BOURGES;SAINT GIBRIEN;;56.80;87.00;142.60;185.50;31.70
BOURGES;SAINT HILAIRE LES ANDRESIS;;34.10;52.00;85.70;108.10;18.40
BOURGES;SAINT MARTIN DU FRESNE;;72.50;112.60;180.10;239.10;41.70
BOURGES;SAINT MAURICE;;74.30;114.80;186.00;247.40;42.80
BOURGES;SAINT THIBAULT;;46.50;71.20;117.20;152.30;25.80
BOURGES;SAINTE MENEHOULD;;59.90;92.70;152.30;198.40;33.90
BOURGES;SALBRIS;;5.30;9.00;14.50;16.40;3.50
BOURGES;SAVIGNY SUR CLAIRIS;;34.70;52.20;86.50;111.00;18.70
BOURGES;SELLES SUR CHER;;8.70;14.10;21.10;28.90;5.50
BOURGES;SEURRE;;58.80;90.90;146.50;192.70;32.80
BOURGES;SOIRANS;;60.20;92.20;151.50;198.00;34.10
BOURGES;SOMMESOUS;;53.40;82.20;134.90;175.40;29.70
BOURGES;ST GERMAIN LES VERGNES;;33.90;52.10;76.50;107.10;20.20
BOURGES;ST JULIEN SANCY;;20.70;32.10;48.80;67.10;12.40
BOURGES;SYLANS;;73.20;113.60;181.70;241.30;42.10
BOURGES;THENNELIERES;;47.90;73.50;118.90;154.40;26.70
BOURGES;TIL CHATEL;;58.10;88.40;144.70;190.70;32.30
BOURGES;TORVILLIERS;;46.00;70.40;115.40;149.30;25.40
BOURGES;TOURNUS;;60.80;93.80;151.30;198.30;34.10
BOURGES;TOURS CENTRE MONNAIE;;26.10;42.40;63.00;84.70;15.40
BOURGES;TULLE EST;;31.50;48.20;71.70;98.30;18.50
BOURGES;TULLE NORD;;32.20;49.50;72.50;103.40;18.80
BOURGES;URY;;42.70;65.00;106.60;136.30;23.20
BOURGES;USSEL EST;;23.50;36.70;55.50;77.00;13.80
BOURGES;USSEL OUEST;;25.60;38.70;59.10;82.50;15.10
BOURGES;VAL DE SAONE;;71.10;108.00;175.50;232.20;39.90
BOURGES;VALLEE DE L AUBE;;51.30;78.90;128.80;167.70;28.40
BOURGES;VATRY;;54.20;82.90;135.00;176.80;29.90
BOURGES;VEIGNE;;16.70;28.00;44.70;56.70;11.00
BOURGES;VERDUN;;66.80;102.80;166.40;216.00;37.30
BOURGES;VIERZON EST;;3.00;5.20;7.10;9.20;2.30
BOURGES;VIERZON NORD;;3.20;5.40;9.40;11.10;2.40
BOURGES;VILLE SOUS LA FERTE;;50.80;78.00;127.90;166.60;28.00
BOURGES;VILLEFRANCHE NORD;;67.20;103.00;167.60;221.00;38.20
BOURGES;VILLEFRANCHE LIMAS;;71.40;109.70;176.10;233.00;40.20
BOURGES;VILLEFRANCHE VILLE;;67.80;104.60;168.40;222.10;38.50
BOURGES;VILLENEUVE DONDAGRE;;39.30;60.00;98.80;126.20;21.20
BOURGES;VIRIAT;;66.50;102.70;165.10;218.60;38.30
BOURGES;VIRY;;83.50;130.50;208.50;277.20;48.50
BOURGES;VOIE SACREE;;64.00;98.80;158.30;207.00;35.90
BOURGES;VULAINES;;43.90;66.10;108.50;140.00;23.40
BOURGES;VULCANIA BROMONT;;18.10;27.80;42.90;59.40;10.70
BOURGUEIL;ABLIS;;32.40;48.40;74.80;99.80;19.80
BOURGUEIL;ALENCON NORD;;19.70;30.20;44.90;60.20;12.00
BOURGUEIL;ALENCON SUD;;19.40;29.30;42.70;57.00;11.90
BOURGUEIL;PEAGE DE CORZE;;8.70;12.40;19.10;24.90;5.20
BOURGUEIL;ARGENTAN;;31.30;49.20;72.80;96.40;18.70
BOURGUEIL;AUVOURS LE MANS ZI SUD;;16.70;25.40;36.30;47.60;10.40
BOURGUEIL;BEAUFORT EN VALLEE;;3.20;4.60;7.30;10.50;2.10
BOURGUEIL;BEAUMONT SUR SARTHE;;17.30;26.20;38.10;48.70;10.80
BOURGUEIL;BERNAY;;40.60;62.80;93.60;126.50;24.70
BOURGUEIL;BRIONNE;;46.20;72.10;104.00;139.40;28.40
BOURGUEIL;BROU;;22.70;34.80;52.20;68.40;13.80
BOURGUEIL;CHARTRES EST;;29.90;44.50;67.90;88.30;17.90
BOURGUEIL;CHARTRES THIVARS;;28.00;41.00;62.00;81.90;16.70
BOURGUEIL;CHATEAU DU LOIR MONTABON;;20.70;30.70;46.70;60.30;12.70
BOURGUEIL;CONNERRE;;18.00;28.10;41.30;53.20;11.20
BOURGUEIL;DURTAL;;7.60;11.50;17.60;23.40;4.70
BOURGUEIL;ECOMMOY;;18.60;28.10;42.80;53.80;11.60
BOURGUEIL;EVRON;;20.70;30.60;46.70;60.00;12.50
BOURGUEIL;GACE;;31.20;47.90;69.60;92.70;19.10
BOURGUEIL;ILLIERS COMBRAY;;25.70;38.40;60.20;77.20;15.40
BOURGUEIL;LA FERTE BERNARD;;19.60;29.40;45.90;57.40;12.00
BOURGUEIL;LAVAL EST;;22.80;33.60;51.30;65.90;13.80
BOURGUEIL;LAVAL OUEST;;22.90;35.90;54.10;70.20;14.00
BOURGUEIL;LE MANS CENTRE UNIVERSITE;;14.10;21.20;31.20;40.50;8.60
BOURGUEIL;LE MANS SUD;;12.80;19.10;28.80;39.00;8.10
BOURGUEIL;LE MANS ZI NORD;;14.80;23.20;33.40;43.00;9.10
BOURGUEIL;LONGUE JUMELLES;;2.40;3.40;5.30;8.30;1.50
BOURGUEIL;ORBEC;;36.20;56.20;82.30;110.00;22.20
BOURGUEIL;PARIGNE L EVEQUE;;17.20;26.00;37.90;48.50;10.70
BOURGUEIL;PARIS LA FOLIE BESSIN;;36.80;56.60;87.30;112.50;22.90
BOURGUEIL;RESTIGNE;;2.30;4.30;6.80;8.40;1.80
BOURGUEIL;ROUMOIS;;55.60;86.60;123.80;168.30;32.90
BOURGUEIL;SABLE LA FLECHE;;9.50;13.80;21.20;27.90;5.50
BOURGUEIL;SAUMUR VIVY;;1.50;2.80;3.50;5.00;1.10
BOURGUEIL;SEES;;27.20;41.50;60.90;80.90;16.40
BOURGUEIL;SEICHES;;6.50;9.40;14.80;19.80;4.10
BOURGUEIL;SILLE LE GUILLAUME MAMERS;;18.20;27.40;40.20;52.10;11.30
BOURGUEIL;SILLE LE GUILLAUME SABLE;;18.10;26.90;39.70;51.60;11.20
BOURGUEIL;TOURS CENTRE SAINT CHRISTOPHE;;25.30;39.10;60.70;78.50;15.50
BOURGUEIL;VITRE LA GRAVELLE;;26.70;39.70;62.70;82.20;16.60
BRIONNE;ABLIS;;47.70;76.50;111.40;152.50;29.10
BRIONNE;ALENCON NORD;;25.40;41.30;58.20;78.70;15.80
BRIONNE;ALENCON SUD;;26.00;42.40;59.80;80.90;16.30
BRIONNE;AUVOURS LE MANS ZI SUD;;31.00;50.80;73.70;96.40;19.70
BRIONNE;BEAUFORT EN VALLEE;;41.60;66.10;93.10;125.60;25.60
BRIONNE;BEAUMONT SUR SARTHE;;28.00;44.90;63.20;87.20;17.80
BRIONNE;BOURGUEIL;;46.20;72.10;104.00;139.40;28.40
BRIONNE;BROU;;38.60;61.90;92.00;123.70;23.60
BRIONNE;CHARTRES EST;;44.50;72.40;104.90;139.60;27.60
BRIONNE;CHARTRES THIVARS;;43.20;68.70;101.10;134.70;26.30
BRIONNE;CHATEAU DU LOIR MONTABON;;35.30;56.10;83.00;110.50;22.00
BRIONNE;CONNERRE;;34.00;54.40;78.90;102.80;21.10
BRIONNE;ECOMMOY;;33.10;53.20;78.30;101.30;20.90
BRIONNE;EVRON;;36.40;59.30;86.20;116.00;22.40
BRIONNE;ILLIERS COMBRAY;;41.40;66.70;99.70;134.20;25.10
BRIONNE;LA FERTE BERNARD;;35.00;57.60;83.30;112.20;21.70
BRIONNE;LAVAL EST;;38.50;62.30;90.80;121.90;23.70
BRIONNE;LAVAL OUEST;;39.00;63.10;92.90;124.10;24.20
BRIONNE;LE MANS CENTRE UNIVERSITE;;32.10;50.90;72.80;98.90;19.80
BRIONNE;LE MANS ZI NORD;;30.50;49.30;70.90;92.60;19.10
BRIONNE;LONGUE JUMELLES;;42.60;67.20;95.80;128.50;26.20
BRIONNE;PARIGNE L EVEQUE;;31.90;51.00;73.80;100.00;19.90
BRIONNE;PARIS LA FOLIE BESSIN;;51.50;83.40;122.70;164.20;31.80
BRIONNE;RESTIGNE;;50.20;78.20;111.80;150.80;30.70
BRIONNE;SAUMUR VIVY;;44.00;69.70;100.40;134.20;27.20
BRIONNE;SILLE LE GUILLAUME MAMERS;;26.90;43.70;61.40;83.50;17.00
BRIONNE;SILLE LE GUILLAUME SABLE;;32.90;54.30;79.70;107.70;20.90
BRIONNE;TOURS CENTRE SAINT CHRISTOPHE;;40.90;66.00;97.50;130.80;25.70
BRIONNE;VITRE LA GRAVELLE;;40.40;66.40;97.00;130.80;25.40
BROU;ABLIS;;7.80;12.50;19.70;27.10;4.70
BROU;ALENCON NORD;;12.80;19.60;33.60;43.60;7.70
BROU;ALENCON SUD;;12.20;19.00;33.50;41.40;7.20
BROU;PEAGE DE CORZE;;18.80;29.00;43.80;56.00;11.10
BROU;ARGENTAN;;23.70;39.00;60.80;80.70;13.90
BROU;AUVOURS LE MANS ZI SUD;;7.60;11.90;19.30;24.70;4.60
BROU;BEAUFORT EN VALLEE;;18.10;28.80;41.30;54.60;11.00
BROU;BEAUMONT SUR SARTHE;;9.50;15.30;26.80;32.90;5.70
BROU;BERNAY;;33.00;52.60;81.60;110.80;19.90
BROU;BOURGUEIL;;22.70;34.80;52.20;68.40;13.80
BROU;BRIONNE;;38.60;61.90;92.00;123.70;23.60
BROU;CHARTRES EST;;5.00;8.20;14.00;16.20;3.10
BROU;CHARTRES THIVARS;;3.60;4.90;7.50;10.00;2.10
BROU;CHATEAU DU LOIR MONTABON;;11.50;18.20;31.00;38.90;6.90
BROU;CONNERRE;;5.50;8.40;12.90;16.40;3.30
BROU;DURTAL;;13.70;21.50;33.00;43.10;8.20
BROU;ECOMMOY;;9.50;15.80;25.90;32.30;6.00
BROU;EVRON;;15.60;23.60;37.20;49.50;9.40
BROU;GACE;;23.60;37.70;57.60;77.00;14.30
BROU;ILLIERS COMBRAY;;1.90;2.70;5.00;6.10;1.30
BROU;LA FERTE BERNARD;;2.60;4.00;5.90;7.00;1.40
BROU;LAVAL EST;;17.70;26.60;41.80;55.40;10.70
BROU;LAVAL OUEST;;18.30;28.20;45.10;58.20;11.20
BROU;LE MANS CENTRE UNIVERSITE;;8.60;13.60;21.00;27.90;5.20
BROU;LE MANS SUD;;9.60;15.30;23.50;31.40;5.80
BROU;LE MANS ZI NORD;;7.50;10.70;19.60;26.50;4.10
BROU;LONGUE JUMELLES;;19.10;29.90;44.00;57.50;11.60
BROU;ORBEC;;28.60;46.00;70.30;94.30;17.40
BROU;PARIGNE L EVEQUE;;8.50;12.60;20.40;26.00;5.10
BROU;PARIS LA FOLIE BESSIN;;13.10;20.60;30.60;43.60;8.30
BROU;RESTIGNE;;26.70;40.90;60.00;79.80;16.10
BROU;ROUMOIS;;48.00;76.40;111.80;152.60;28.10
BROU;SABLE LA FLECHE;;12.70;19.60;30.00;40.30;7.40
BROU;SAUMUR VIVY;;20.50;32.40;48.60;63.20;12.60
BROU;SEES;;19.60;31.30;48.90;65.20;11.60
BROU;SEICHES;;16.40;25.30;37.60;49.40;9.60
BROU;SILLE LE GUILLAUME MAMERS;;10.40;16.90;28.50;36.30;6.20
BROU;SILLE LE GUILLAUME SABLE;;12.50;19.60;30.10;38.80;8.00
BROU;TOURS CENTRE SAINT CHRISTOPHE;;17.00;26.80;46.00;55.30;10.00
BROU;VITRE LA GRAVELLE;;21.50;33.20;48.30;68.30;13.40
BULGNEVILLE;ALLAINVILLE;;50.10;77.60;125.90;165.50;27.50
BULGNEVILLE;ARTENAY;;46.00;70.40;113.90;151.60;25.00
BULGNEVILLE;AUXY;;31.40;49.10;78.50;105.10;17.90
BULGNEVILLE;BLERE;;62.80;97.20;155.70;204.10;35.20
BULGNEVILLE;BLOIS;;52.90;81.30;131.00;173.20;29.10
BULGNEVILLE;BOURGES;;59.70;91.90;148.30;195.90;33.20
BULGNEVILLE;CHATEAU RENAULT;;55.80;85.40;136.60;181.90;31.10
BULGNEVILLE;ESCRENNES;;35.90;55.80;91.00;120.50;20.30
BULGNEVILLE;ESVRES;;64.10;99.40;159.50;208.30;35.70
BULGNEVILLE;FONTENAY SUR LOING;;27.70;42.10;65.80;90.30;15.70
BULGNEVILLE;GIDY;;46.50;71.20;114.80;152.70;25.20
BULGNEVILLE;GONDREVILLE LA FRANCHE NORD;;29.50;45.30;70.00;94.50;16.20
BULGNEVILLE;GONDREVILLE LA FRANCHE SUD;;34.00;52.10;80.70;108.70;19.00
BULGNEVILLE;JANVILLE ALLAINES;;47.10;72.30;116.40;155.00;25.80
BULGNEVILLE;LAMOTTE BEUVRON;;51.60;79.10;127.40;169.10;28.50
BULGNEVILLE;MER;;51.50;78.10;125.70;166.60;28.30
BULGNEVILLE;MEUNG;;49.40;75.50;120.40;160.70;27.00
BULGNEVILLE;OLIVET;;48.20;73.80;118.90;157.10;26.50
BULGNEVILLE;ORLEANS CENTRE;;47.50;72.90;117.10;154.70;25.90
BULGNEVILLE;ORLEANS NORD;;46.70;71.50;115.10;153.00;25.50
BULGNEVILLE;PARIS LA FOLIE BESSIN;;55.30;83.90;137.20;181.60;30.70
BULGNEVILLE;ROMORANTIN;;57.20;88.40;141.00;186.80;31.40
BULGNEVILLE;SAINT AIGNAN SUR CHER;;59.90;92.80;147.60;196.40;33.00
BULGNEVILLE;SAINT HILAIRE LES ANDRESIS;;22.70;35.50;55.20;77.20;13.30
BULGNEVILLE;SALBRIS;;53.20;82.10;131.80;176.00;29.30
BULGNEVILLE;SAVIGNY SUR CLAIRIS;;21.70;33.90;52.40;73.80;12.80
BULGNEVILLE;SELLES SUR CHER;;59.00;91.20;145.00;192.50;32.40
BULGNEVILLE;TOURS CENTRE MONNAIE;;60.40;91.90;146.10;194.70;33.60
BULGNEVILLE;VEIGNE;;66.30;102.90;165.40;216.40;36.90
BULGNEVILLE;VIERZON EST;;56.10;85.70;139.10;183.60;31.10
BULGNEVILLE;VIERZON NORD;;55.50;85.30;138.50;183.20;30.50
CHALON CENTRE;ALLAINVILLE;;49.50;77.00;124.20;162.10;27.20
CHALON CENTRE;ARTENAY;;45.40;69.80;112.20;148.20;24.70
CHALON CENTRE;AUXY;;30.80;48.50;76.80;101.70;17.60
CHALON CENTRE;BLERE;;62.20;96.60;154.00;200.70;34.90
CHALON CENTRE;BLOIS;;52.30;80.70;129.30;169.80;28.80
CHALON CENTRE;BOURGES;;59.10;91.30;146.60;192.50;32.90
CHALON CENTRE;CHATEAU RENAULT;;55.20;84.80;134.90;178.50;30.80
CHALON CENTRE;ESCRENNES;;35.30;55.20;89.30;117.10;20.00
CHALON CENTRE;ESVRES;;63.50;98.80;157.80;204.90;35.40
CHALON CENTRE;FONTENAY SUR LOING;;27.10;41.50;64.10;86.90;15.40
CHALON CENTRE;GIDY;;45.90;70.60;113.10;149.30;24.90
CHALON CENTRE;GONDREVILLE LA FRANCHE NORD;;28.90;44.70;68.30;91.10;15.90
CHALON CENTRE;GONDREVILLE LA FRANCHE SUD;;33.40;51.50;79.00;105.30;18.70
CHALON CENTRE;JANVILLE ALLAINES;;46.50;71.70;114.70;151.60;25.50
CHALON CENTRE;LAMOTTE BEUVRON;;51.00;78.50;125.70;165.70;28.20
CHALON CENTRE;MER;;50.90;77.50;124.00;163.20;28.00
CHALON CENTRE;MEUNG;;48.80;74.90;118.70;157.30;26.70
CHALON CENTRE;OLIVET;;47.60;73.20;117.20;153.70;26.20
CHALON CENTRE;ORLEANS CENTRE;;46.90;72.30;115.40;151.30;25.60
CHALON CENTRE;ORLEANS NORD;;46.10;70.90;113.40;149.60;25.20
CHALON CENTRE;PARIS LA FOLIE BESSIN;;54.70;83.30;135.50;178.20;30.40
CHALON CENTRE;ROMORANTIN;;56.60;87.80;139.30;183.40;31.10
CHALON CENTRE;SAINT AIGNAN SUR CHER;;59.30;92.20;145.90;193.00;32.70
CHALON CENTRE;SAINT HILAIRE LES ANDRESIS;;22.10;34.90;53.50;73.80;13.00
CHALON CENTRE;SALBRIS;;52.60;81.50;130.10;172.60;29.00
CHALON CENTRE;SAVIGNY SUR CLAIRIS;;21.10;33.30;50.70;70.40;12.50
CHALON CENTRE;SELLES SUR CHER;;58.40;90.60;143.30;189.10;32.10
CHALON CENTRE;TOURS CENTRE MONNAIE;;59.80;91.30;144.40;191.30;33.30
CHALON CENTRE;VEIGNE;;65.70;102.30;163.70;213.00;36.60
CHALON CENTRE;VIERZON EST;;55.50;85.10;137.40;180.20;30.80
CHALON CENTRE;VIERZON NORD;;54.90;84.70;136.80;179.80;30.20
CHALON NORD;ALLAINVILLE;;49.50;77.00;124.20;162.10;27.20
CHALON NORD;ARTENAY;;45.40;69.80;112.20;148.20;24.70
CHALON NORD;AUXY;;30.80;48.50;76.80;101.70;17.60
CHALON NORD;BLERE;;62.20;96.60;154.00;200.70;34.90
CHALON NORD;BLOIS;;52.30;80.70;129.30;169.80;28.80
CHALON NORD;BOURGES;;59.10;91.30;146.60;192.50;32.90
CHALON NORD;CHATEAU RENAULT;;55.20;84.80;134.90;178.50;30.80
CHALON NORD;ESCRENNES;;35.30;55.20;89.30;117.10;20.00
CHALON NORD;ESVRES;;63.50;98.80;157.80;204.90;35.40
CHALON NORD;FONTENAY SUR LOING;;27.10;41.50;64.10;86.90;15.40
CHALON NORD;GIDY;;45.90;70.60;113.10;149.30;24.90
CHALON NORD;GONDREVILLE LA FRANCHE NORD;;28.90;44.70;68.30;91.10;15.90
CHALON NORD;GONDREVILLE LA FRANCHE SUD;;33.40;51.50;79.00;105.30;18.70
CHALON NORD;JANVILLE ALLAINES;;46.50;71.70;114.70;151.60;25.50
CHALON NORD;LAMOTTE BEUVRON;;51.00;78.50;125.70;165.70;28.20
CHALON NORD;MER;;50.90;77.50;124.00;163.20;28.00
CHALON NORD;MEUNG;;48.80;74.90;118.70;157.30;26.70
CHALON NORD;OLIVET;;47.60;73.20;117.20;153.70;26.20
CHALON NORD;ORLEANS CENTRE;;46.90;72.30;115.40;151.30;25.60
CHALON NORD;ORLEANS NORD;;46.10;70.90;113.40;149.60;25.20
CHALON NORD;PARIS LA FOLIE BESSIN;;54.70;83.30;135.50;178.20;30.40
CHALON NORD;ROMORANTIN;;56.60;87.80;139.30;183.40;31.10
CHALON NORD;SAINT AIGNAN SUR CHER;;59.30;92.20;145.90;193.00;32.70
CHALON NORD;SAINT HILAIRE LES ANDRESIS;;22.10;34.90;53.50;73.80;13.00
CHALON NORD;SALBRIS;;52.60;81.50;130.10;172.60;29.00
CHALON NORD;SAVIGNY SUR CLAIRIS;;21.10;33.30;50.70;70.40;12.50
CHALON NORD;SELLES SUR CHER;;58.40;90.60;143.30;189.10;32.10
CHALON NORD;TOURS CENTRE MONNAIE;;59.80;91.30;144.40;191.30;33.30
CHALON NORD;VEIGNE;;65.70;102.30;163.70;213.00;36.60
CHALON NORD;VIERZON EST;;55.50;85.10;137.40;180.20;30.80
CHALON NORD;VIERZON NORD;;54.90;84.70;136.80;179.80;30.20
CHALON SUD;ALLAINVILLE;;49.50;77.00;124.20;162.10;27.20
CHALON SUD;ARTENAY;;45.40;69.80;112.20;148.20;24.70
CHALON SUD;AUXY;;30.80;48.50;76.80;101.70;17.60
CHALON SUD;BLERE;;62.20;96.60;154.00;200.70;34.90
CHALON SUD;BLOIS;;52.30;80.70;129.30;169.80;28.80
CHALON SUD;BOURGES;;59.10;91.30;146.60;192.50;32.90
CHALON SUD;CHATEAU RENAULT;;55.20;84.80;134.90;178.50;30.80
CHALON SUD;ESCRENNES;;35.30;55.20;89.30;117.10;20.00
CHALON SUD;ESVRES;;63.50;98.80;157.80;204.90;35.40
CHALON SUD;FONTENAY SUR LOING;;27.10;41.50;64.10;86.90;15.40
CHALON SUD;GIDY;;45.90;70.60;113.10;149.30;24.90
CHALON SUD;GONDREVILLE LA FRANCHE NORD;;28.90;44.70;68.30;91.10;15.90
CHALON SUD;GONDREVILLE LA FRANCHE SUD;;33.40;51.50;79.00;105.30;18.70
CHALON SUD;JANVILLE ALLAINES;;46.50;71.70;114.70;151.60;25.50
CHALON SUD;LAMOTTE BEUVRON;;51.00;78.50;125.70;165.70;28.20
CHALON SUD;MER;;50.90;77.50;124.00;163.20;28.00
CHALON SUD;MEUNG;;48.80;74.90;118.70;157.30;26.70
CHALON SUD;OLIVET;;47.60;73.20;117.20;153.70;26.20
CHALON SUD;ORLEANS CENTRE;;46.90;72.30;115.40;151.30;25.60
CHALON SUD;ORLEANS NORD;;46.10;70.90;113.40;149.60;25.20
CHALON SUD;PARIS LA FOLIE BESSIN;;54.70;83.30;135.50;178.20;30.40
CHALON SUD;ROMORANTIN;;56.60;87.80;139.30;183.40;31.10
CHALON SUD;SAINT AIGNAN SUR CHER;;59.30;92.20;145.90;193.00;32.70
CHALON SUD;SAINT HILAIRE LES ANDRESIS;;22.10;34.90;53.50;73.80;13.00
CHALON SUD;SALBRIS;;52.60;81.50;130.10;172.60;29.00
CHALON SUD;SAVIGNY SUR CLAIRIS;;21.10;33.30;50.70;70.40;12.50
CHALON SUD;SELLES SUR CHER;;58.40;90.60;143.30;189.10;32.10
CHALON SUD;TOURS CENTRE MONNAIE;;59.80;91.30;144.40;191.30;33.30
CHALON SUD;VEIGNE;;65.70;102.30;163.70;213.00;36.60
CHALON SUD;VIERZON EST;;55.50;85.10;137.40;180.20;30.80
CHALON SUD;VIERZON NORD;;54.90;84.70;136.80;179.80;30.20
CHALONS LA VEUVE;ALLAINVILLE;;48.60;74.30;123.50;157.60;26.60
CHALONS LA VEUVE;ARTENAY;;44.50;67.10;111.50;143.70;24.10
CHALONS LA VEUVE;AUXY;;29.90;45.80;76.10;97.20;17.00
CHALONS LA VEUVE;BLERE;;61.30;93.90;153.30;196.20;34.30
CHALONS LA VEUVE;BLOIS;;51.40;78.00;128.60;165.30;28.20
CHALONS LA VEUVE;BOURGES;;58.20;88.60;145.90;188.00;32.30
CHALONS LA VEUVE;CHATEAU RENAULT;;54.30;82.10;134.20;174.00;30.20
CHALONS LA VEUVE;ESCRENNES;;34.40;52.50;88.60;112.60;19.40
CHALONS LA VEUVE;ESVRES;;62.60;96.10;157.10;200.40;34.80
CHALONS LA VEUVE;FONTENAY SUR LOING;;26.20;38.80;63.40;82.40;14.80
CHALONS LA VEUVE;GIDY;;45.00;67.90;112.40;144.80;24.30
CHALONS LA VEUVE;GONDREVILLE LA FRANCHE NORD;;28.00;42.00;67.60;86.60;15.30
CHALONS LA VEUVE;GONDREVILLE LA FRANCHE SUD;;32.50;48.80;78.30;100.80;18.10
CHALONS LA VEUVE;JANVILLE ALLAINES;;45.60;69.00;114.00;147.10;24.90
CHALONS LA VEUVE;LAMOTTE BEUVRON;;50.10;75.80;125.00;161.20;27.60
CHALONS LA VEUVE;MER;;50.00;74.80;123.30;158.70;27.40
CHALONS LA VEUVE;MEUNG;;47.90;72.20;118.00;152.80;26.10
CHALONS LA VEUVE;OLIVET;;46.70;70.50;116.50;149.20;25.60
CHALONS LA VEUVE;ORLEANS CENTRE;;46.00;69.60;114.70;146.80;25.00
CHALONS LA VEUVE;ORLEANS NORD;;45.20;68.20;112.70;145.10;24.60
CHALONS LA VEUVE;PARIS LA FOLIE BESSIN;;53.80;80.60;134.80;173.70;29.80
CHALONS LA VEUVE;ROMORANTIN;;55.70;85.10;138.60;178.90;30.50
CHALONS LA VEUVE;SAINT AIGNAN SUR CHER;;58.40;89.50;145.20;188.50;32.10
CHALONS LA VEUVE;SAINT HILAIRE LES ANDRESIS;;21.20;32.20;52.80;69.30;12.40
CHALONS LA VEUVE;SALBRIS;;51.70;78.80;129.40;168.10;28.40
CHALONS LA VEUVE;SAVIGNY SUR CLAIRIS;;20.20;30.60;50.00;65.90;11.90
CHALONS LA VEUVE;SELLES SUR CHER;;57.50;87.90;142.60;184.60;31.50
CHALONS LA VEUVE;TOURS CENTRE MONNAIE;;58.90;88.60;143.70;186.80;32.70
CHALONS LA VEUVE;VEIGNE;;64.80;99.60;163.00;208.50;36.00
CHALONS LA VEUVE;VIERZON EST;;54.60;82.40;136.70;175.70;30.20
CHALONS LA VEUVE;VIERZON NORD;;54.00;82.00;136.10;175.30;29.60
CHAMBRAY;TOURS CENTRE;;0.90;0.90;1.80;1.80;0.90
CHANTONNAY;CHATELLERAULT NORD;;19.60;30.40;44.80;58.20;11.90
CHANTONNAY;CHATELLERAULT SUD;;18.80;28.80;40.10;53.50;10.90
CHANTONNAY;FUTUROSCOPE;;16.60;25.60;36.30;47.70;9.70
CHANTONNAY;POITIERS NORD;;15.90;24.80;34.50;45.90;9.40
CHANTONNAY;POITIERS SUD;;14.80;22.60;31.30;42.60;8.60
CHANTONNAY;SAINTE MAURE;;23.00;35.80;51.80;70.00;13.90
CHANTONNAY;TOURS CENTRE SORIGNY;;29.70;44.60;66.60;89.90;17.70
CHARMONT;ALLAINVILLE;;40.50;62.50;103.20;133.10;21.90
CHARMONT;ARTENAY;;36.40;55.30;91.20;119.20;19.40
CHARMONT;AUXY;;21.80;34.00;55.80;72.70;12.30
CHARMONT;BLERE;;53.20;82.10;133.00;171.70;29.60
CHARMONT;BLOIS;;43.30;66.20;108.30;140.80;23.50
CHARMONT;BOURGES;;50.10;76.80;125.60;163.50;27.60
CHARMONT;CHATEAU RENAULT;;46.20;70.30;113.90;149.50;25.50
CHARMONT;ESCRENNES;;26.30;40.70;68.30;88.10;14.70
CHARMONT;ESVRES;;54.50;84.30;136.80;175.90;30.10
CHARMONT;FONTENAY SUR LOING;;18.10;27.00;43.10;57.90;10.10
CHARMONT;GIDY;;36.90;56.10;92.10;120.30;19.60
CHARMONT;GONDREVILLE LA FRANCHE NORD;;19.90;30.20;47.30;62.10;10.60
CHARMONT;GONDREVILLE LA FRANCHE SUD;;24.40;37.00;58.00;76.30;13.40
CHARMONT;JANVILLE ALLAINES;;37.50;57.20;93.70;122.60;20.20
CHARMONT;LAMOTTE BEUVRON;;42.00;64.00;104.70;136.70;22.90
CHARMONT;MER;;41.90;63.00;103.00;134.20;22.70
CHARMONT;MEUNG;;39.80;60.40;97.70;128.30;21.40
CHARMONT;OLIVET;;38.60;58.70;96.20;124.70;20.90
CHARMONT;ORLEANS CENTRE;;37.90;57.80;94.40;122.30;20.30
CHARMONT;ORLEANS NORD;;37.10;56.40;92.40;120.60;19.90
CHARMONT;PARIS LA FOLIE BESSIN;;45.70;68.80;114.50;149.20;25.10
CHARMONT;ROMORANTIN;;47.60;73.30;118.30;154.40;25.80
CHARMONT;SAINT AIGNAN SUR CHER;;50.30;77.70;124.90;164.00;27.40
CHARMONT;SAINT HILAIRE LES ANDRESIS;;13.10;20.40;32.50;44.80;7.70
CHARMONT;SALBRIS;;43.60;67.00;109.10;143.60;23.70
CHARMONT;SAVIGNY SUR CLAIRIS;;12.10;18.80;29.70;41.40;7.20
CHARMONT;SELLES SUR CHER;;49.40;76.10;122.30;160.10;26.80
CHARMONT;TOURS CENTRE MONNAIE;;50.80;76.80;123.40;162.30;28.00
CHARMONT;VEIGNE;;56.70;87.80;142.70;184.00;31.30
CHARMONT;VIERZON EST;;46.50;70.60;116.40;151.20;25.50
CHARMONT;VIERZON NORD;;45.90;70.20;115.80;150.80;24.90
CHARTRES EST;ABLIS;;2.80;5.10;6.00;7.40;1.70
CHARTRES EST;ALENCON NORD;;17.90;29.60;45.90;60.60;11.10
CHARTRES EST;ALENCON SUD;;17.70;29.10;45.70;58.60;10.80
CHARTRES EST;PEAGE DE CORZE;;26.00;38.70;59.50;75.90;15.20
CHARTRES EST;ARGENTAN;;29.60;49.50;73.70;96.60;17.90
CHARTRES EST;AUVOURS LE MANS ZI SUD;;13.70;22.40;34.20;45.20;8.40
CHARTRES EST;BEAUFORT EN VALLEE;;25.30;38.50;57.00;74.50;15.10
CHARTRES EST;BEAUMONT SUR SARTHE;;15.90;26.40;40.70;51.60;9.80
CHARTRES EST;BERNAY;;38.90;63.10;94.50;126.70;23.90
CHARTRES EST;BOURGUEIL;;29.90;44.50;67.90;88.30;17.90
CHARTRES EST;BRIONNE;;44.50;72.40;104.90;139.60;27.60
CHARTRES EST;BROU;;5.00;8.20;14.00;16.20;3.10
CHARTRES EST;CHARTRES THIVARS;;1.60;3.10;3.80;5.20;1.10
CHARTRES EST;CHATEAU DU LOIR MONTABON;;18.20;29.20;47.00;61.10;11.00
CHARTRES EST;CONNERRE;;11.50;18.90;30.00;37.90;6.70
CHARTRES EST;DURTAL;;20.90;31.20;48.70;63.00;12.30
CHARTRES EST;ECOMMOY;;15.90;26.50;39.30;52.70;9.80
CHARTRES EST;EVRON;;20.90;33.90;51.70;68.60;12.90
CHARTRES EST;GACE;;29.50;48.20;70.50;92.90;18.30
CHARTRES EST;ILLIERS COMBRAY;;3.60;5.70;8.60;10.40;2.20
CHARTRES EST;LA FERTE BERNARD;;7.80;13.90;21.30;27.30;4.60
CHARTRES EST;LAVAL EST;;23.00;36.90;56.30;74.50;14.20
CHARTRES EST;LAVAL OUEST;;23.60;38.10;59.70;77.60;14.60
CHARTRES EST;LE MANS CENTRE UNIVERSITE;;15.80;23.30;36.70;47.80;9.30
CHARTRES EST;LE MANS SUD;;16.80;25.00;39.20;51.30;9.90
CHARTRES EST;LE MANS ZI NORD;;13.60;20.60;34.70;43.90;7.80
CHARTRES EST;LONGUE JUMELLES;;26.30;39.60;59.70;77.40;15.70
CHARTRES EST;ORBEC;;34.50;56.50;83.20;110.20;21.40
CHARTRES EST;PARIGNE L EVEQUE;;14.70;23.10;36.90;47.50;8.80
CHARTRES EST;PARIS LA FOLIE BESSIN;;8.00;11.80;18.50;27.00;5.10
CHARTRES EST;RESTIGNE;;33.90;50.60;75.70;99.70;20.20
CHARTRES EST;ROUMOIS;;53.90;86.90;124.70;168.50;32.10
CHARTRES EST;SABLE LA FLECHE;;19.90;29.30;45.70;60.20;11.50
CHARTRES EST;SAUMUR VIVY;;27.70;42.10;64.30;83.10;16.70
CHARTRES EST;SEES;;25.50;41.80;61.80;81.10;15.60
CHARTRES EST;SEICHES;;23.60;35.00;53.30;69.30;13.70
CHARTRES EST;SILLE LE GUILLAUME MAMERS;;17.00;26.60;44.10;57.60;10.40
CHARTRES EST;SILLE LE GUILLAUME SABLE;;17.20;29.00;43.30;58.70;11.00
CHARTRES EST;TOURS CENTRE SAINT CHRISTOPHE;;22.80;37.20;61.50;77.70;13.80
CHARTRES EST;VITRE LA GRAVELLE;;26.40;43.50;62.40;88.90;16.70
CHARTRES THIVARS;ABLIS;;4.50;7.30;12.10;15.20;2.70
CHARTRES THIVARS;ALENCON NORD;;17.10;26.90;42.10;54.30;10.20
CHARTRES THIVARS;ALENCON SUD;;16.40;26.20;40.20;53.00;10.10
CHARTRES THIVARS;PEAGE DE CORZE;;24.10;35.20;53.60;69.50;14.00
CHARTRES THIVARS;ARGENTAN;;28.30;45.80;69.90;91.70;16.60
CHARTRES THIVARS;AUVOURS LE MANS ZI SUD;;12.70;19.20;29.90;39.20;8.00
CHARTRES THIVARS;BEAUFORT EN VALLEE;;23.40;35.00;51.10;68.10;13.90
CHARTRES THIVARS;BEAUMONT SUR SARTHE;;14.00;23.00;36.00;46.70;8.90
CHARTRES THIVARS;BERNAY;;37.60;59.40;90.70;121.80;22.60
CHARTRES THIVARS;BOURGUEIL;;28.00;41.00;62.00;81.90;16.70
CHARTRES THIVARS;BRIONNE;;43.20;68.70;101.10;134.70;26.30
CHARTRES THIVARS;BROU;;3.60;4.90;7.50;10.00;2.10
CHARTRES THIVARS;CHARTRES EST;;1.60;3.10;3.80;5.20;1.10
CHARTRES THIVARS;CHATEAU DU LOIR MONTABON;;16.70;25.50;42.90;52.40;10.30
CHARTRES THIVARS;CONNERRE;;9.40;14.00;24.80;29.40;5.80
CHARTRES THIVARS;DURTAL;;19.00;27.70;42.80;56.60;11.10
CHARTRES THIVARS;ECOMMOY;;15.20;23.30;36.90;46.20;9.20
CHARTRES THIVARS;EVRON;;19.40;30.80;46.10;61.70;12.30
CHARTRES THIVARS;GACE;;28.20;44.50;66.70;88.00;17.00
CHARTRES THIVARS;ILLIERS COMBRAY;;1.70;2.50;4.00;4.80;1.10
CHARTRES THIVARS;LA FERTE BERNARD;;6.10;9.60;16.90;19.80;4.00
CHARTRES THIVARS;LAVAL EST;;21.50;33.80;50.70;67.60;13.60
CHARTRES THIVARS;LAVAL OUEST;;22.10;34.80;55.10;71.80;13.80
CHARTRES THIVARS;LE MANS CENTRE UNIVERSITE;;13.90;19.80;30.80;41.40;8.10
CHARTRES THIVARS;LE MANS SUD;;14.90;21.50;33.30;44.90;8.70
CHARTRES THIVARS;LE MANS ZI NORD;;11.90;18.60;28.20;37.90;6.80
CHARTRES THIVARS;LONGUE JUMELLES;;24.40;36.10;53.80;71.00;14.50
CHARTRES THIVARS;ORBEC;;33.20;52.80;79.40;105.30;20.10
CHARTRES THIVARS;PARIGNE L EVEQUE;;13.10;19.70;31.30;39.60;8.20
CHARTRES THIVARS;PARIS LA FOLIE BESSIN;;8.90;13.60;21.70;30.60;5.40
CHARTRES THIVARS;RESTIGNE;;32.00;47.10;69.80;93.30;19.00
CHARTRES THIVARS;ROUMOIS;;52.60;83.20;120.90;163.60;30.80
CHARTRES THIVARS;SABLE LA FLECHE;;18.00;25.80;39.80;53.80;10.30
CHARTRES THIVARS;SAUMUR VIVY;;25.80;38.60;58.40;76.70;15.50
CHARTRES THIVARS;SEES;;24.20;38.10;58.00;76.20;14.30
CHARTRES THIVARS;SEICHES;;21.70;31.50;47.40;62.90;12.50
CHARTRES THIVARS;SILLE LE GUILLAUME MAMERS;;14.90;24.30;40.10;49.60;9.00
CHARTRES THIVARS;SILLE LE GUILLAUME SABLE;;15.60;26.40;39.20;51.50;10.00
CHARTRES THIVARS;TOURS CENTRE SAINT CHRISTOPHE;;21.70;34.50;55.40;69.20;13.30
CHARTRES THIVARS;VITRE LA GRAVELLE;;25.20;39.60;56.90;83.90;16.00
CHATEAU DU LOIR MONTABON;ABLIS;;21.50;33.50;54.40;72.20;13.10
CHATEAU DU LOIR MONTABON;ALENCON NORD;;9.60;14.40;24.60;28.30;6.00
CHATEAU DU LOIR MONTABON;ALENCON SUD;;9.20;12.30;21.70;23.60;5.50
CHATEAU DU LOIR MONTABON;PEAGE DE CORZE;;16.80;24.90;38.30;47.90;10.00
CHATEAU DU LOIR MONTABON;ARGENTAN;;20.40;33.20;51.80;67.50;12.30
CHATEAU DU LOIR MONTABON;AUVOURS LE MANS ZI SUD;;3.90;5.80;9.30;11.70;2.20
CHATEAU DU LOIR MONTABON;BEAUFORT EN VALLEE;;16.10;24.70;35.80;46.50;9.90
CHATEAU DU LOIR MONTABON;BEAUMONT SUR SARTHE;;6.40;10.10;16.60;19.60;4.30
CHATEAU DU LOIR MONTABON;BERNAY;;29.70;46.80;72.60;97.60;18.30
CHATEAU DU LOIR MONTABON;BOURGUEIL;;20.70;30.70;46.70;60.30;12.70
CHATEAU DU LOIR MONTABON;BRIONNE;;35.30;56.10;83.00;110.50;22.00
CHATEAU DU LOIR MONTABON;BROU;;11.50;18.20;31.00;38.90;6.90
CHATEAU DU LOIR MONTABON;CHARTRES EST;;18.20;29.20;47.00;61.10;11.00
CHATEAU DU LOIR MONTABON;CHARTRES THIVARS;;16.70;25.50;42.90;52.40;10.30
CHATEAU DU LOIR MONTABON;CONNERRE;;6.90;10.30;16.50;21.40;4.10
CHATEAU DU LOIR MONTABON;DURTAL;;11.70;17.40;27.50;35.00;7.10
CHATEAU DU LOIR MONTABON;ECOMMOY;;1.50;2.50;3.90;5.20;0.90
CHATEAU DU LOIR MONTABON;EVRON;;11.90;18.80;31.80;38.70;7.30
CHATEAU DU LOIR MONTABON;GACE;;20.30;31.90;48.60;63.80;12.70
CHATEAU DU LOIR MONTABON;ILLIERS COMBRAY;;14.20;22.40;37.50;50.20;8.30
CHATEAU DU LOIR MONTABON;LA FERTE BERNARD;;8.90;13.80;23.00;31.00;5.60
CHATEAU DU LOIR MONTABON;LAVAL EST;;14.00;21.80;36.40;44.60;8.60
CHATEAU DU LOIR MONTABON;LAVAL OUEST;;15.20;23.90;39.80;48.40;8.90
CHATEAU DU LOIR MONTABON;LE MANS CENTRE UNIVERSITE;;6.60;9.50;15.50;19.80;4.10
CHATEAU DU LOIR MONTABON;LE MANS SUD;;7.60;11.20;18.00;23.30;4.70
CHATEAU DU LOIR MONTABON;LE MANS ZI NORD;;5.00;7.70;13.10;16.60;3.40
CHATEAU DU LOIR MONTABON;LONGUE JUMELLES;;17.10;25.80;38.50;49.40;10.50
CHATEAU DU LOIR MONTABON;ORBEC;;25.30;40.20;61.30;81.10;15.80
CHATEAU DU LOIR MONTABON;PARIGNE L EVEQUE;;3.20;4.70;7.90;10.80;2.10
CHATEAU DU LOIR MONTABON;PARIS LA FOLIE BESSIN;;26.30;41.30;65.50;83.80;16.40
CHATEAU DU LOIR MONTABON;RESTIGNE;;24.70;36.80;54.50;71.70;15.00
CHATEAU DU LOIR MONTABON;ROUMOIS;;44.70;70.60;102.80;139.40;26.50
CHATEAU DU LOIR MONTABON;SABLE LA FLECHE;;10.70;15.50;24.50;32.20;6.30
CHATEAU DU LOIR MONTABON;SAUMUR VIVY;;18.50;28.30;43.10;55.10;11.50
CHATEAU DU LOIR MONTABON;SEES;;16.30;25.50;39.90;52.00;10.00
CHATEAU DU LOIR MONTABON;SEICHES;;14.40;21.20;32.10;41.30;8.50
CHATEAU DU LOIR MONTABON;SILLE LE GUILLAUME MAMERS;;8.00;11.60;20.60;22.40;4.90
CHATEAU DU LOIR MONTABON;SILLE LE GUILLAUME SABLE;;9.10;15.20;24.10;31.60;5.30
CHATEAU DU LOIR MONTABON;TOURS CENTRE SAINT CHRISTOPHE;;4.40;7.60;12.40;15.90;2.80
CHATEAU DU LOIR MONTABON;VITRE LA GRAVELLE;;18.20;29.00;47.70;58.40;11.30
CHATEAU RENAULT;ALLAINVILLE;;16.40;25.40;42.20;54.60;10.50
CHATEAU RENAULT;AMBERIEU EN BUGEY;;66.90;102.20;163.20;217.60;38.10
CHATEAU RENAULT;ARLAY;;61.00;94.00;151.90;200.80;34.40
CHATEAU RENAULT;ARTENAY;;11.60;19.20;30.10;39.10;7.70
CHATEAU RENAULT;AUXERRE NORD;;38.80;58.60;95.50;123.60;20.90
CHATEAU RENAULT;AUXERRE SUD;;38.80;58.60;95.50;123.60;20.90
CHATEAU RENAULT;AUXY;;21.60;31.90;51.60;67.30;11.70
CHATEAU RENAULT;AVALLON;;43.00;65.30;106.50;139.30;23.80
CHATEAU RENAULT;BALAN;;67.80;104.30;166.00;220.90;38.70
CHATEAU RENAULT;BARRIERE DE MONTREUIL AUX LIONS;;68.00;102.10;163.10;213.80;38.10
CHATEAU RENAULT;BAUME LES DAMES;;64.10;98.70;158.30;211.00;36.60
CHATEAU RENAULT;BEAUMONT;;68.30;103.50;165.90;217.10;37.80
CHATEAU RENAULT;BEAUNE NORD;;51.50;79.10;127.30;167.00;28.90
CHATEAU RENAULT;BEAUNE SUD;;52.80;80.60;129.90;171.10;29.50
CHATEAU RENAULT;BEAUPONT;;64.30;99.20;159.80;212.40;36.90
CHATEAU RENAULT;BEAUREPAIRE;;62.20;95.70;154.00;205.30;35.10
CHATEAU RENAULT;BELLEGARDE;;73.80;114.00;181.70;243.00;42.50
CHATEAU RENAULT;BELLEVILLE SUR SAONE;;62.30;95.60;152.60;202.90;35.10
CHATEAU RENAULT;BERSAILLIN;;60.80;92.50;150.40;199.10;34.30
CHATEAU RENAULT;BESANCON EST;;61.30;95.10;152.80;203.60;34.90
CHATEAU RENAULT;BESANCON NORD;;61.30;94.00;151.20;200.60;34.50
CHATEAU RENAULT;BESANCON OUEST;;61.30;93.40;150.70;199.50;34.40
CHATEAU RENAULT;BEYNOST;;70.30;108.40;172.20;229.90;40.70
CHATEAU RENAULT;BIERRE LES SEMUR;;45.10;68.20;111.10;145.60;25.00
CHATEAU RENAULT;BLERE;;24.70;40.60;62.50;82.00;15.50
CHATEAU RENAULT;BLOIS;;2.90;4.10;5.60;9.10;1.70
CHATEAU RENAULT;BOURG NORD;;62.50;96.10;152.80;203.60;35.50
CHATEAU RENAULT;BOURG SUD;;63.80;98.40;156.90;208.80;36.90
CHATEAU RENAULT;BOURGES;;21.20;34.60;53.50;71.50;13.20
CHATEAU RENAULT;BULGNEVILLE;;55.80;85.40;136.60;181.90;31.10
CHATEAU RENAULT;CHALON CENTRE;;55.20;84.80;134.90;178.50;30.80
CHATEAU RENAULT;CHALON NORD;;55.20;84.80;134.90;178.50;30.80
CHATEAU RENAULT;CHALON SUD;;55.20;84.80;134.90;178.50;30.80
CHATEAU RENAULT;CHALONS LA VEUVE;;54.30;82.10;134.20;174.00;30.20
CHATEAU RENAULT;CHARMONT;;46.20;70.30;113.90;149.50;25.50
CHATEAU RENAULT;CHATEAU THIERRY;;63.20;95.10;152.90;201.90;35.30
CHATEAU RENAULT;CHATENOIS;;56.40;86.10;138.40;183.90;31.70
CHATEAU RENAULT;CHATILLON LABORDE;;42.10;63.90;103.40;135.00;23.30
CHATEAU RENAULT;CHAUMONT SEMOUTIERS;;48.80;74.20;120.30;158.50;27.00
CHATEAU RENAULT;CHOISEY;;57.60;87.70;141.80;187.80;32.20
CHATEAU RENAULT;CLERMONT;;40.00;63.00;100.30;137.00;24.20
CHATEAU RENAULT;CLERMONT EN ARGONNE;;57.60;88.80;142.80;186.80;32.70
CHATEAU RENAULT;COLOMBEY LES BELLES;;59.20;90.00;144.80;193.60;33.00
CHATEAU RENAULT;COMBRONDE;;35.30;55.70;87.30;119.00;21.30
CHATEAU RENAULT;COURTENAY;;34.30;51.70;84.60;108.60;18.40
CHATEAU RENAULT;CRIMOLOIS;;56.40;85.80;138.90;182.90;31.70
CHATEAU RENAULT;DEUX CHAISES;;31.70;50.90;79.80;108.40;19.50
CHATEAU RENAULT;DIJON SUD;;55.40;85.20;136.20;180.10;30.90
CHATEAU RENAULT;DIJON ARC SUR TILLE;;57.10;87.60;140.10;185.50;32.00
CHATEAU RENAULT;DOLE;;57.60;87.70;141.80;187.80;32.20
CHATEAU RENAULT;DORMANS;;60.40;91.50;147.20;193.20;34.00
CHATEAU RENAULT;EGLETONS;;49.80;78.20;118.40;163.30;30.10
CHATEAU RENAULT;ELOISE ANNECY;;75.20;116.50;185.10;248.00;43.50
CHATEAU RENAULT;EPERNAY;;57.90;87.00;141.00;184.00;31.80
CHATEAU RENAULT;ESCRENNES;;17.10;25.90;39.60;53.40;9.70
CHATEAU RENAULT;ESVRES;;26.70;42.40;66.00;85.50;16.30
CHATEAU RENAULT;FEILLENS;;59.90;92.10;147.90;196.70;34.20
CHATEAU RENAULT;FLEURY EN BIERE;;40.70;61.80;99.80;129.50;22.20
CHATEAU RENAULT;FONTAINEBLEAU;;38.00;57.40;93.60;120.10;20.60
CHATEAU RENAULT;FONTENAY SUR LOING;;25.40;39.10;65.60;83.40;13.90
CHATEAU RENAULT;FORET DE TRONCAIS;;27.60;44.50;68.30;91.80;17.00
CHATEAU RENAULT;FORGES;;39.70;59.60;96.80;126.10;21.20
CHATEAU RENAULT;FRESNES EN WOEVRE;;62.90;96.30;154.70;202.00;35.20
CHATEAU RENAULT;GANNAT;;35.00;55.60;86.50;118.30;21.20
CHATEAU RENAULT;GENDREY;;58.70;90.00;145.30;193.20;33.30
CHATEAU RENAULT;GERZAT;;36.90;58.60;90.90;122.60;22.40
CHATEAU RENAULT;GIDY;;10.10;15.80;24.10;32.00;6.20
CHATEAU RENAULT;GONDREVILLE LA FRANCHE NORD;;25.10;36.60;60.20;78.90;13.40
CHATEAU RENAULT;GONDREVILLE LA FRANCHE SUD;;29.60;43.40;70.90;93.10;16.20
CHATEAU RENAULT;GROISSIAT;;70.70;109.00;174.30;232.70;40.90
CHATEAU RENAULT;GYE;;61.50;93.30;149.10;199.00;34.30
CHATEAU RENAULT;JANVILLE ALLAINES;;13.20;20.80;34.20;43.00;8.70
CHATEAU RENAULT;JARNY;;64.20;99.20;157.50;204.00;36.30
CHATEAU RENAULT;JOIGNY;;36.00;54.10;88.10;113.70;19.40
CHATEAU RENAULT;L ISLE SUR LE DOUBS;;65.70;101.00;161.80;215.60;37.40
CHATEAU RENAULT;LA BOISSE;;71.80;110.70;176.40;235.70;41.50
CHATEAU RENAULT;LA BOISSE MONTLUEL;;69.40;106.40;167.30;222.80;39.90
CHATEAU RENAULT;LA COTIERE;;70.20;107.60;171.60;227.20;40.60
CHATEAU RENAULT;LA CROIX CHALON;;68.90;106.20;169.90;226.90;39.60
CHATEAU RENAULT;LAMOTTE BEUVRON;;13.30;21.00;34.80;44.60;8.00
CHATEAU RENAULT;LANGRES NORD;;50.90;77.00;123.10;163.50;28.20
CHATEAU RENAULT;LANGRES SUD;;51.70;78.40;125.90;166.40;28.90
CHATEAU RENAULT;LE MIROIR;;63.30;97.20;156.50;207.60;36.00
CHATEAU RENAULT;LES EPRUNES;;43.20;66.20;107.30;140.90;24.20
CHATEAU RENAULT;MACON NORD;;59.80;91.70;145.90;193.80;33.80
CHATEAU RENAULT;MACON SUD;;60.70;93.20;148.40;197.00;34.30
CHATEAU RENAULT;MAGNANT;;45.30;68.70;111.00;146.30;25.00
CHATEAU RENAULT;MANZAT;;36.90;59.00;91.00;123.30;22.50
CHATEAU RENAULT;MAROLLES SUR SEINE;;39.70;59.60;96.80;126.10;21.20
CHATEAU RENAULT;MER;;4.90;8.10;13.10;15.30;3.00
CHATEAU RENAULT;MEUNG;;5.60;8.60;15.00;17.60;3.50
CHATEAU RENAULT;MONT CHOISY;;51.80;79.20;129.20;168.70;29.10
CHATEAU RENAULT;MONTIGNY LE ROI;;52.60;79.50;128.40;170.40;29.30
CHATEAU RENAULT;MONTLUCON;;30.00;48.10;74.20;101.00;18.30
CHATEAU RENAULT;MONTMARAULT;;31.30;50.20;78.40;107.10;19.10
CHATEAU RENAULT;MONTREUIL AUX LIONS;;65.80;98.60;157.70;205.40;36.60
CHATEAU RENAULT;NEMOURS;;38.00;57.40;93.60;120.10;20.60
CHATEAU RENAULT;NITRY;;41.10;62.20;100.90;132.10;22.40
CHATEAU RENAULT;NUITS SAINT GEORGES;;53.70;82.20;132.60;175.00;30.00
CHATEAU RENAULT;OLIVET;;10.10;15.50;23.60;32.90;6.50
CHATEAU RENAULT;ORLEANS CENTRE;;9.00;15.40;23.50;28.60;5.80
CHATEAU RENAULT;ORLEANS NORD;;9.30;14.50;23.10;30.50;5.70
CHATEAU RENAULT;ORMES;;59.40;89.10;144.10;188.10;32.60
CHATEAU RENAULT;PARIS LA FOLIE BESSIN;;22.40;34.60;56.40;73.20;14.20
CHATEAU RENAULT;PEROUGES;;67.80;104.30;166.00;220.90;38.70
CHATEAU RENAULT;PONT D AIN;;65.20;100.80;161.70;214.60;37.50
CHATEAU RENAULT;POUILLY EN AUXOIS;;48.90;74.40;119.90;158.80;26.90
CHATEAU RENAULT;REIMS TAISSY;;58.10;87.50;142.40;185.70;32.10
CHATEAU RENAULT;REIMS TINQUEUX;;59.80;89.90;144.70;190.10;33.00
CHATEAU RENAULT;REPLONGES;;59.90;92.10;147.90;196.70;34.20
CHATEAU RENAULT;RIOM;;36.70;58.40;90.30;122.40;22.20
CHATEAU RENAULT;ROBECOURT;;54.30;83.10;133.20;177.00;30.40
CHATEAU RENAULT;ROMORANTIN;;19.10;30.30;42.90;61.40;11.50
CHATEAU RENAULT;SAINT AIGNAN SUR CHER;;21.70;35.00;51.90;73.00;13.60
CHATEAU RENAULT;SAINT AMAND;;25.00;40.50;62.50;83.40;15.40
CHATEAU RENAULT;SAINT DENIS LES SENS;;36.70;55.50;90.00;115.80;19.80
CHATEAU RENAULT;SAINT ETIENNE AU TEMPLE;;53.70;82.40;134.60;176.60;30.30
CHATEAU RENAULT;SAINT GENIS;;64.40;98.80;156.20;207.10;36.50
CHATEAU RENAULT;SAINT GERMAIN LAXIS;;42.10;63.90;103.40;135.00;23.30
CHATEAU RENAULT;SAINT GIBRIEN;;52.90;80.50;130.90;171.50;29.60
CHATEAU RENAULT;SAINT HILAIRE LES ANDRESIS;;30.20;45.50;74.00;94.10;16.30
CHATEAU RENAULT;SAINT MARTIN DU FRESNE;;68.60;106.10;168.40;225.10;39.60
CHATEAU RENAULT;SAINT MAURICE;;70.40;108.30;174.30;233.40;40.70
CHATEAU RENAULT;SAINT THIBAULT;;42.60;64.70;105.50;138.30;23.70
CHATEAU RENAULT;SAINTE MENEHOULD;;56.00;86.20;140.60;184.40;31.80
CHATEAU RENAULT;SALBRIS;;14.30;24.50;37.00;50.30;9.10
CHATEAU RENAULT;SAVIGNY SUR CLAIRIS;;30.80;45.70;74.80;97.00;16.60
CHATEAU RENAULT;SELLES SUR CHER;;20.90;33.80;48.20;68.50;13.00
CHATEAU RENAULT;SEURRE;;54.90;84.40;134.80;178.70;30.70
CHATEAU RENAULT;SOIRANS;;56.30;85.70;139.80;184.00;32.00
CHATEAU RENAULT;SOMMESOUS;;49.50;75.70;123.20;161.40;27.60
CHATEAU RENAULT;ST GERMAIN LES VERGNES;;55.10;86.70;130.00;178.60;33.40
CHATEAU RENAULT;ST JULIEN SANCY;;41.90;66.70;102.30;138.60;25.60
CHATEAU RENAULT;SYLANS;;69.30;107.10;170.00;227.30;40.00
CHATEAU RENAULT;THENNELIERES;;44.00;67.00;107.20;140.40;24.60
CHATEAU RENAULT;TIL CHATEL;;54.20;81.90;133.00;176.70;30.20
CHATEAU RENAULT;TORVILLIERS;;42.10;63.90;103.70;135.30;23.30
CHATEAU RENAULT;TOURNUS;;56.90;87.30;139.60;184.30;32.00
CHATEAU RENAULT;TOURS CENTRE MONNAIE;;3.30;4.80;8.10;10.90;2.00
CHATEAU RENAULT;TULLE EST;;52.70;82.80;125.20;169.80;31.70
CHATEAU RENAULT;TULLE NORD;;53.40;84.10;126.00;174.90;32.00
CHATEAU RENAULT;URY;;38.80;58.50;94.90;122.30;21.10
CHATEAU RENAULT;USSEL EST;;44.70;71.30;109.00;148.50;27.00
CHATEAU RENAULT;USSEL OUEST;;46.80;73.30;112.60;154.00;28.30
CHATEAU RENAULT;VAL DE SAONE;;67.20;101.50;163.80;218.20;37.80
CHATEAU RENAULT;VALLEE DE L AUBE;;47.40;72.40;117.10;153.70;26.30
CHATEAU RENAULT;VATRY;;50.30;76.40;123.30;162.80;27.80
CHATEAU RENAULT;VEIGNE;;27.10;45.90;70.60;91.00;17.40
CHATEAU RENAULT;VERDUN;;62.90;96.30;154.70;202.00;35.20
CHATEAU RENAULT;VIERZON EST;;18.30;28.90;45.50;60.60;11.40
CHATEAU RENAULT;VIERZON NORD;;17.80;28.30;44.80;57.90;10.80
CHATEAU RENAULT;VILLE SOUS LA FERTE;;46.90;71.50;116.20;152.60;25.90
CHATEAU RENAULT;VILLEFRANCHE NORD;;63.30;96.50;155.90;207.00;36.10
CHATEAU RENAULT;VILLEFRANCHE LIMAS;;67.50;103.20;164.40;219.00;38.10
CHATEAU RENAULT;VILLEFRANCHE VILLE;;63.90;98.10;156.70;208.10;36.40
CHATEAU RENAULT;VILLENEUVE DONDAGRE;;35.40;53.50;87.10;112.20;19.10
CHATEAU RENAULT;VIRIAT;;62.60;96.20;153.40;204.60;36.20
CHATEAU RENAULT;VIRY;;79.60;124.00;196.80;263.20;46.40
CHATEAU RENAULT;VOIE SACREE;;60.10;92.30;146.60;193.00;33.80
CHATEAU RENAULT;VULAINES;;40.00;59.60;96.80;126.00;21.30
CHATEAU RENAULT;VULCANIA BROMONT;;39.30;62.40;96.40;130.90;23.90
CHATEAU THIERRY;ALLAINVILLE;;57.50;87.30;142.20;185.50;31.70
CHATEAU THIERRY;ARTENAY;;53.40;80.10;130.20;171.60;29.20
CHATEAU THIERRY;AUXY;;38.80;58.80;94.80;125.10;22.10
CHATEAU THIERRY;BLERE;;70.20;106.90;172.00;224.10;39.40
CHATEAU THIERRY;BLOIS;;60.30;91.00;147.30;193.20;33.30
CHATEAU THIERRY;BOURGES;;67.10;101.60;164.60;215.90;37.40
CHATEAU THIERRY;CHATEAU RENAULT;;63.20;95.10;152.90;201.90;35.30
CHATEAU THIERRY;ESCRENNES;;43.30;65.50;107.30;140.50;24.50
CHATEAU THIERRY;ESVRES;;71.50;109.10;175.80;228.30;39.90
CHATEAU THIERRY;FONTENAY SUR LOING;;35.10;51.80;82.10;110.30;19.90
CHATEAU THIERRY;GIDY;;53.90;80.90;131.10;172.70;29.40
CHATEAU THIERRY;GONDREVILLE LA FRANCHE NORD;;36.90;55.00;86.30;114.50;20.40
CHATEAU THIERRY;GONDREVILLE LA FRANCHE SUD;;41.40;61.80;97.00;128.70;23.20
CHATEAU THIERRY;JANVILLE ALLAINES;;54.50;82.00;132.70;175.00;30.00
CHATEAU THIERRY;LAMOTTE BEUVRON;;59.00;88.80;143.70;189.10;32.70
CHATEAU THIERRY;MER;;58.90;87.80;142.00;186.60;32.50
CHATEAU THIERRY;MEUNG;;56.80;85.20;136.70;180.70;31.20
CHATEAU THIERRY;OLIVET;;55.60;83.50;135.20;177.10;30.70
CHATEAU THIERRY;ORLEANS CENTRE;;54.90;82.60;133.40;174.70;30.10
CHATEAU THIERRY;ORLEANS NORD;;54.10;81.20;131.40;173.00;29.70
CHATEAU THIERRY;PARIS LA FOLIE BESSIN;;62.70;93.60;153.50;201.60;34.90
CHATEAU THIERRY;ROMORANTIN;;64.60;98.10;157.30;206.80;35.60
CHATEAU THIERRY;SAINT AIGNAN SUR CHER;;67.30;102.50;163.90;216.40;37.20
CHATEAU THIERRY;SAINT HILAIRE LES ANDRESIS;;30.10;45.20;71.50;97.20;17.50
CHATEAU THIERRY;SALBRIS;;60.60;91.80;148.10;196.00;33.50
CHATEAU THIERRY;SAVIGNY SUR CLAIRIS;;29.10;43.60;68.70;93.80;17.00
CHATEAU THIERRY;SELLES SUR CHER;;66.40;100.90;161.30;212.50;36.60
CHATEAU THIERRY;TOURS CENTRE MONNAIE;;67.80;101.60;162.40;214.70;37.80
CHATEAU THIERRY;VEIGNE;;73.70;112.60;181.70;236.40;41.10
CHATEAU THIERRY;VIERZON EST;;63.50;95.40;155.40;203.60;35.30
CHATEAU THIERRY;VIERZON NORD;;62.90;95.00;154.80;203.20;34.70
CHATELLERAULT NORD;AIGREFEUILLE;;22.10;34.30;51.80;66.40;14.20
CHATELLERAULT NORD;BEAULIEU;;26.80;41.50;62.30;80.50;16.50
CHATELLERAULT NORD;CHANTONNAY;;19.60;30.40;44.80;58.20;11.90
CHATELLERAULT NORD;CHATELLERAULT SUD;;0.80;1.50;2.50;2.60;0.50
CHATELLERAULT NORD;CHEMILLE;;23.40;36.70;55.70;71.50;14.50
CHATELLERAULT NORD;CHOLET NORD;;21.90;34.80;52.30;66.30;13.90
CHATELLERAULT NORD;CHOLET SUD;;21.70;34.60;50.60;65.20;13.70
CHATELLERAULT NORD;FONTENAY LE COMTE;;15.20;24.30;35.30;47.80;9.60
CHATELLERAULT NORD;FONTENAY OUEST;;15.80;24.40;36.90;48.00;9.70
CHATELLERAULT NORD;FUTUROSCOPE;;2.30;3.90;5.70;7.10;1.40
CHATELLERAULT NORD;LA ROCHE SUR YON;;20.80;32.00;47.30;62.60;13.30
CHATELLERAULT NORD;LA ROCHELLE NIORT SUD;;12.90;19.70;28.90;37.20;7.90
CHATELLERAULT NORD;LA VERRIE;;21.50;34.40;50.40;65.00;13.50
CHATELLERAULT NORD;LE BIGNON;;22.30;34.50;52.00;66.60;14.40
CHATELLERAULT NORD;LES ESSARTS;;20.50;31.50;47.00;62.00;13.00
CHATELLERAULT NORD;LES HERBIERS;;21.30;34.20;50.20;64.80;13.30
CHATELLERAULT NORD;MIRAMBEAU;;22.50;36.70;53.10;68.90;14.30
CHATELLERAULT NORD;MONTAIGU;;21.90;34.10;51.60;66.20;14.00
CHATELLERAULT NORD;NIORT EST;;10.40;16.70;27.00;33.70;6.80
CHATELLERAULT NORD;NIORT NORD;;11.40;18.20;28.50;35.70;7.50
CHATELLERAULT NORD;NIORT OUEST;;13.70;20.20;32.10;40.20;8.70
CHATELLERAULT NORD;POITIERS NORD;;3.00;5.30;8.70;10.10;2.30
CHATELLERAULT NORD;POITIERS SUD;;4.80;7.80;13.50;15.60;3.30
CHATELLERAULT NORD;PONS;;20.60;32.90;46.80;62.60;12.80
CHATELLERAULT NORD;SAINT AUBIN DE BLAYE;;24.20;38.20;56.20;72.10;15.30
CHATELLERAULT NORD;SAINT JEAN D ANGELY;;15.70;24.50;36.10;44.70;10.00
CHATELLERAULT NORD;SAINT MAIXENT LUSIGNAN;;8.00;12.60;20.30;24.60;5.00
CHATELLERAULT NORD;SAINTE MAURE;;2.60;4.30;8.80;9.20;2.00
CHATELLERAULT NORD;SAINTES;;19.10;29.40;44.00;54.70;11.80
CHATELLERAULT NORD;STE HERMINE;;17.30;26.70;41.10;50.00;11.50
CHATELLERAULT NORD;TOURS CENTRE SORIGNY;;8.40;12.70;21.20;29.20;5.50
CHATELLERAULT NORD;VIRSAC;;24.80;39.30;57.50;73.30;15.70
CHATELLERAULT NORD;VOUILLE;;10.70;17.20;26.80;32.70;6.60
CHATELLERAULT SUD;AIGREFEUILLE;;21.30;32.70;47.10;61.70;13.20
CHATELLERAULT SUD;BEAULIEU;;26.00;39.90;57.60;75.80;15.50
CHATELLERAULT SUD;CHANTONNAY;;18.80;28.80;40.10;53.50;10.90
CHATELLERAULT SUD;CHATELLERAULT NORD;;0.80;1.50;2.50;2.60;0.50
CHATELLERAULT SUD;CHEMILLE;;22.60;35.10;51.00;66.80;13.50
CHATELLERAULT SUD;CHOLET NORD;;21.10;33.20;47.60;61.60;12.90
CHATELLERAULT SUD;CHOLET SUD;;20.90;33.00;45.90;60.50;12.70
CHATELLERAULT SUD;FONTENAY LE COMTE;;14.40;22.70;30.60;43.10;8.60
CHATELLERAULT SUD;FONTENAY OUEST;;15.00;22.80;32.20;43.30;8.70
CHATELLERAULT SUD;FUTUROSCOPE;;1.60;2.20;3.80;4.20;1.00
CHATELLERAULT SUD;LA ROCHE SUR YON;;20.00;30.40;42.60;57.90;12.30
CHATELLERAULT SUD;LA ROCHELLE NIORT SUD;;12.10;18.10;24.20;32.50;6.90
CHATELLERAULT SUD;LA VERRIE;;20.70;32.80;45.70;60.30;12.50
CHATELLERAULT SUD;LE BIGNON;;21.50;32.90;47.30;61.90;13.40
CHATELLERAULT SUD;LES ESSARTS;;19.70;29.90;42.30;57.30;12.00
CHATELLERAULT SUD;LES HERBIERS;;20.50;32.60;45.50;60.10;12.30
CHATELLERAULT SUD;MIRAMBEAU;;21.70;35.10;48.40;64.20;13.30
CHATELLERAULT SUD;MONTAIGU;;21.10;32.50;46.90;61.50;13.00
CHATELLERAULT SUD;NIORT EST;;9.60;15.10;22.30;29.00;5.80
CHATELLERAULT SUD;NIORT NORD;;10.60;16.60;23.80;31.00;6.50
CHATELLERAULT SUD;NIORT OUEST;;12.90;18.60;27.40;35.50;7.70
CHATELLERAULT SUD;POITIERS NORD;;2.20;4.00;5.30;6.10;1.40
CHATELLERAULT SUD;POITIERS SUD;;4.00;6.20;8.80;10.90;2.30
CHATELLERAULT SUD;PONS;;19.80;31.30;42.10;57.90;11.80
CHATELLERAULT SUD;SAINT AUBIN DE BLAYE;;23.40;36.60;51.50;67.40;14.30
CHATELLERAULT SUD;SAINT JEAN D ANGELY;;14.90;22.90;31.40;40.00;9.00
CHATELLERAULT SUD;SAINT MAIXENT LUSIGNAN;;7.20;11.00;15.60;19.90;4.00
CHATELLERAULT SUD;SAINTE MAURE;;2.80;4.90;9.10;10.20;2.10
CHATELLERAULT SUD;SAINTES;;18.30;27.80;39.30;50.00;10.80
CHATELLERAULT SUD;STE HERMINE;;16.50;25.10;36.40;45.30;10.50
CHATELLERAULT SUD;TOURS CENTRE SORIGNY;;9.20;14.80;24.20;31.40;6.00
CHATELLERAULT SUD;VIRSAC;;24.00;37.70;52.80;68.60;14.70
CHATELLERAULT SUD;VOUILLE;;9.90;15.60;22.10;28.00;5.60
CHATENOIS;ALLAINVILLE;;50.70;78.30;127.70;167.50;28.10
CHATENOIS;ARTENAY;;46.60;71.10;115.70;153.60;25.60
CHATENOIS;AUXY;;32.00;49.80;80.30;107.10;18.50
CHATENOIS;BLERE;;63.40;97.90;157.50;206.10;35.80
CHATENOIS;BLOIS;;53.50;82.00;132.80;175.20;29.70
CHATENOIS;BOURGES;;60.30;92.60;150.10;197.90;33.80
CHATENOIS;CHATEAU RENAULT;;56.40;86.10;138.40;183.90;31.70
CHATENOIS;ESCRENNES;;36.50;56.50;92.80;122.50;20.90
CHATENOIS;ESVRES;;64.70;100.10;161.30;210.30;36.30
CHATENOIS;FONTENAY SUR LOING;;28.30;42.80;67.60;92.30;16.30
CHATENOIS;GIDY;;47.10;71.90;116.60;154.70;25.80
CHATENOIS;GONDREVILLE LA FRANCHE NORD;;30.10;46.00;71.80;96.50;16.80
CHATENOIS;GONDREVILLE LA FRANCHE SUD;;34.60;52.80;82.50;110.70;19.60
CHATENOIS;JANVILLE ALLAINES;;47.70;73.00;118.20;157.00;26.40
CHATENOIS;LAMOTTE BEUVRON;;52.20;79.80;129.20;171.10;29.10
CHATENOIS;MER;;52.10;78.80;127.50;168.60;28.90
CHATENOIS;MEUNG;;50.00;76.20;122.20;162.70;27.60
CHATENOIS;OLIVET;;48.80;74.50;120.70;159.10;27.10
CHATENOIS;ORLEANS CENTRE;;48.10;73.60;118.90;156.70;26.50
CHATENOIS;ORLEANS NORD;;47.30;72.20;116.90;155.00;26.10
CHATENOIS;PARIS LA FOLIE BESSIN;;55.90;84.60;139.00;183.60;31.30
CHATENOIS;ROMORANTIN;;57.80;89.10;142.80;188.80;32.00
CHATENOIS;SAINT AIGNAN SUR CHER;;60.50;93.50;149.40;198.40;33.60
CHATENOIS;SAINT HILAIRE LES ANDRESIS;;23.30;36.20;57.00;79.20;13.90
CHATENOIS;SALBRIS;;53.80;82.80;133.60;178.00;29.90
CHATENOIS;SAVIGNY SUR CLAIRIS;;22.30;34.60;54.20;75.80;13.40
CHATENOIS;SELLES SUR CHER;;59.60;91.90;146.80;194.50;33.00
CHATENOIS;TOURS CENTRE MONNAIE;;61.00;92.60;147.90;196.70;34.20
CHATENOIS;VEIGNE;;66.90;103.60;167.20;218.40;37.50
CHATENOIS;VIERZON EST;;56.70;86.40;140.90;185.60;31.70
CHATENOIS;VIERZON NORD;;56.10;86.00;140.30;185.20;31.10
CHATILLON LABORDE;ALLAINVILLE;;36.40;56.10;92.70;118.60;19.70
CHATILLON LABORDE;ARTENAY;;32.30;48.90;80.70;104.70;17.20
CHATILLON LABORDE;AUXY;;17.70;27.60;45.30;58.20;10.10
CHATILLON LABORDE;BLERE;;49.10;75.70;122.50;157.20;27.40
CHATILLON LABORDE;BLOIS;;39.20;59.80;97.80;126.30;21.30
CHATILLON LABORDE;BOURGES;;46.00;70.40;115.10;149.00;25.40
CHATILLON LABORDE;CHATEAU RENAULT;;42.10;63.90;103.40;135.00;23.30
CHATILLON LABORDE;ESCRENNES;;22.20;34.30;57.80;73.60;12.50
CHATILLON LABORDE;ESVRES;;50.40;77.90;126.30;161.40;27.90
CHATILLON LABORDE;FONTENAY SUR LOING;;14.00;20.60;32.60;43.40;7.90
CHATILLON LABORDE;GIDY;;32.80;49.70;81.60;105.80;17.40
CHATILLON LABORDE;GONDREVILLE LA FRANCHE NORD;;15.80;23.80;36.80;47.60;8.40
CHATILLON LABORDE;GONDREVILLE LA FRANCHE SUD;;20.30;30.60;47.50;61.80;11.20
CHATILLON LABORDE;JANVILLE ALLAINES;;33.40;50.80;83.20;108.10;18.00
CHATILLON LABORDE;LAMOTTE BEUVRON;;37.90;57.60;94.20;122.20;20.70
CHATILLON LABORDE;MER;;37.80;56.60;92.50;119.70;20.50
CHATILLON LABORDE;MEUNG;;35.70;54.00;87.20;113.80;19.20
CHATILLON LABORDE;OLIVET;;34.50;52.30;85.70;110.20;18.70
CHATILLON LABORDE;ORLEANS CENTRE;;33.80;51.40;83.90;107.80;18.10
CHATILLON LABORDE;ORLEANS NORD;;33.00;50.00;81.90;106.10;17.70
CHATILLON LABORDE;PARIS LA FOLIE BESSIN;;41.60;62.40;104.00;134.70;22.90
CHATILLON LABORDE;ROMORANTIN;;43.50;66.90;107.80;139.90;23.60
CHATILLON LABORDE;SAINT AIGNAN SUR CHER;;46.20;71.30;114.40;149.50;25.20
CHATILLON LABORDE;SAINT HILAIRE LES ANDRESIS;;9.00;14.00;22.00;30.30;5.50
CHATILLON LABORDE;SALBRIS;;39.50;60.60;98.60;129.10;21.50
CHATILLON LABORDE;SAVIGNY SUR CLAIRIS;;8.00;12.40;19.20;26.90;5.00
CHATILLON LABORDE;SELLES SUR CHER;;45.30;69.70;111.80;145.60;24.60
CHATILLON LABORDE;TOURS CENTRE MONNAIE;;46.70;70.40;112.90;147.80;25.80
CHATILLON LABORDE;VEIGNE;;52.60;81.40;132.20;169.50;29.10
CHATILLON LABORDE;VIERZON EST;;42.40;64.20;105.90;136.70;23.30
CHATILLON LABORDE;VIERZON NORD;;41.80;63.80;105.30;136.30;22.70
CHAUMONT SEMOUTIERS;ALLAINVILLE;;43.10;66.40;109.60;142.10;23.40
CHAUMONT SEMOUTIERS;ARTENAY;;39.00;59.20;97.60;128.20;20.90
CHAUMONT SEMOUTIERS;AUXY;;24.40;37.90;62.20;81.70;13.80
CHAUMONT SEMOUTIERS;BLERE;;55.80;86.00;139.40;180.70;31.10
CHAUMONT SEMOUTIERS;BLOIS;;45.90;70.10;114.70;149.80;25.00
CHAUMONT SEMOUTIERS;BOURGES;;52.70;80.70;132.00;172.50;29.10
CHAUMONT SEMOUTIERS;CHATEAU RENAULT;;48.80;74.20;120.30;158.50;27.00
CHAUMONT SEMOUTIERS;ESCRENNES;;28.90;44.60;74.70;97.10;16.20
CHAUMONT SEMOUTIERS;ESVRES;;57.10;88.20;143.20;184.90;31.60
CHAUMONT SEMOUTIERS;FONTENAY SUR LOING;;20.70;30.90;49.50;66.90;11.60
CHAUMONT SEMOUTIERS;GIDY;;39.50;60.00;98.50;129.30;21.10
CHAUMONT SEMOUTIERS;GONDREVILLE LA FRANCHE NORD;;22.50;34.10;53.70;71.10;12.10
CHAUMONT SEMOUTIERS;GONDREVILLE LA FRANCHE SUD;;27.00;40.90;64.40;85.30;14.90
CHAUMONT SEMOUTIERS;JANVILLE ALLAINES;;40.10;61.10;100.10;131.60;21.70
CHAUMONT SEMOUTIERS;LAMOTTE BEUVRON;;44.60;67.90;111.10;145.70;24.40
CHAUMONT SEMOUTIERS;MER;;44.50;66.90;109.40;143.20;24.20
CHAUMONT SEMOUTIERS;MEUNG;;42.40;64.30;104.10;137.30;22.90
CHAUMONT SEMOUTIERS;OLIVET;;41.20;62.60;102.60;133.70;22.40
CHAUMONT SEMOUTIERS;ORLEANS CENTRE;;40.50;61.70;100.80;131.30;21.80
CHAUMONT SEMOUTIERS;ORLEANS NORD;;39.70;60.30;98.80;129.60;21.40
CHAUMONT SEMOUTIERS;PARIS LA FOLIE BESSIN;;48.30;72.70;120.90;158.20;26.60
CHAUMONT SEMOUTIERS;ROMORANTIN;;50.20;77.20;124.70;163.40;27.30
CHAUMONT SEMOUTIERS;SAINT AIGNAN SUR CHER;;52.90;81.60;131.30;173.00;28.90
CHAUMONT SEMOUTIERS;SAINT HILAIRE LES ANDRESIS;;15.70;24.30;38.90;53.80;9.20
CHAUMONT SEMOUTIERS;SALBRIS;;46.20;70.90;115.50;152.60;25.20
CHAUMONT SEMOUTIERS;SAVIGNY SUR CLAIRIS;;14.70;22.70;36.10;50.40;8.70
CHAUMONT SEMOUTIERS;SELLES SUR CHER;;52.00;80.00;128.70;169.10;28.30
CHAUMONT SEMOUTIERS;TOURS CENTRE MONNAIE;;53.40;80.70;129.80;171.30;29.50
CHAUMONT SEMOUTIERS;VEIGNE;;59.30;91.70;149.10;193.00;32.80
CHAUMONT SEMOUTIERS;VIERZON EST;;49.10;74.50;122.80;160.20;27.00
CHAUMONT SEMOUTIERS;VIERZON NORD;;48.50;74.10;122.20;159.80;26.40
CHEMILLE;CHATELLERAULT NORD;;23.40;36.70;55.70;71.50;14.50
CHEMILLE;CHATELLERAULT SUD;;22.60;35.10;51.00;66.80;13.50
CHEMILLE;FUTUROSCOPE;;20.40;31.90;47.20;61.00;12.30
CHEMILLE;POITIERS NORD;;19.70;31.10;45.40;59.20;12.00
CHEMILLE;POITIERS SUD;;18.60;28.90;42.20;55.90;11.20
CHEMILLE;SAINTE MAURE;;26.80;42.10;62.70;83.30;16.50
CHEMILLE;TOURS CENTRE SORIGNY;;33.50;50.90;77.50;103.20;20.30
CHOISEY;ALLAINVILLE;;51.90;79.90;131.10;171.40;28.60
CHOISEY;ARTENAY;;47.80;72.70;119.10;157.50;26.10
CHOISEY;AUXY;;33.20;51.40;83.70;111.00;19.00
CHOISEY;BLERE;;64.60;99.50;160.90;210.00;36.30
CHOISEY;BLOIS;;54.70;83.60;136.20;179.10;30.20
CHOISEY;BOURGES;;61.50;94.20;153.50;201.80;34.30
CHOISEY;CHATEAU RENAULT;;57.60;87.70;141.80;187.80;32.20
CHOISEY;ESCRENNES;;37.70;58.10;96.20;126.40;21.40
CHOISEY;ESVRES;;65.90;101.70;164.70;214.20;36.80
CHOISEY;FONTENAY SUR LOING;;29.50;44.40;71.00;96.20;16.80
CHOISEY;GIDY;;48.30;73.50;120.00;158.60;26.30
CHOISEY;GONDREVILLE LA FRANCHE NORD;;31.30;47.60;75.20;100.40;17.30
CHOISEY;GONDREVILLE LA FRANCHE SUD;;35.80;54.40;85.90;114.60;20.10
CHOISEY;JANVILLE ALLAINES;;48.90;74.60;121.60;160.90;26.90
CHOISEY;LAMOTTE BEUVRON;;53.40;81.40;132.60;175.00;29.60
CHOISEY;MER;;53.30;80.40;130.90;172.50;29.40
CHOISEY;MEUNG;;51.20;77.80;125.60;166.60;28.10
CHOISEY;OLIVET;;50.00;76.10;124.10;163.00;27.60
CHOISEY;ORLEANS CENTRE;;49.30;75.20;122.30;160.60;27.00
CHOISEY;ORLEANS NORD;;48.50;73.80;120.30;158.90;26.60
CHOISEY;PARIS LA FOLIE BESSIN;;57.10;86.20;142.40;187.50;31.80
CHOISEY;ROMORANTIN;;59.00;90.70;146.20;192.70;32.50
CHOISEY;SAINT AIGNAN SUR CHER;;61.70;95.10;152.80;202.30;34.10
CHOISEY;SAINT HILAIRE LES ANDRESIS;;24.50;37.80;60.40;83.10;14.40
CHOISEY;SALBRIS;;55.00;84.40;137.00;181.90;30.40
CHOISEY;SAVIGNY SUR CLAIRIS;;23.50;36.20;57.60;79.70;13.90
CHOISEY;SELLES SUR CHER;;60.80;93.50;150.20;198.40;33.50
CHOISEY;TOURS CENTRE MONNAIE;;62.20;94.20;151.30;200.60;34.70
CHOISEY;VEIGNE;;68.10;105.20;170.60;222.30;38.00
CHOISEY;VIERZON EST;;57.90;88.00;144.30;189.50;32.20
CHOISEY;VIERZON NORD;;57.30;87.60;143.70;189.10;31.60
CHOLET NORD;CHATELLERAULT NORD;;21.90;34.80;52.30;66.30;13.90
CHOLET NORD;CHATELLERAULT SUD;;21.10;33.20;47.60;61.60;12.90
CHOLET NORD;FUTUROSCOPE;;18.90;30.00;43.80;55.80;11.70
CHOLET NORD;POITIERS NORD;;18.20;29.20;42.00;54.00;11.40
CHOLET NORD;POITIERS SUD;;17.10;27.00;38.80;50.70;10.60
CHOLET NORD;SAINTE MAURE;;25.30;40.20;59.30;78.10;15.90
CHOLET NORD;TOURS CENTRE SORIGNY;;32.00;49.00;74.10;98.00;19.70
CHOLET SUD;CHATELLERAULT NORD;;21.70;34.60;50.60;65.20;13.70
CHOLET SUD;CHATELLERAULT SUD;;20.90;33.00;45.90;60.50;12.70
CHOLET SUD;FUTUROSCOPE;;18.70;29.80;42.10;54.70;11.50
CHOLET SUD;POITIERS NORD;;18.00;29.00;40.30;52.90;11.20
CHOLET SUD;POITIERS SUD;;16.90;26.80;37.10;49.60;10.40
CHOLET SUD;SAINTE MAURE;;25.10;40.00;57.60;77.00;15.70
CHOLET SUD;TOURS CENTRE SORIGNY;;31.80;48.80;72.40;96.90;19.50
CLERMONT;ALLAINVILLE;;41.40;63.90;100.70;137.00;24.20
CLERMONT;ARTENAY;;34.90;54.90;87.40;118.90;21.00
CLERMONT;AUXY;;44.30;66.80;110.10;146.80;24.80
CLERMONT;BLERE;;32.80;51.10;82.00;111.20;19.60
CLERMONT;BLOIS;;38.30;58.70;95.70;125.80;22.90
CLERMONT;BOURGES;;18.80;28.40;46.80;65.50;11.00
CLERMONT;CHATEAU RENAULT;;40.00;63.00;100.30;137.00;24.20
CLERMONT;ESCRENNES;;39.80;60.80;98.10;132.90;22.80
CLERMONT;ESVRES;;35.20;54.90;88.10;116.50;20.80
CLERMONT;FONTENAY SUR LOING;;48.10;74.00;124.10;162.90;27.00
CLERMONT;GIDY;;33.00;50.70;82.60;111.50;19.50
CLERMONT;GONDREVILLE LA FRANCHE NORD;;47.80;71.50;118.70;158.40;26.50
CLERMONT;GONDREVILLE LA FRANCHE SUD;;52.30;78.30;129.40;172.60;29.30
CLERMONT;JANVILLE ALLAINES;;37.20;58.10;92.20;124.80;22.30
CLERMONT;LAMOTTE BEUVRON;;26.20;40.20;66.80;89.00;15.10
CLERMONT;MER;;36.40;56.50;90.30;122.60;21.20
CLERMONT;MEUNG;;34.00;53.20;83.70;115.70;20.20
CLERMONT;OLIVET;;30.90;46.90;75.80;102.70;17.90
CLERMONT;ORLEANS CENTRE;;31.10;48.40;80.10;104.50;18.20
CLERMONT;ORLEANS NORD;;32.80;50.10;81.20;110.00;19.20
CLERMONT;PARIS LA FOLIE BESSIN;;43.40;68.00;111.20;148.00;26.70
CLERMONT;ROMORANTIN;;25.50;39.80;64.50;87.60;15.40
CLERMONT;SAINT AIGNAN SUR CHER;;29.30;45.40;73.90;101.60;17.10
CLERMONT;SAINT HILAIRE LES ANDRESIS;;52.90;80.40;132.50;173.60;29.40
CLERMONT;SALBRIS;;24.10;37.40;61.30;81.90;14.50
CLERMONT;SAVIGNY SUR CLAIRIS;;53.50;80.60;133.30;176.50;29.70
CLERMONT;SELLES SUR CHER;;27.50;42.50;67.90;94.40;16.50
CLERMONT;TOURS CENTRE MONNAIE;;44.90;70.80;109.80;150.20;26.40
CLERMONT;VEIGNE;;35.50;56.40;91.50;122.20;22.00
CLERMONT;VIERZON EST;;21.80;33.60;53.90;74.70;13.30
CLERMONT;VIERZON NORD;;22.00;33.80;56.20;76.60;13.40
CLERMONT EN ARGONNE;ALLAINVILLE;;51.90;81.00;132.10;170.40;29.10
CLERMONT EN ARGONNE;ARTENAY;;47.80;73.80;120.10;156.50;26.60
CLERMONT EN ARGONNE;AUXY;;33.20;52.50;84.70;110.00;19.50
CLERMONT EN ARGONNE;BLERE;;64.60;100.60;161.90;209.00;36.80
CLERMONT EN ARGONNE;BLOIS;;54.70;84.70;137.20;178.10;30.70
CLERMONT EN ARGONNE;BOURGES;;61.50;95.30;154.50;200.80;34.80
CLERMONT EN ARGONNE;CHATEAU RENAULT;;57.60;88.80;142.80;186.80;32.70
CLERMONT EN ARGONNE;ESCRENNES;;37.70;59.20;97.20;125.40;21.90
CLERMONT EN ARGONNE;ESVRES;;65.90;102.80;165.70;213.20;37.30
CLERMONT EN ARGONNE;FONTENAY SUR LOING;;29.50;45.50;72.00;95.20;17.30
CLERMONT EN ARGONNE;GIDY;;48.30;74.60;121.00;157.60;26.80
CLERMONT EN ARGONNE;GONDREVILLE LA FRANCHE NORD;;31.30;48.70;76.20;99.40;17.80
CLERMONT EN ARGONNE;GONDREVILLE LA FRANCHE SUD;;35.80;55.50;86.90;113.60;20.60
CLERMONT EN ARGONNE;JANVILLE ALLAINES;;48.90;75.70;122.60;159.90;27.40
CLERMONT EN ARGONNE;LAMOTTE BEUVRON;;53.40;82.50;133.60;174.00;30.10
CLERMONT EN ARGONNE;MER;;53.30;81.50;131.90;171.50;29.90
CLERMONT EN ARGONNE;MEUNG;;51.20;78.90;126.60;165.60;28.60
CLERMONT EN ARGONNE;OLIVET;;50.00;77.20;125.10;162.00;28.10
CLERMONT EN ARGONNE;ORLEANS CENTRE;;49.30;76.30;123.30;159.60;27.50
CLERMONT EN ARGONNE;ORLEANS NORD;;48.50;74.90;121.30;157.90;27.10
CLERMONT EN ARGONNE;PARIS LA FOLIE BESSIN;;57.10;87.30;143.40;186.50;32.30
CLERMONT EN ARGONNE;ROMORANTIN;;59.00;91.80;147.20;191.70;33.00
CLERMONT EN ARGONNE;SAINT AIGNAN SUR CHER;;61.70;96.20;153.80;201.30;34.60
CLERMONT EN ARGONNE;SAINT HILAIRE LES ANDRESIS;;24.50;38.90;61.40;82.10;14.90
CLERMONT EN ARGONNE;SALBRIS;;55.00;85.50;138.00;180.90;30.90
CLERMONT EN ARGONNE;SAVIGNY SUR CLAIRIS;;23.50;37.30;58.60;78.70;14.40
CLERMONT EN ARGONNE;SELLES SUR CHER;;60.80;94.60;151.20;197.40;34.00
CLERMONT EN ARGONNE;TOURS CENTRE MONNAIE;;62.20;95.30;152.30;199.60;35.20
CLERMONT EN ARGONNE;VEIGNE;;68.10;106.30;171.60;221.30;38.50
CLERMONT EN ARGONNE;VIERZON EST;;57.90;89.10;145.30;188.50;32.70
CLERMONT EN ARGONNE;VIERZON NORD;;57.30;88.70;144.70;188.10;32.10
COLOMBEY LES BELLES;ALLAINVILLE;;53.50;82.20;134.10;177.20;29.40
COLOMBEY LES BELLES;ARTENAY;;49.40;75.00;122.10;163.30;26.90
COLOMBEY LES BELLES;AUXY;;34.80;53.70;86.70;116.80;19.80
COLOMBEY LES BELLES;BLERE;;66.20;101.80;163.90;215.80;37.10
COLOMBEY LES BELLES;BLOIS;;56.30;85.90;139.20;184.90;31.00
COLOMBEY LES BELLES;BOURGES;;63.10;96.50;156.50;207.60;35.10
COLOMBEY LES BELLES;CHATEAU RENAULT;;59.20;90.00;144.80;193.60;33.00
COLOMBEY LES BELLES;ESCRENNES;;39.30;60.40;99.20;132.20;22.20
COLOMBEY LES BELLES;ESVRES;;67.50;104.00;167.70;220.00;37.60
COLOMBEY LES BELLES;FONTENAY SUR LOING;;31.10;46.70;74.00;102.00;17.60
COLOMBEY LES BELLES;GIDY;;49.90;75.80;123.00;164.40;27.10
COLOMBEY LES BELLES;GONDREVILLE LA FRANCHE NORD;;32.90;49.90;78.20;106.20;18.10
COLOMBEY LES BELLES;GONDREVILLE LA FRANCHE SUD;;37.40;56.70;88.90;120.40;20.90
COLOMBEY LES BELLES;JANVILLE ALLAINES;;50.50;76.90;124.60;166.70;27.70
COLOMBEY LES BELLES;LAMOTTE BEUVRON;;55.00;83.70;135.60;180.80;30.40
COLOMBEY LES BELLES;MER;;54.90;82.70;133.90;178.30;30.20
COLOMBEY LES BELLES;MEUNG;;52.80;80.10;128.60;172.40;28.90
COLOMBEY LES BELLES;OLIVET;;51.60;78.40;127.10;168.80;28.40
COLOMBEY LES BELLES;ORLEANS CENTRE;;50.90;77.50;125.30;166.40;27.80
COLOMBEY LES BELLES;ORLEANS NORD;;50.10;76.10;123.30;164.70;27.40
COLOMBEY LES BELLES;PARIS LA FOLIE BESSIN;;58.70;88.50;145.40;193.30;32.60
COLOMBEY LES BELLES;ROMORANTIN;;60.60;93.00;149.20;198.50;33.30
COLOMBEY LES BELLES;SAINT AIGNAN SUR CHER;;63.30;97.40;155.80;208.10;34.90
COLOMBEY LES BELLES;SAINT HILAIRE LES ANDRESIS;;26.10;40.10;63.40;88.90;15.20
COLOMBEY LES BELLES;SALBRIS;;56.60;86.70;140.00;187.70;31.20
COLOMBEY LES BELLES;SAVIGNY SUR CLAIRIS;;25.10;38.50;60.60;85.50;14.70
COLOMBEY LES BELLES;SELLES SUR CHER;;62.40;95.80;153.20;204.20;34.30
COLOMBEY LES BELLES;TOURS CENTRE MONNAIE;;63.80;96.50;154.30;206.40;35.50
COLOMBEY LES BELLES;VEIGNE;;69.70;107.50;173.60;228.10;38.80
COLOMBEY LES BELLES;VIERZON EST;;59.50;90.30;147.30;195.30;33.00
COLOMBEY LES BELLES;VIERZON NORD;;58.90;89.90;146.70;194.90;32.40
COMBRONDE;ALLAINVILLE;;36.70;56.60;87.70;119.00;21.30
COMBRONDE;ARTENAY;;30.20;47.60;74.40;100.90;18.10
COMBRONDE;AUXY;;39.60;59.50;97.10;128.80;21.90
COMBRONDE;BLERE;;28.10;43.80;69.00;93.20;16.70
COMBRONDE;BLOIS;;33.60;51.40;82.70;107.80;20.00
COMBRONDE;BOURGES;;14.10;21.10;33.80;47.50;8.10
COMBRONDE;CHATEAU RENAULT;;35.30;55.70;87.30;119.00;21.30
COMBRONDE;ESCRENNES;;35.10;53.50;85.10;114.90;19.90
COMBRONDE;ESVRES;;30.50;47.60;75.10;98.50;17.90
COMBRONDE;FONTENAY SUR LOING;;43.40;66.70;111.10;144.90;24.10
COMBRONDE;GIDY;;28.30;43.40;69.60;93.50;16.60
COMBRONDE;GONDREVILLE LA FRANCHE NORD;;43.10;64.20;105.70;140.40;23.60
COMBRONDE;GONDREVILLE LA FRANCHE SUD;;47.60;71.00;116.40;154.60;26.40
COMBRONDE;JANVILLE ALLAINES;;32.50;50.80;79.20;106.80;19.40
COMBRONDE;LAMOTTE BEUVRON;;21.50;32.90;53.80;71.00;12.20
COMBRONDE;MER;;31.70;49.20;77.30;104.60;18.30
COMBRONDE;MEUNG;;29.30;45.90;70.70;97.70;17.30
COMBRONDE;OLIVET;;26.20;39.60;62.80;84.70;15.00
COMBRONDE;ORLEANS CENTRE;;26.40;41.10;67.10;86.50;15.30
COMBRONDE;ORLEANS NORD;;28.10;42.80;68.20;92.00;16.30
COMBRONDE;PARIS LA FOLIE BESSIN;;38.70;60.70;98.20;130.00;23.80
COMBRONDE;ROMORANTIN;;20.80;32.50;51.50;69.60;12.50
COMBRONDE;SAINT AIGNAN SUR CHER;;24.60;38.10;60.90;83.60;14.20
COMBRONDE;SAINT HILAIRE LES ANDRESIS;;48.20;73.10;119.50;155.60;26.50
COMBRONDE;SALBRIS;;19.40;30.10;48.30;63.90;11.60
COMBRONDE;SAVIGNY SUR CLAIRIS;;48.80;73.30;120.30;158.50;26.80
COMBRONDE;SELLES SUR CHER;;22.80;35.20;54.90;76.40;13.60
COMBRONDE;TOURS CENTRE MONNAIE;;40.20;63.50;96.80;132.20;23.50
COMBRONDE;VEIGNE;;30.80;49.10;78.50;104.20;19.10
COMBRONDE;VIERZON EST;;17.10;26.30;40.90;56.70;10.40
COMBRONDE;VIERZON NORD;;17.30;26.50;43.20;58.60;10.50
CONNERRE;ABLIS;;15.40;23.40;35.80;48.50;8.80
CONNERRE;ALENCON NORD;;7.90;12.30;20.30;23.30;4.80
CONNERRE;ALENCON SUD;;7.30;11.50;17.10;22.20;4.20
CONNERRE;PEAGE DE CORZE;;14.10;22.30;32.90;40.80;8.50
CONNERRE;ARGENTAN;;19.10;31.50;47.70;59.80;11.40
CONNERRE;AUVOURS LE MANS ZI SUD;;2.60;4.10;6.70;8.80;1.70
CONNERRE;BEAUFORT EN VALLEE;;13.40;22.10;30.40;39.40;8.40
CONNERRE;BEAUMONT SUR SARTHE;;5.20;7.80;12.30;15.80;3.30
CONNERRE;BERNAY;;28.40;45.10;68.50;89.90;17.40
CONNERRE;BOURGUEIL;;18.00;28.10;41.30;53.20;11.20
CONNERRE;BRIONNE;;34.00;54.40;78.90;102.80;21.10
CONNERRE;BROU;;5.50;8.40;12.90;16.40;3.30
CONNERRE;CHARTRES EST;;11.50;18.90;30.00;37.90;6.70
CONNERRE;CHARTRES THIVARS;;9.40;14.00;24.80;29.40;5.80
CONNERRE;CHATEAU DU LOIR MONTABON;;6.90;10.30;16.50;21.40;4.10
CONNERRE;DURTAL;;9.00;14.80;22.10;27.90;5.60
CONNERRE;ECOMMOY;;5.10;7.30;12.00;16.20;3.50
CONNERRE;EVRON;;10.10;15.70;25.10;32.20;5.90
CONNERRE;GACE;;19.00;30.20;44.50;56.10;11.80
CONNERRE;ILLIERS COMBRAY;;7.90;11.60;18.60;22.30;4.80
CONNERRE;LA FERTE BERNARD;;2.50;4.00;6.40;8.50;1.70
CONNERRE;LAVAL EST;;12.20;18.70;29.70;38.50;7.20
CONNERRE;LAVAL OUEST;;13.20;20.80;33.70;42.80;8.00
CONNERRE;LE MANS CENTRE UNIVERSITE;;3.90;6.90;10.10;12.70;2.60
CONNERRE;LE MANS SUD;;4.90;8.60;12.60;16.20;3.20
CONNERRE;LE MANS ZI NORD;;3.10;4.90;7.60;9.90;2.00
CONNERRE;LONGUE JUMELLES;;14.40;23.20;33.10;42.30;9.00
CONNERRE;ORBEC;;24.00;38.50;57.20;73.40;14.90
CONNERRE;PARIGNE L EVEQUE;;3.50;5.20;8.40;10.40;2.10
CONNERRE;PARIS LA FOLIE BESSIN;;20.30;31.20;49.30;65.70;12.30
CONNERRE;RESTIGNE;;22.00;34.20;49.10;64.60;13.50
CONNERRE;ROUMOIS;;43.40;68.90;98.70;131.70;25.60
CONNERRE;SABLE LA FLECHE;;8.00;12.90;19.10;25.10;4.80
CONNERRE;SAUMUR VIVY;;15.80;25.70;37.70;48.00;10.00
CONNERRE;SEES;;15.00;23.80;35.80;44.30;9.10
CONNERRE;SEICHES;;11.70;18.60;26.70;34.20;7.00
CONNERRE;SILLE LE GUILLAUME MAMERS;;6.50;9.40;14.50;18.90;3.80
CONNERRE;SILLE LE GUILLAUME SABLE;;7.60;11.20;17.90;21.80;4.80
CONNERRE;TOURS CENTRE SAINT CHRISTOPHE;;12.30;18.60;32.00;41.70;7.80
CONNERRE;VITRE LA GRAVELLE;;16.50;25.20;38.00;53.90;10.10
COURTENAY;ALLAINVILLE;;28.60;43.90;73.90;92.20;14.80
COURTENAY;ARTENAY;;24.50;36.70;61.90;78.30;12.30
COURTENAY;AUXY;;9.90;15.40;26.50;31.80;5.20
COURTENAY;BLERE;;41.30;63.50;103.70;130.80;22.50
COURTENAY;BLOIS;;31.40;47.60;79.00;99.90;16.40
COURTENAY;BOURGES;;38.20;58.20;96.30;122.60;20.50
COURTENAY;CHATEAU RENAULT;;34.30;51.70;84.60;108.60;18.40
COURTENAY;ESCRENNES;;14.40;22.10;39.00;47.20;7.60
COURTENAY;ESVRES;;42.60;65.70;107.50;135.00;23.00
COURTENAY;FONTENAY SUR LOING;;6.20;8.40;13.80;17.00;3.00
COURTENAY;GIDY;;25.00;37.50;62.80;79.40;12.50
COURTENAY;GONDREVILLE LA FRANCHE NORD;;8.00;11.60;18.00;21.20;3.50
COURTENAY;GONDREVILLE LA FRANCHE SUD;;12.50;18.40;28.70;35.40;6.30
COURTENAY;JANVILLE ALLAINES;;25.60;38.60;64.40;81.70;13.10
COURTENAY;LAMOTTE BEUVRON;;30.10;45.40;75.40;95.80;15.80
COURTENAY;MER;;30.00;44.40;73.70;93.30;15.60
COURTENAY;MEUNG;;27.90;41.80;68.40;87.40;14.30
COURTENAY;OLIVET;;26.70;40.10;66.90;83.80;13.80
COURTENAY;ORLEANS CENTRE;;26.00;39.20;65.10;81.40;13.20
COURTENAY;ORLEANS NORD;;25.20;37.80;63.10;79.70;12.80
COURTENAY;PARIS LA FOLIE BESSIN;;33.80;50.20;85.20;108.30;18.00
COURTENAY;ROMORANTIN;;35.70;54.70;89.00;113.50;18.70
COURTENAY;SAINT AIGNAN SUR CHER;;38.40;59.10;95.60;123.10;20.30
COURTENAY;SAINT HILAIRE LES ANDRESIS;;1.20;1.80;3.20;3.90;0.60
COURTENAY;SALBRIS;;31.70;48.40;79.80;102.70;16.60
COURTENAY;SAVIGNY SUR CLAIRIS;;0.20;0.20;0.40;0.50;0.10
COURTENAY;SELLES SUR CHER;;37.50;57.50;93.00;119.20;19.70
COURTENAY;TOURS CENTRE MONNAIE;;38.90;58.20;94.10;121.40;20.90
COURTENAY;VEIGNE;;44.80;69.20;113.40;143.10;24.20
COURTENAY;VIERZON EST;;34.60;52.00;87.10;110.30;18.40
COURTENAY;VIERZON NORD;;34.00;51.60;86.50;109.90;17.80
CRIMOLOIS;ALLAINVILLE;;50.70;78.00;128.20;166.50;28.10
CRIMOLOIS;ARTENAY;;46.60;70.80;116.20;152.60;25.60
CRIMOLOIS;AUXY;;32.00;49.50;80.80;106.10;18.50
CRIMOLOIS;BLERE;;63.40;97.60;158.00;205.10;35.80
CRIMOLOIS;BLOIS;;53.50;81.70;133.30;174.20;29.70
CRIMOLOIS;BOURGES;;60.30;92.30;150.60;196.90;33.80
CRIMOLOIS;CHATEAU RENAULT;;56.40;85.80;138.90;182.90;31.70
CRIMOLOIS;ESCRENNES;;36.50;56.20;93.30;121.50;20.90
CRIMOLOIS;ESVRES;;64.70;99.80;161.80;209.30;36.30
CRIMOLOIS;FONTENAY SUR LOING;;28.30;42.50;68.10;91.30;16.30
CRIMOLOIS;GIDY;;47.10;71.60;117.10;153.70;25.80
CRIMOLOIS;GONDREVILLE LA FRANCHE NORD;;30.10;45.70;72.30;95.50;16.80
CRIMOLOIS;GONDREVILLE LA FRANCHE SUD;;34.60;52.50;83.00;109.70;19.60
CRIMOLOIS;JANVILLE ALLAINES;;47.70;72.70;118.70;156.00;26.40
CRIMOLOIS;LAMOTTE BEUVRON;;52.20;79.50;129.70;170.10;29.10
CRIMOLOIS;MER;;52.10;78.50;128.00;167.60;28.90
CRIMOLOIS;MEUNG;;50.00;75.90;122.70;161.70;27.60
CRIMOLOIS;OLIVET;;48.80;74.20;121.20;158.10;27.10
CRIMOLOIS;ORLEANS CENTRE;;48.10;73.30;119.40;155.70;26.50
CRIMOLOIS;ORLEANS NORD;;47.30;71.90;117.40;154.00;26.10
CRIMOLOIS;PARIS LA FOLIE BESSIN;;55.90;84.30;139.50;182.60;31.30
CRIMOLOIS;ROMORANTIN;;57.80;88.80;143.30;187.80;32.00
CRIMOLOIS;SAINT AIGNAN SUR CHER;;60.50;93.20;149.90;197.40;33.60
CRIMOLOIS;SAINT HILAIRE LES ANDRESIS;;23.30;35.90;57.50;78.20;13.90
CRIMOLOIS;SALBRIS;;53.80;82.50;134.10;177.00;29.90
CRIMOLOIS;SAVIGNY SUR CLAIRIS;;22.30;34.30;54.70;74.80;13.40
CRIMOLOIS;SELLES SUR CHER;;59.60;91.60;147.30;193.50;33.00
CRIMOLOIS;TOURS CENTRE MONNAIE;;61.00;92.30;148.40;195.70;34.20
CRIMOLOIS;VEIGNE;;66.90;103.30;167.70;217.40;37.50
CRIMOLOIS;VIERZON EST;;56.70;86.10;141.40;184.60;31.70
CRIMOLOIS;VIERZON NORD;;56.10;85.70;140.80;184.20;31.10
DEUX CHAISES;ALLAINVILLE;;33.10;51.80;80.20;108.40;19.50
DEUX CHAISES;ARTENAY;;26.60;42.80;66.90;90.30;16.30
DEUX CHAISES;AUXY;;36.00;54.70;89.60;118.20;20.10
DEUX CHAISES;BLERE;;24.50;39.00;61.50;82.60;14.90
DEUX CHAISES;BLOIS;;30.00;46.60;75.20;97.20;18.20
DEUX CHAISES;BOURGES;;10.50;16.30;26.30;36.90;6.30
DEUX CHAISES;CHATEAU RENAULT;;31.70;50.90;79.80;108.40;19.50
DEUX CHAISES;ESCRENNES;;31.50;48.70;77.60;104.30;18.10
DEUX CHAISES;ESVRES;;26.90;42.80;67.60;87.90;16.10
DEUX CHAISES;FONTENAY SUR LOING;;39.80;61.90;103.60;134.30;22.30
DEUX CHAISES;GIDY;;24.70;38.60;62.10;82.90;14.80
DEUX CHAISES;GONDREVILLE LA FRANCHE NORD;;39.50;59.40;98.20;129.80;21.80
DEUX CHAISES;GONDREVILLE LA FRANCHE SUD;;44.00;66.20;108.90;144.00;24.60
DEUX CHAISES;JANVILLE ALLAINES;;28.90;46.00;71.70;96.20;17.60
DEUX CHAISES;LAMOTTE BEUVRON;;17.90;28.10;46.30;60.40;10.40
DEUX CHAISES;MER;;28.10;44.40;69.80;94.00;16.50
DEUX CHAISES;MEUNG;;25.70;41.10;63.20;87.10;15.50
DEUX CHAISES;OLIVET;;22.60;34.80;55.30;74.10;13.20
DEUX CHAISES;ORLEANS CENTRE;;22.80;36.30;59.60;75.90;13.50
DEUX CHAISES;ORLEANS NORD;;24.50;38.00;60.70;81.40;14.50
DEUX CHAISES;PARIS LA FOLIE BESSIN;;35.10;55.90;90.70;119.40;22.00
DEUX CHAISES;ROMORANTIN;;17.20;27.70;44.00;59.00;10.70
DEUX CHAISES;SAINT AIGNAN SUR CHER;;21.00;33.30;53.40;73.00;12.40
DEUX CHAISES;SAINT HILAIRE LES ANDRESIS;;44.60;68.30;112.00;145.00;24.70
DEUX CHAISES;SALBRIS;;15.80;25.30;40.80;53.30;9.80
DEUX CHAISES;SAVIGNY SUR CLAIRIS;;45.20;68.50;112.80;147.90;25.00
DEUX CHAISES;SELLES SUR CHER;;19.20;30.40;47.40;65.80;11.80
DEUX CHAISES;TOURS CENTRE MONNAIE;;36.60;58.70;89.30;121.60;21.70
DEUX CHAISES;VEIGNE;;27.20;44.30;71.00;93.60;17.30
DEUX CHAISES;VIERZON EST;;13.50;21.50;33.40;46.10;8.60
DEUX CHAISES;VIERZON NORD;;13.70;21.70;35.70;48.00;8.70
DIJON SUD;ALLAINVILLE;;49.70;77.40;125.50;163.70;27.30
DIJON SUD;ARTENAY;;45.60;70.20;113.50;149.80;24.80
DIJON SUD;AUXY;;31.00;48.90;78.10;103.30;17.70
DIJON SUD;BLERE;;62.40;97.00;155.30;202.30;35.00
DIJON SUD;BLOIS;;52.50;81.10;130.60;171.40;28.90
DIJON SUD;BOURGES;;59.30;91.70;147.90;194.10;33.00
DIJON SUD;CHATEAU RENAULT;;55.40;85.20;136.20;180.10;30.90
DIJON SUD;ESCRENNES;;35.50;55.60;90.60;118.70;20.10
DIJON SUD;ESVRES;;63.70;99.20;159.10;206.50;35.50
DIJON SUD;FONTENAY SUR LOING;;27.30;41.90;65.40;88.50;15.50
DIJON SUD;GIDY;;46.10;71.00;114.40;150.90;25.00
DIJON SUD;GONDREVILLE LA FRANCHE NORD;;29.10;45.10;69.60;92.70;16.00
DIJON SUD;GONDREVILLE LA FRANCHE SUD;;33.60;51.90;80.30;106.90;18.80
DIJON SUD;JANVILLE ALLAINES;;46.70;72.10;116.00;153.20;25.60
DIJON SUD;LAMOTTE BEUVRON;;51.20;78.90;127.00;167.30;28.30
DIJON SUD;MER;;51.10;77.90;125.30;164.80;28.10
DIJON SUD;MEUNG;;49.00;75.30;120.00;158.90;26.80
DIJON SUD;OLIVET;;47.80;73.60;118.50;155.30;26.30
DIJON SUD;ORLEANS CENTRE;;47.10;72.70;116.70;152.90;25.70
DIJON SUD;ORLEANS NORD;;46.30;71.30;114.70;151.20;25.30
DIJON SUD;PARIS LA FOLIE BESSIN;;54.90;83.70;136.80;179.80;30.50
DIJON SUD;ROMORANTIN;;56.80;88.20;140.60;185.00;31.20
DIJON SUD;SAINT AIGNAN SUR CHER;;59.50;92.60;147.20;194.60;32.80
DIJON SUD;SAINT HILAIRE LES ANDRESIS;;22.30;35.30;54.80;75.40;13.10
DIJON SUD;SALBRIS;;52.80;81.90;131.40;174.20;29.10
DIJON SUD;SAVIGNY SUR CLAIRIS;;21.30;33.70;52.00;72.00;12.60
DIJON SUD;SELLES SUR CHER;;58.60;91.00;144.60;190.70;32.20
DIJON SUD;TOURS CENTRE MONNAIE;;60.00;91.70;145.70;192.90;33.40
DIJON SUD;VEIGNE;;65.90;102.70;165.00;214.60;36.70
DIJON SUD;VIERZON EST;;55.70;85.50;138.70;181.80;30.90
DIJON SUD;VIERZON NORD;;55.10;85.10;138.10;181.40;30.30
DIJON ARC SUR TILLE;ALLAINVILLE;;51.40;79.80;129.40;169.10;28.40
DIJON ARC SUR TILLE;ARTENAY;;47.30;72.60;117.40;155.20;25.90
DIJON ARC SUR TILLE;AUXY;;32.70;51.30;82.00;108.70;18.80
DIJON ARC SUR TILLE;BLERE;;64.10;99.40;159.20;207.70;36.10
DIJON ARC SUR TILLE;BLOIS;;54.20;83.50;134.50;176.80;30.00
DIJON ARC SUR TILLE;BOURGES;;61.00;94.10;151.80;199.50;34.10
DIJON ARC SUR TILLE;CHATEAU RENAULT;;57.10;87.60;140.10;185.50;32.00
DIJON ARC SUR TILLE;ESCRENNES;;37.20;58.00;94.50;124.10;21.20
DIJON ARC SUR TILLE;ESVRES;;65.40;101.60;163.00;211.90;36.60
DIJON ARC SUR TILLE;FONTENAY SUR LOING;;29.00;44.30;69.30;93.90;16.60
DIJON ARC SUR TILLE;GIDY;;47.80;73.40;118.30;156.30;26.10
DIJON ARC SUR TILLE;GONDREVILLE LA FRANCHE NORD;;30.80;47.50;73.50;98.10;17.10
DIJON ARC SUR TILLE;GONDREVILLE LA FRANCHE SUD;;35.30;54.30;84.20;112.30;19.90
DIJON ARC SUR TILLE;JANVILLE ALLAINES;;48.40;74.50;119.90;158.60;26.70
DIJON ARC SUR TILLE;LAMOTTE BEUVRON;;52.90;81.30;130.90;172.70;29.40
DIJON ARC SUR TILLE;MER;;52.80;80.30;129.20;170.20;29.20
DIJON ARC SUR TILLE;MEUNG;;50.70;77.70;123.90;164.30;27.90
DIJON ARC SUR TILLE;OLIVET;;49.50;76.00;122.40;160.70;27.40
DIJON ARC SUR TILLE;ORLEANS CENTRE;;48.80;75.10;120.60;158.30;26.80
DIJON ARC SUR TILLE;ORLEANS NORD;;48.00;73.70;118.60;156.60;26.40
DIJON ARC SUR TILLE;PARIS LA FOLIE BESSIN;;56.60;86.10;140.70;185.20;31.60
DIJON ARC SUR TILLE;ROMORANTIN;;58.50;90.60;144.50;190.40;32.30
DIJON ARC SUR TILLE;SAINT AIGNAN SUR CHER;;61.20;95.00;151.10;200.00;33.90
DIJON ARC SUR TILLE;SAINT HILAIRE LES ANDRESIS;;24.00;37.70;58.70;80.80;14.20
DIJON ARC SUR TILLE;SALBRIS;;54.50;84.30;135.30;179.60;30.20
DIJON ARC SUR TILLE;SAVIGNY SUR CLAIRIS;;23.00;36.10;55.90;77.40;13.70
DIJON ARC SUR TILLE;SELLES SUR CHER;;60.30;93.40;148.50;196.10;33.30
DIJON ARC SUR TILLE;TOURS CENTRE MONNAIE;;61.70;94.10;149.60;198.30;34.50
DIJON ARC SUR TILLE;VEIGNE;;67.60;105.10;168.90;220.00;37.80
DIJON ARC SUR TILLE;VIERZON EST;;57.40;87.90;142.60;187.20;32.00
DIJON ARC SUR TILLE;VIERZON NORD;;56.80;87.50;142.00;186.80;31.40
DOLE;ALLAINVILLE;;51.90;79.90;131.10;171.40;28.60
DOLE;ARTENAY;;47.80;72.70;119.10;157.50;26.10
DOLE;AUXY;;33.20;51.40;83.70;111.00;19.00
DOLE;BLERE;;64.60;99.50;160.90;210.00;36.30
DOLE;BLOIS;;54.70;83.60;136.20;179.10;30.20
DOLE;BOURGES;;61.50;94.20;153.50;201.80;34.30
DOLE;CHATEAU RENAULT;;57.60;87.70;141.80;187.80;32.20
DOLE;ESCRENNES;;37.70;58.10;96.20;126.40;21.40
DOLE;ESVRES;;65.90;101.70;164.70;214.20;36.80
DOLE;FONTENAY SUR LOING;;29.50;44.40;71.00;96.20;16.80
DOLE;GIDY;;48.30;73.50;120.00;158.60;26.30
DOLE;GONDREVILLE LA FRANCHE NORD;;31.30;47.60;75.20;100.40;17.30
DOLE;GONDREVILLE LA FRANCHE SUD;;35.80;54.40;85.90;114.60;20.10
DOLE;JANVILLE ALLAINES;;48.90;74.60;121.60;160.90;26.90
DOLE;LAMOTTE BEUVRON;;53.40;81.40;132.60;175.00;29.60
DOLE;MER;;53.30;80.40;130.90;172.50;29.40
DOLE;MEUNG;;51.20;77.80;125.60;166.60;28.10
DOLE;OLIVET;;50.00;76.10;124.10;163.00;27.60
DOLE;ORLEANS CENTRE;;49.30;75.20;122.30;160.60;27.00
DOLE;ORLEANS NORD;;48.50;73.80;120.30;158.90;26.60
DOLE;PARIS LA FOLIE BESSIN;;57.10;86.20;142.40;187.50;31.80
DOLE;ROMORANTIN;;59.00;90.70;146.20;192.70;32.50
DOLE;SAINT AIGNAN SUR CHER;;61.70;95.10;152.80;202.30;34.10
DOLE;SAINT HILAIRE LES ANDRESIS;;24.50;37.80;60.40;83.10;14.40
DOLE;SALBRIS;;55.00;84.40;137.00;181.90;30.40
DOLE;SAVIGNY SUR CLAIRIS;;23.50;36.20;57.60;79.70;13.90
DOLE;SELLES SUR CHER;;60.80;93.50;150.20;198.40;33.50
DOLE;TOURS CENTRE MONNAIE;;62.20;94.20;151.30;200.60;34.70
DOLE;VEIGNE;;68.10;105.20;170.60;222.30;38.00
DOLE;VIERZON EST;;57.90;88.00;144.30;189.50;32.20
DOLE;VIERZON NORD;;57.30;87.60;143.70;189.10;31.60
DORMANS;ALLAINVILLE;;54.70;83.70;136.50;176.80;30.40
DORMANS;ARTENAY;;50.60;76.50;124.50;162.90;27.90
DORMANS;AUXY;;36.00;55.20;89.10;116.40;20.80
DORMANS;BLERE;;67.40;103.30;166.30;215.40;38.10
DORMANS;BLOIS;;57.50;87.40;141.60;184.50;32.00
DORMANS;BOURGES;;64.30;98.00;158.90;207.20;36.10
DORMANS;CHATEAU RENAULT;;60.40;91.50;147.20;193.20;34.00
DORMANS;ESCRENNES;;40.50;61.90;101.60;131.80;23.20
DORMANS;ESVRES;;68.70;105.50;170.10;219.60;38.60
DORMANS;FONTENAY SUR LOING;;32.30;48.20;76.40;101.60;18.60
DORMANS;GIDY;;51.10;77.30;125.40;164.00;28.10
DORMANS;GONDREVILLE LA FRANCHE NORD;;34.10;51.40;80.60;105.80;19.10
DORMANS;GONDREVILLE LA FRANCHE SUD;;38.60;58.20;91.30;120.00;21.90
DORMANS;JANVILLE ALLAINES;;51.70;78.40;127.00;166.30;28.70
DORMANS;LAMOTTE BEUVRON;;56.20;85.20;138.00;180.40;31.40
DORMANS;MER;;56.10;84.20;136.30;177.90;31.20
DORMANS;MEUNG;;54.00;81.60;131.00;172.00;29.90
DORMANS;OLIVET;;52.80;79.90;129.50;168.40;29.40
DORMANS;ORLEANS CENTRE;;52.10;79.00;127.70;166.00;28.80
DORMANS;ORLEANS NORD;;51.30;77.60;125.70;164.30;28.40
DORMANS;PARIS LA FOLIE BESSIN;;59.90;90.00;147.80;192.90;33.60
DORMANS;ROMORANTIN;;61.80;94.50;151.60;198.10;34.30
DORMANS;SAINT AIGNAN SUR CHER;;64.50;98.90;158.20;207.70;35.90
DORMANS;SAINT HILAIRE LES ANDRESIS;;27.30;41.60;65.80;88.50;16.20
DORMANS;SALBRIS;;57.80;88.20;142.40;187.30;32.20
DORMANS;SAVIGNY SUR CLAIRIS;;26.30;40.00;63.00;85.10;15.70
DORMANS;SELLES SUR CHER;;63.60;97.30;155.60;203.80;35.30
DORMANS;TOURS CENTRE MONNAIE;;65.00;98.00;156.70;206.00;36.50
DORMANS;VEIGNE;;70.90;109.00;176.00;227.70;39.80
DORMANS;VIERZON EST;;60.70;91.80;149.70;194.90;34.00
DORMANS;VIERZON NORD;;60.10;91.40;149.10;194.50;33.40
DOURDAN;PARIS LA FOLIE BESSIN;;1.70;4.10;4.80;6.40;1.00
DRUYE CANDE;TOURS CENTRE CANDE;;2.10;3.40;5.80;7.50;1.40
DURTAL;ABLIS;;23.40;35.10;55.60;74.50;14.20
DURTAL;ALENCON NORD;;10.70;16.90;25.70;34.90;6.40
DURTAL;ALENCON SUD;;10.40;16.00;23.50;31.70;6.30
DURTAL;AUVOURS LE MANS ZI SUD;;7.70;12.10;17.10;22.30;4.80
DURTAL;BEAUFORT EN VALLEE;;3.00;5.50;6.70;9.60;1.90
DURTAL;BEAUMONT SUR SARTHE;;8.30;12.90;18.90;23.40;5.20
DURTAL;BOURGUEIL;;7.60;11.50;17.60;23.40;4.70
DURTAL;BROU;;13.70;21.50;33.00;43.10;8.20
DURTAL;CHARTRES EST;;20.90;31.20;48.70;63.00;12.30
DURTAL;CHARTRES THIVARS;;19.00;27.70;42.80;56.60;11.10
DURTAL;CHATEAU DU LOIR MONTABON;;11.70;17.40;27.50;35.00;7.10
DURTAL;CONNERRE;;9.00;14.80;22.10;27.90;5.60
DURTAL;ECOMMOY;;9.60;14.80;23.60;28.50;6.00
DURTAL;EVRON;;11.70;17.30;27.50;34.70;6.90
DURTAL;ILLIERS COMBRAY;;16.70;25.10;41.00;51.90;9.80
DURTAL;LA FERTE BERNARD;;10.60;16.10;26.70;32.10;6.40
DURTAL;LAVAL EST;;13.80;20.30;32.10;40.60;8.20
DURTAL;LAVAL OUEST;;13.90;22.60;34.90;44.90;8.40
DURTAL;LE MANS CENTRE UNIVERSITE;;5.10;7.90;12.00;15.20;3.00
DURTAL;LE MANS ZI NORD;;5.80;9.90;14.20;17.70;3.50
DURTAL;LONGUE JUMELLES;;4.00;6.60;9.40;12.50;2.50
DURTAL;PARIGNE L EVEQUE;;8.20;12.70;18.70;23.20;5.10
DURTAL;PARIS LA FOLIE BESSIN;;27.80;43.30;68.10;87.20;17.30
DURTAL;RESTIGNE;;11.60;17.60;25.40;34.80;7.00
DURTAL;SAUMUR VIVY;;5.40;9.10;14.00;18.20;3.50
DURTAL;SILLE LE GUILLAUME MAMERS;;9.20;14.10;21.00;26.80;5.70
DURTAL;SILLE LE GUILLAUME SABLE;;9.10;13.60;20.50;26.30;5.60
DURTAL;TOURS CENTRE SAINT CHRISTOPHE;;16.30;25.80;41.50;53.20;9.90
DURTAL;VITRE LA GRAVELLE;;17.70;26.40;43.50;56.90;11.00
ECOMMOY;ABLIS;;19.40;30.40;48.50;64.10;12.10
ECOMMOY;ALENCON NORD;;7.60;11.80;18.40;20.90;4.80
ECOMMOY;ALENCON SUD;;7.20;10.50;17.30;19.60;4.50
ECOMMOY;PEAGE DE CORZE;;14.70;22.30;34.40;41.40;8.90
ECOMMOY;ARGENTAN;;18.20;30.30;47.10;58.30;11.20
ECOMMOY;AUVOURS LE MANS ZI SUD;;2.00;2.80;4.60;6.80;1.40
ECOMMOY;BEAUFORT EN VALLEE;;14.00;22.10;31.90;40.00;8.80
ECOMMOY;BEAUMONT SUR SARTHE;;4.80;7.70;12.30;15.80;3.50
ECOMMOY;BERNAY;;27.50;43.90;67.90;88.40;17.20
ECOMMOY;BOURGUEIL;;18.60;28.10;42.80;53.80;11.60
ECOMMOY;BRIONNE;;33.10;53.20;78.30;101.30;20.90
ECOMMOY;BROU;;9.50;15.80;25.90;32.30;6.00
ECOMMOY;CHARTRES EST;;15.90;26.50;39.30;52.70;9.80
ECOMMOY;CHARTRES THIVARS;;15.20;23.30;36.90;46.20;9.20
ECOMMOY;CHATEAU DU LOIR MONTABON;;1.50;2.50;3.90;5.20;0.90
ECOMMOY;CONNERRE;;5.10;7.30;12.00;16.20;3.50
ECOMMOY;DURTAL;;9.60;14.80;23.60;28.50;6.00
ECOMMOY;EVRON;;10.60;16.60;27.40;32.60;6.40
ECOMMOY;GACE;;18.10;29.00;43.90;54.60;11.60
ECOMMOY;ILLIERS COMBRAY;;12.50;19.70;32.90;42.70;7.00
ECOMMOY;LA FERTE BERNARD;;7.10;11.50;18.60;24.00;4.40
ECOMMOY;LAVAL EST;;12.70;19.60;32.00;38.50;7.70
ECOMMOY;LAVAL OUEST;;13.70;21.10;35.70;43.50;8.10
ECOMMOY;LE MANS CENTRE UNIVERSITE;;4.50;6.90;11.60;13.30;3.00
ECOMMOY;LE MANS SUD;;5.50;8.60;14.10;16.80;3.60
ECOMMOY;LE MANS ZI NORD;;3.30;5.00;8.70;11.80;2.10
ECOMMOY;LONGUE JUMELLES;;15.00;23.20;34.60;42.90;9.40
ECOMMOY;ORBEC;;23.10;37.30;56.60;71.90;14.70
ECOMMOY;PARIGNE L EVEQUE;;1.40;2.40;3.40;4.60;0.90
ECOMMOY;PARIS LA FOLIE BESSIN;;24.30;37.40;58.10;74.80;14.60
ECOMMOY;RESTIGNE;;22.60;34.20;50.60;65.20;13.90
ECOMMOY;ROUMOIS;;42.50;67.70;98.10;130.20;25.40
ECOMMOY;SABLE LA FLECHE;;8.60;12.90;20.60;25.70;5.20
ECOMMOY;SAUMUR VIVY;;16.40;25.70;39.20;48.60;10.40
ECOMMOY;SEES;;14.10;22.60;35.20;42.80;8.90
ECOMMOY;SEICHES;;12.30;18.60;28.20;34.80;7.40
ECOMMOY;SILLE LE GUILLAUME MAMERS;;6.10;9.10;14.50;18.00;4.00
ECOMMOY;SILLE LE GUILLAUME SABLE;;7.10;12.10;19.80;23.40;4.70
ECOMMOY;TOURS CENTRE SAINT CHRISTOPHE;;6.50;10.60;18.70;22.40;4.20
ECOMMOY;VITRE LA GRAVELLE;;16.20;27.00;44.20;51.70;9.90
EGLETONS;ALLAINVILLE;;51.20;79.10;118.80;163.30;30.10
EGLETONS;ARTENAY;;44.70;70.10;105.50;145.20;26.90
EGLETONS;AUXY;;54.10;82.00;128.20;173.10;30.70
EGLETONS;BLERE;;42.60;66.30;100.10;137.50;25.50
EGLETONS;BLOIS;;48.10;73.90;113.80;152.10;28.80
EGLETONS;BOURGES;;28.60;43.60;64.90;91.80;16.90
EGLETONS;CHATEAU RENAULT;;49.80;78.20;118.40;163.30;30.10
EGLETONS;ESCRENNES;;49.60;76.00;116.20;159.20;28.70
EGLETONS;ESVRES;;45.00;70.10;106.20;142.80;26.70
EGLETONS;FONTENAY SUR LOING;;57.90;89.20;142.20;189.20;32.90
EGLETONS;GIDY;;42.80;65.90;100.70;137.80;25.40
EGLETONS;GONDREVILLE LA FRANCHE NORD;;57.60;86.70;136.80;184.70;32.40
EGLETONS;GONDREVILLE LA FRANCHE SUD;;62.10;93.50;147.50;198.90;35.20
EGLETONS;JANVILLE ALLAINES;;47.00;73.30;110.30;151.10;28.20
EGLETONS;LAMOTTE BEUVRON;;36.00;55.40;84.90;115.30;21.00
EGLETONS;MER;;46.20;71.70;108.40;148.90;27.10
EGLETONS;MEUNG;;43.80;68.40;101.80;142.00;26.10
EGLETONS;OLIVET;;40.70;62.10;93.90;129.00;23.80
EGLETONS;ORLEANS CENTRE;;40.90;63.60;98.20;130.80;24.10
EGLETONS;ORLEANS NORD;;42.60;65.30;99.30;136.30;25.10
EGLETONS;PARIS LA FOLIE BESSIN;;53.20;83.20;129.30;174.30;32.60
EGLETONS;ROMORANTIN;;35.30;55.00;82.60;113.90;21.30
EGLETONS;SAINT AIGNAN SUR CHER;;39.10;60.60;92.00;127.90;23.00
EGLETONS;SAINT HILAIRE LES ANDRESIS;;62.70;95.60;150.60;199.90;35.30
EGLETONS;SALBRIS;;33.90;52.60;79.40;108.20;20.40
EGLETONS;SAVIGNY SUR CLAIRIS;;63.30;95.80;151.40;202.80;35.60
EGLETONS;SELLES SUR CHER;;37.30;57.70;86.00;120.70;22.40
EGLETONS;TOURS CENTRE MONNAIE;;54.70;86.00;127.90;176.50;32.30
EGLETONS;VEIGNE;;45.30;71.60;109.60;148.50;27.90
EGLETONS;VIERZON EST;;31.60;48.80;72.00;101.00;19.20
EGLETONS;VIERZON NORD;;31.80;49.00;74.30;102.90;19.30
ELOISE ANNECY;ALLAINVILLE;;69.50;108.70;174.40;231.60;39.90
ELOISE ANNECY;ARTENAY;;65.40;101.50;162.40;217.70;37.40
ELOISE ANNECY;AUXY;;50.80;80.20;127.00;171.20;30.30
ELOISE ANNECY;BLERE;;82.20;128.30;204.20;270.20;47.60
ELOISE ANNECY;BLOIS;;72.30;112.40;179.50;239.30;41.50
ELOISE ANNECY;BOURGES;;79.10;123.00;196.80;262.00;45.60
ELOISE ANNECY;CHATEAU RENAULT;;75.20;116.50;185.10;248.00;43.50
ELOISE ANNECY;ESCRENNES;;55.30;86.90;139.50;186.60;32.70
ELOISE ANNECY;ESVRES;;83.50;130.50;208.00;274.40;48.10
ELOISE ANNECY;FONTENAY SUR LOING;;47.10;73.20;114.30;156.40;28.10
ELOISE ANNECY;GIDY;;65.90;102.30;163.30;218.80;37.60
ELOISE ANNECY;GONDREVILLE LA FRANCHE NORD;;48.90;76.40;118.50;160.60;28.60
ELOISE ANNECY;GONDREVILLE LA FRANCHE SUD;;53.40;83.20;129.20;174.80;31.40
ELOISE ANNECY;JANVILLE ALLAINES;;66.50;103.40;164.90;221.10;38.20
ELOISE ANNECY;LAMOTTE BEUVRON;;71.00;110.20;175.90;235.20;40.90
ELOISE ANNECY;MER;;70.90;109.20;174.20;232.70;40.70
ELOISE ANNECY;MEUNG;;68.80;106.60;168.90;226.80;39.40
ELOISE ANNECY;OLIVET;;67.60;104.90;167.40;223.20;38.90
ELOISE ANNECY;ORLEANS CENTRE;;66.90;104.00;165.60;220.80;38.30
ELOISE ANNECY;ORLEANS NORD;;66.10;102.60;163.60;219.10;37.90
ELOISE ANNECY;PARIS LA FOLIE BESSIN;;74.70;115.00;185.70;247.70;43.10
ELOISE ANNECY;ROMORANTIN;;76.60;119.50;189.50;252.90;43.80
ELOISE ANNECY;SAINT AIGNAN SUR CHER;;79.30;123.90;196.10;262.50;45.40
ELOISE ANNECY;SAINT HILAIRE LES ANDRESIS;;42.10;66.60;103.70;143.30;25.70
ELOISE ANNECY;SALBRIS;;72.60;113.20;180.30;242.10;41.70
ELOISE ANNECY;SAVIGNY SUR CLAIRIS;;41.10;65.00;100.90;139.90;25.20
ELOISE ANNECY;SELLES SUR CHER;;78.40;122.30;193.50;258.60;44.80
ELOISE ANNECY;TOURS CENTRE MONNAIE;;79.80;123.00;194.60;260.80;46.00
ELOISE ANNECY;VEIGNE;;85.70;134.00;213.90;282.50;49.30
ELOISE ANNECY;VIERZON EST;;75.50;116.80;187.60;249.70;43.50
ELOISE ANNECY;VIERZON NORD;;74.90;116.40;187.00;249.30;42.90
EPERNAY;ALLAINVILLE;;52.20;79.20;130.30;167.60;28.20
EPERNAY;ARTENAY;;48.10;72.00;118.30;153.70;25.70
EPERNAY;AUXY;;33.50;50.70;82.90;107.20;18.60
EPERNAY;BLERE;;64.90;98.80;160.10;206.20;35.90
EPERNAY;BLOIS;;55.00;82.90;135.40;175.30;29.80
EPERNAY;BOURGES;;61.80;93.50;152.70;198.00;33.90
EPERNAY;CHATEAU RENAULT;;57.90;87.00;141.00;184.00;31.80
EPERNAY;ESCRENNES;;38.00;57.40;95.40;122.60;21.00
EPERNAY;ESVRES;;66.20;101.00;163.90;210.40;36.40
EPERNAY;FONTENAY SUR LOING;;29.80;43.70;70.20;92.40;16.40
EPERNAY;GIDY;;48.60;72.80;119.20;154.80;25.90
EPERNAY;GONDREVILLE LA FRANCHE NORD;;31.60;46.90;74.40;96.60;16.90
EPERNAY;GONDREVILLE LA FRANCHE SUD;;36.10;53.70;85.10;110.80;19.70
EPERNAY;JANVILLE ALLAINES;;49.20;73.90;120.80;157.10;26.50
EPERNAY;LAMOTTE BEUVRON;;53.70;80.70;131.80;171.20;29.20
EPERNAY;MER;;53.60;79.70;130.10;168.70;29.00
EPERNAY;MEUNG;;51.50;77.10;124.80;162.80;27.70
EPERNAY;OLIVET;;50.30;75.40;123.30;159.20;27.20
EPERNAY;ORLEANS CENTRE;;49.60;74.50;121.50;156.80;26.60
EPERNAY;ORLEANS NORD;;48.80;73.10;119.50;155.10;26.20
EPERNAY;PARIS LA FOLIE BESSIN;;57.40;85.50;141.60;183.70;31.40
EPERNAY;ROMORANTIN;;59.30;90.00;145.40;188.90;32.10
EPERNAY;SAINT AIGNAN SUR CHER;;62.00;94.40;152.00;198.50;33.70
EPERNAY;SAINT HILAIRE LES ANDRESIS;;24.80;37.10;59.60;79.30;14.00
EPERNAY;SALBRIS;;55.30;83.70;136.20;178.10;30.00
EPERNAY;SAVIGNY SUR CLAIRIS;;23.80;35.50;56.80;75.90;13.50
EPERNAY;SELLES SUR CHER;;61.10;92.80;149.40;194.60;33.10
EPERNAY;TOURS CENTRE MONNAIE;;62.50;93.50;150.50;196.80;34.30
EPERNAY;VEIGNE;;68.40;104.50;169.80;218.50;37.60
EPERNAY;VIERZON EST;;58.20;87.30;143.50;185.70;31.80
EPERNAY;VIERZON NORD;;57.60;86.90;142.90;185.30;31.20
ESCRENNES;ALLAINVILLE;;11.40;18.10;28.90;37.00;6.10
ESCRENNES;AMBERIEU EN BUGEY;;47.00;72.60;117.60;156.20;27.30
ESCRENNES;ARLAY;;41.10;64.40;106.30;139.40;23.60
ESCRENNES;ARTENAY;;7.30;10.90;16.90;23.10;3.60
ESCRENNES;AUXERRE NORD;;18.90;29.00;49.90;62.20;10.10
ESCRENNES;AUXERRE SUD;;18.90;29.00;49.90;62.20;10.10
ESCRENNES;AUXY;;3.20;4.60;8.00;9.60;1.60
ESCRENNES;AVALLON;;23.10;35.70;60.90;77.90;13.00
ESCRENNES;BALAN;;47.90;74.70;120.40;159.50;27.90
ESCRENNES;BARRIERE DE MONTREUIL AUX LIONS;;48.10;72.50;117.50;152.40;27.30
ESCRENNES;BAUME LES DAMES;;44.20;69.10;112.70;149.60;25.80
ESCRENNES;BEAUMONT;;48.40;73.90;120.30;155.70;27.00
ESCRENNES;BEAUNE NORD;;31.60;49.50;81.70;105.60;18.10
ESCRENNES;BEAUNE SUD;;32.90;51.00;84.30;109.70;18.70
ESCRENNES;BEAUPONT;;44.40;69.60;114.20;151.00;26.10
ESCRENNES;BEAUREPAIRE;;42.30;66.10;108.40;143.90;24.30
ESCRENNES;BELLEGARDE;;53.90;84.40;136.10;181.60;31.70
ESCRENNES;BELLEVILLE SUR SAONE;;42.40;66.00;107.00;141.50;24.30
ESCRENNES;BERSAILLIN;;40.90;62.90;104.80;137.70;23.50
ESCRENNES;BESANCON EST;;41.40;65.50;107.20;142.20;24.10
ESCRENNES;BESANCON NORD;;41.40;64.40;105.60;139.20;23.70
ESCRENNES;BESANCON OUEST;;41.40;63.80;105.10;138.10;23.60
ESCRENNES;BEYNOST;;50.40;78.80;126.60;168.50;29.90
ESCRENNES;BIERRE LES SEMUR;;25.20;38.60;65.50;84.20;14.20
ESCRENNES;BLERE;;24.10;37.70;58.70;75.60;13.80
ESCRENNES;BLOIS;;14.20;21.80;34.00;44.70;7.70
ESCRENNES;BOURG NORD;;42.60;66.50;107.20;142.20;24.70
ESCRENNES;BOURG SUD;;43.90;68.80;111.30;147.40;26.10
ESCRENNES;BOURGES;;21.00;32.40;51.30;67.40;11.80
ESCRENNES;BULGNEVILLE;;35.90;55.80;91.00;120.50;20.30
ESCRENNES;CHALON CENTRE;;35.30;55.20;89.30;117.10;20.00
ESCRENNES;CHALON NORD;;35.30;55.20;89.30;117.10;20.00
ESCRENNES;CHALON SUD;;35.30;55.20;89.30;117.10;20.00
ESCRENNES;CHALONS LA VEUVE;;34.40;52.50;88.60;112.60;19.40
ESCRENNES;CHARMONT;;26.30;40.70;68.30;88.10;14.70
ESCRENNES;CHATEAU RENAULT;;17.10;25.90;39.60;53.40;9.70
ESCRENNES;CHATEAU THIERRY;;43.30;65.50;107.30;140.50;24.50
ESCRENNES;CHATENOIS;;36.50;56.50;92.80;122.50;20.90
ESCRENNES;CHATILLON LABORDE;;22.20;34.30;57.80;73.60;12.50
ESCRENNES;CHAUMONT SEMOUTIERS;;28.90;44.60;74.70;97.10;16.20
ESCRENNES;CHOISEY;;37.70;58.10;96.20;126.40;21.40
ESCRENNES;CLERMONT;;39.80;60.80;98.10;132.90;22.80
ESCRENNES;CLERMONT EN ARGONNE;;37.70;59.20;97.20;125.40;21.90
ESCRENNES;COLOMBEY LES BELLES;;39.30;60.40;99.20;132.20;22.20
ESCRENNES;COMBRONDE;;35.10;53.50;85.10;114.90;19.90
ESCRENNES;COURTENAY;;14.40;22.10;39.00;47.20;7.60
ESCRENNES;CRIMOLOIS;;36.50;56.20;93.30;121.50;20.90
ESCRENNES;DEUX CHAISES;;31.50;48.70;77.60;104.30;18.10
ESCRENNES;DIJON SUD;;35.50;55.60;90.60;118.70;20.10
ESCRENNES;DIJON ARC SUR TILLE;;37.20;58.00;94.50;124.10;21.20
ESCRENNES;DOLE;;37.70;58.10;96.20;126.40;21.40
ESCRENNES;DORMANS;;40.50;61.90;101.60;131.80;23.20
ESCRENNES;EGLETONS;;49.60;76.00;116.20;159.20;28.70
ESCRENNES;ELOISE ANNECY;;55.30;86.90;139.50;186.60;32.70
ESCRENNES;EPERNAY;;38.00;57.40;95.40;122.60;21.00
ESCRENNES;ESVRES;;25.40;39.90;62.50;79.80;14.30
ESCRENNES;FEILLENS;;40.00;62.50;102.30;135.30;23.40
ESCRENNES;FLEURY EN BIERE;;20.80;32.20;54.20;68.10;11.40
ESCRENNES;FONTAINEBLEAU;;18.10;27.80;48.00;58.70;9.80
ESCRENNES;FONTENAY SUR LOING;;6.50;9.70;19.90;22.10;3.40
ESCRENNES;FORET DE TRONCAIS;;27.40;42.30;66.10;87.70;15.60
ESCRENNES;FORGES;;19.80;30.00;51.20;64.70;10.40
ESCRENNES;FRESNES EN WOEVRE;;43.00;66.70;109.10;140.60;24.40
ESCRENNES;GANNAT;;34.80;53.40;84.30;114.20;19.80
ESCRENNES;GENDREY;;38.80;60.40;99.70;131.80;22.50
ESCRENNES;GERZAT;;36.70;56.40;88.70;118.50;21.00
ESCRENNES;GIDY;;7.80;11.70;17.80;24.20;3.80
ESCRENNES;GONDREVILLE LA FRANCHE NORD;;5.30;8.10;14.80;19.70;2.50
ESCRENNES;GONDREVILLE LA FRANCHE SUD;;9.80;14.90;25.50;33.90;5.30
ESCRENNES;GROISSIAT;;50.80;79.40;128.70;171.30;30.10
ESCRENNES;GYE;;41.60;63.70;103.50;137.60;23.50
ESCRENNES;JANVILLE ALLAINES;;8.40;12.80;19.40;26.50;4.40
ESCRENNES;JARNY;;44.30;69.60;111.90;142.60;25.50
ESCRENNES;JOIGNY;;16.10;24.50;42.50;52.30;8.60
ESCRENNES;L ISLE SUR LE DOUBS;;45.80;71.40;116.20;154.20;26.60
ESCRENNES;LA BOISSE;;51.90;81.10;130.80;174.30;30.70
ESCRENNES;LA BOISSE MONTLUEL;;49.50;76.80;121.70;161.40;29.10
ESCRENNES;LA COTIERE;;50.30;78.00;126.00;165.80;29.80
ESCRENNES;LA CROIX CHALON;;49.00;76.60;124.30;165.50;28.80
ESCRENNES;LAMOTTE BEUVRON;;12.90;19.60;30.40;40.60;7.10
ESCRENNES;LANGRES NORD;;31.00;47.40;77.50;102.10;17.40
ESCRENNES;LANGRES SUD;;31.80;48.80;80.30;105.00;18.10
ESCRENNES;LE MIROIR;;43.40;67.60;110.90;146.20;25.20
ESCRENNES;LES EPRUNES;;23.30;36.60;61.70;79.50;13.40
ESCRENNES;MACON NORD;;39.90;62.10;100.30;132.40;23.00
ESCRENNES;MACON SUD;;40.80;63.60;102.80;135.60;23.50
ESCRENNES;MAGNANT;;25.40;39.10;65.40;84.90;14.20
ESCRENNES;MANZAT;;36.70;56.80;88.80;119.20;21.10
ESCRENNES;MAROLLES SUR SEINE;;19.80;30.00;51.20;64.70;10.40
ESCRENNES;MER;;12.80;18.60;28.70;38.10;6.90
ESCRENNES;MEUNG;;10.70;16.00;23.40;32.20;5.60
ESCRENNES;MONT CHOISY;;31.90;49.60;83.60;107.30;18.30
ESCRENNES;MONTIGNY LE ROI;;32.70;49.90;82.80;109.00;18.50
ESCRENNES;MONTLUCON;;29.80;45.90;72.00;96.90;16.90
ESCRENNES;MONTMARAULT;;31.10;48.00;76.20;103.00;17.70
ESCRENNES;MONTREUIL AUX LIONS;;45.90;69.00;112.10;144.00;25.80
ESCRENNES;NEMOURS;;18.10;27.80;48.00;58.70;9.80
ESCRENNES;NITRY;;21.20;32.60;55.30;70.70;11.60
ESCRENNES;NUITS SAINT GEORGES;;33.80;52.60;87.00;113.60;19.20
ESCRENNES;OLIVET;;9.50;14.30;21.90;28.60;5.10
ESCRENNES;ORLEANS CENTRE;;8.80;13.40;20.10;26.20;4.50
ESCRENNES;ORLEANS NORD;;8.00;12.00;18.10;24.50;4.10
ESCRENNES;ORMES;;39.50;59.50;98.50;126.70;21.80
ESCRENNES;PARIS LA FOLIE BESSIN;;16.60;24.40;40.20;53.10;9.30
ESCRENNES;PEROUGES;;47.90;74.70;120.40;159.50;27.90
ESCRENNES;PONT D AIN;;45.30;71.20;116.10;153.20;26.70
ESCRENNES;POUILLY EN AUXOIS;;29.00;44.80;74.30;97.40;16.10
ESCRENNES;REIMS TAISSY;;38.20;57.90;96.80;124.30;21.30
ESCRENNES;REIMS TINQUEUX;;39.90;60.30;99.10;128.70;22.20
ESCRENNES;REPLONGES;;40.00;62.50;102.30;135.30;23.40
ESCRENNES;RIOM;;36.50;56.20;88.10;118.30;20.80
ESCRENNES;ROBECOURT;;34.40;53.50;87.60;115.60;19.60
ESCRENNES;ROMORANTIN;;18.50;28.90;44.00;58.30;10.00
ESCRENNES;SAINT AIGNAN SUR CHER;;21.20;33.30;50.60;67.90;11.60
ESCRENNES;SAINT AMAND;;24.80;38.30;60.30;79.30;14.00
ESCRENNES;SAINT DENIS LES SENS;;16.80;25.90;44.40;54.40;9.00
ESCRENNES;SAINT ETIENNE AU TEMPLE;;33.80;52.80;89.00;115.20;19.50
ESCRENNES;SAINT GENIS;;44.50;69.20;110.60;145.70;25.70
ESCRENNES;SAINT GERMAIN LAXIS;;22.20;34.30;57.80;73.60;12.50
ESCRENNES;SAINT GIBRIEN;;33.00;50.90;85.30;110.10;18.80
ESCRENNES;SAINT HILAIRE LES ANDRESIS;;9.60;15.70;28.60;32.70;5.10
ESCRENNES;SAINT MARTIN DU FRESNE;;48.70;76.50;122.80;163.70;28.80
ESCRENNES;SAINT MAURICE;;50.50;78.70;128.70;172.00;29.90
ESCRENNES;SAINT THIBAULT;;22.70;35.10;59.90;76.90;12.90
ESCRENNES;SAINTE MENEHOULD;;36.10;56.60;95.00;123.00;21.00
ESCRENNES;SALBRIS;;14.50;22.60;34.80;47.50;7.90
ESCRENNES;SAVIGNY SUR CLAIRIS;;10.30;16.70;30.60;35.70;5.60
ESCRENNES;SELLES SUR CHER;;20.30;31.70;48.00;64.00;11.00
ESCRENNES;SEURRE;;35.00;54.80;89.20;117.30;19.90
ESCRENNES;SOIRANS;;36.40;56.10;94.20;122.60;21.20
ESCRENNES;SOMMESOUS;;29.60;46.10;77.60;100.00;16.80
ESCRENNES;ST GERMAIN LES VERGNES;;54.90;84.50;127.80;174.50;32.00
ESCRENNES;ST JULIEN SANCY;;41.70;64.50;100.10;134.50;24.20
ESCRENNES;SYLANS;;49.40;77.50;124.40;165.90;29.20
ESCRENNES;THENNELIERES;;24.10;37.40;61.60;79.00;13.80
ESCRENNES;TIL CHATEL;;34.30;52.30;87.40;115.30;19.40
ESCRENNES;TORVILLIERS;;22.20;34.30;58.10;73.90;12.50
ESCRENNES;TOURNUS;;37.00;57.70;94.00;122.90;21.20
ESCRENNES;TOURS CENTRE MONNAIE;;21.70;32.40;49.10;66.20;12.20
ESCRENNES;TULLE EST;;52.50;80.60;123.00;165.70;30.30
ESCRENNES;TULLE NORD;;53.20;81.90;123.80;170.80;30.60
ESCRENNES;URY;;18.90;28.90;49.30;60.90;10.30
ESCRENNES;USSEL EST;;44.50;69.10;106.80;144.40;25.60
ESCRENNES;USSEL OUEST;;46.60;71.10;110.40;149.90;26.90
ESCRENNES;VAL DE SAONE;;47.30;71.90;118.20;156.80;27.00
ESCRENNES;VALLEE DE L AUBE;;27.50;42.80;71.50;92.30;15.50
ESCRENNES;VATRY;;30.40;46.80;77.70;101.40;17.00
ESCRENNES;VEIGNE;;27.60;43.40;68.40;87.90;15.50
ESCRENNES;VERDUN;;43.00;66.70;109.10;140.60;24.40
ESCRENNES;VIERZON EST;;17.40;26.20;42.10;55.10;9.70
ESCRENNES;VIERZON NORD;;16.80;25.80;41.50;54.70;9.10
ESCRENNES;VILLE SOUS LA FERTE;;27.00;41.90;70.60;91.20;15.10
ESCRENNES;VILLEFRANCHE NORD;;43.40;66.90;110.30;145.60;25.30
ESCRENNES;VILLEFRANCHE LIMAS;;47.60;73.60;118.80;157.60;27.30
ESCRENNES;VILLEFRANCHE VILLE;;44.00;68.50;111.10;146.70;25.60
ESCRENNES;VILLENEUVE DONDAGRE;;15.50;23.90;41.50;50.80;8.30
ESCRENNES;VIRIAT;;42.70;66.60;107.80;143.20;25.40
ESCRENNES;VIRY;;59.70;94.40;151.20;201.80;35.60
ESCRENNES;VOIE SACREE;;40.20;62.70;101.00;131.60;23.00
ESCRENNES;VULAINES;;20.10;30.00;51.20;64.60;10.50
ESCRENNES;VULCANIA BROMONT;;39.10;60.20;94.20;126.80;22.50
ESVRES;ALLAINVILLE;;26.00;42.30;67.10;83.50;15.80
ESVRES;AMBERIEU EN BUGEY;;75.20;116.20;186.10;244.00;42.70
ESVRES;ARLAY;;69.30;108.00;174.80;227.20;39.00
ESVRES;ARTENAY;;20.20;34.50;54.00;67.20;12.80
ESVRES;AUXERRE NORD;;47.10;72.60;118.40;150.00;25.50
ESVRES;AUXERRE SUD;;47.10;72.60;118.40;150.00;25.50
ESVRES;AUXY;;29.90;45.90;74.50;93.70;16.30
ESVRES;AVALLON;;51.30;79.30;129.40;165.70;28.40
ESVRES;BALAN;;76.10;118.30;188.90;247.30;43.30
ESVRES;BARRIERE DE MONTREUIL AUX LIONS;;76.30;116.10;186.00;240.20;42.70
ESVRES;BAUME LES DAMES;;72.40;112.70;181.20;237.40;41.20
ESVRES;BEAUMONT;;76.60;117.50;188.80;243.50;42.40
ESVRES;BEAUNE NORD;;59.80;93.10;150.20;193.40;33.50
ESVRES;BEAUNE SUD;;61.10;94.60;152.80;197.50;34.10
ESVRES;BEAUPONT;;72.60;113.20;182.70;238.80;41.50
ESVRES;BEAUREPAIRE;;70.50;109.70;176.90;231.70;39.70
ESVRES;BELLEGARDE;;82.10;128.00;204.60;269.40;47.10
ESVRES;BELLEVILLE SUR SAONE;;70.60;109.60;175.50;229.30;39.70
ESVRES;BERSAILLIN;;69.10;106.50;173.30;225.50;38.90
ESVRES;BESANCON EST;;69.60;109.10;175.70;230.00;39.50
ESVRES;BESANCON NORD;;69.60;108.00;174.10;227.00;39.10
ESVRES;BESANCON OUEST;;69.60;107.40;173.60;225.90;39.00
ESVRES;BEYNOST;;78.60;122.40;195.10;256.30;45.30
ESVRES;BIERRE LES SEMUR;;53.40;82.20;134.00;172.00;29.60
ESVRES;BLERE;;1.60;2.90;3.90;4.80;1.10
ESVRES;BLOIS;;23.90;38.90;60.10;75.90;14.50
ESVRES;BOURG NORD;;70.80;110.10;175.70;230.00;40.10
ESVRES;BOURG SUD;;72.10;112.40;179.80;235.20;41.50
ESVRES;BOURGES;;16.40;26.50;41.30;51.00;9.80
ESVRES;BULGNEVILLE;;64.10;99.40;159.50;208.30;35.70
ESVRES;CHALON CENTRE;;63.50;98.80;157.80;204.90;35.40
ESVRES;CHALON NORD;;63.50;98.80;157.80;204.90;35.40
ESVRES;CHALON SUD;;63.50;98.80;157.80;204.90;35.40
ESVRES;CHALONS LA VEUVE;;62.60;96.10;157.10;200.40;34.80
ESVRES;CHARMONT;;54.50;84.30;136.80;175.90;30.10
ESVRES;CHATEAU RENAULT;;26.70;42.40;66.00;85.50;16.30
ESVRES;CHATEAU THIERRY;;71.50;109.10;175.80;228.30;39.90
ESVRES;CHATENOIS;;64.70;100.10;161.30;210.30;36.30
ESVRES;CHATILLON LABORDE;;50.40;77.90;126.30;161.40;27.90
ESVRES;CHAUMONT SEMOUTIERS;;57.10;88.20;143.20;184.90;31.60
ESVRES;CHOISEY;;65.90;101.70;164.70;214.20;36.80
ESVRES;CLERMONT;;35.20;54.90;88.10;116.50;20.80
ESVRES;CLERMONT EN ARGONNE;;65.90;102.80;165.70;213.20;37.30
ESVRES;COLOMBEY LES BELLES;;67.50;104.00;167.70;220.00;37.60
ESVRES;COMBRONDE;;30.50;47.60;75.10;98.50;17.90
ESVRES;COURTENAY;;42.60;65.70;107.50;135.00;23.00
ESVRES;CRIMOLOIS;;64.70;99.80;161.80;209.30;36.30
ESVRES;DEUX CHAISES;;26.90;42.80;67.60;87.90;16.10
ESVRES;DIJON SUD;;63.70;99.20;159.10;206.50;35.50
ESVRES;DIJON ARC SUR TILLE;;65.40;101.60;163.00;211.90;36.60
ESVRES;DOLE;;65.90;101.70;164.70;214.20;36.80
ESVRES;DORMANS;;68.70;105.50;170.10;219.60;38.60
ESVRES;EGLETONS;;45.00;70.10;106.20;142.80;26.70
ESVRES;ELOISE ANNECY;;83.50;130.50;208.00;274.40;48.10
ESVRES;EPERNAY;;66.20;101.00;163.90;210.40;36.40
ESVRES;ESCRENNES;;25.40;39.90;62.50;79.80;14.30
ESVRES;FEILLENS;;68.20;106.10;170.80;223.10;38.80
ESVRES;FLEURY EN BIERE;;49.00;75.80;122.70;155.90;26.80
ESVRES;FONTAINEBLEAU;;46.30;71.40;116.50;146.50;25.20
ESVRES;FONTENAY SUR LOING;;33.70;53.10;88.50;109.80;18.50
ESVRES;FORET DE TRONCAIS;;22.80;36.40;56.10;71.30;13.60
ESVRES;FORGES;;48.00;73.60;119.70;152.50;25.80
ESVRES;FRESNES EN WOEVRE;;71.20;110.30;177.60;228.40;39.80
ESVRES;GANNAT;;30.20;47.50;74.30;97.80;17.80
ESVRES;GENDREY;;67.00;104.00;168.20;219.60;37.90
ESVRES;GERZAT;;32.10;50.50;78.70;102.10;19.00
ESVRES;GIDY;;18.60;29.80;47.00;58.40;11.00
ESVRES;GONDREVILLE LA FRANCHE NORD;;33.40;50.60;83.10;105.30;18.00
ESVRES;GONDREVILLE LA FRANCHE SUD;;37.90;57.40;93.80;119.50;20.80
ESVRES;GROISSIAT;;79.00;123.00;197.20;259.10;45.50
ESVRES;GYE;;69.80;107.30;172.00;225.40;38.90
ESVRES;JANVILLE ALLAINES;;23.00;36.60;57.20;71.30;14.30
ESVRES;JARNY;;72.50;113.20;180.40;230.40;40.90
ESVRES;JOIGNY;;44.30;68.10;111.00;140.10;24.00
ESVRES;L ISLE SUR LE DOUBS;;74.00;115.00;184.70;242.00;42.00
ESVRES;LA BOISSE;;80.10;124.70;199.30;262.10;46.10
ESVRES;LA BOISSE MONTLUEL;;77.70;120.40;190.20;249.20;44.50
ESVRES;LA COTIERE;;78.50;121.60;194.50;253.60;45.20
ESVRES;LA CROIX CHALON;;77.20;120.20;192.80;253.30;44.20
ESVRES;LAMOTTE BEUVRON;;14.40;22.10;35.80;46.40;8.80
ESVRES;LANGRES NORD;;59.20;91.00;146.00;189.90;32.80
ESVRES;LANGRES SUD;;60.00;92.40;148.80;192.80;33.50
ESVRES;LE MIROIR;;71.60;111.20;179.40;234.00;40.60
ESVRES;LES EPRUNES;;51.50;80.20;130.20;167.30;28.80
ESVRES;MACON NORD;;68.10;105.70;168.80;220.20;38.40
ESVRES;MACON SUD;;69.00;107.20;171.30;223.40;38.90
ESVRES;MAGNANT;;53.60;82.70;133.90;172.70;29.60
ESVRES;MANZAT;;32.10;50.90;78.80;102.80;19.10
ESVRES;MAROLLES SUR SEINE;;48.00;73.60;119.70;152.50;25.80
ESVRES;MER;;22.50;36.10;55.30;71.50;13.80
ESVRES;MEUNG;;20.00;31.70;50.20;63.70;12.30
ESVRES;MONT CHOISY;;60.10;93.20;152.10;195.10;33.70
ESVRES;MONTIGNY LE ROI;;60.90;93.50;151.30;196.80;33.90
ESVRES;MONTLUCON;;25.20;40.00;62.00;80.50;14.90
ESVRES;MONTMARAULT;;26.50;42.10;66.20;86.60;15.70
ESVRES;MONTREUIL AUX LIONS;;74.10;112.60;180.60;231.80;41.20
ESVRES;NEMOURS;;46.30;71.40;116.50;146.50;25.20
ESVRES;NITRY;;49.40;76.20;123.80;158.50;27.00
ESVRES;NUITS SAINT GEORGES;;62.00;96.20;155.50;201.40;34.60
ESVRES;OLIVET;;17.00;26.40;42.10;55.40;10.50
ESVRES;ORLEANS CENTRE;;18.30;28.60;46.30;57.60;10.80
ESVRES;ORLEANS NORD;;18.40;29.50;46.40;57.80;10.90
ESVRES;ORMES;;67.70;103.10;167.00;214.50;37.20
ESVRES;PARIS LA FOLIE BESSIN;;30.70;47.30;78.40;98.40;18.50
ESVRES;PEROUGES;;76.10;118.30;188.90;247.30;43.30
ESVRES;PONT D AIN;;73.50;114.80;184.60;241.00;42.10
ESVRES;POUILLY EN AUXOIS;;57.20;88.40;142.80;185.20;31.50
ESVRES;REIMS TAISSY;;66.40;101.50;165.30;212.10;36.70
ESVRES;REIMS TINQUEUX;;68.10;103.90;167.60;216.50;37.60
ESVRES;REPLONGES;;68.20;106.10;170.80;223.10;38.80
ESVRES;RIOM;;31.90;50.30;78.10;101.90;18.80
ESVRES;ROBECOURT;;62.60;97.10;156.10;203.40;35.00
ESVRES;ROMORANTIN;;9.10;13.30;22.20;27.60;5.20
ESVRES;SAINT AIGNAN SUR CHER;;5.50;8.10;12.80;15.90;3.30
ESVRES;SAINT AMAND;;20.20;32.40;50.30;62.90;12.00
ESVRES;SAINT DENIS LES SENS;;45.00;69.50;112.90;142.20;24.40
ESVRES;SAINT ETIENNE AU TEMPLE;;62.00;96.40;157.50;203.00;34.90
ESVRES;SAINT GENIS;;72.70;112.80;179.10;233.50;41.10
ESVRES;SAINT GERMAIN LAXIS;;50.40;77.90;126.30;161.40;27.90
ESVRES;SAINT GIBRIEN;;61.20;94.50;153.80;197.90;34.20
ESVRES;SAINT HILAIRE LES ANDRESIS;;38.50;59.50;96.90;120.50;20.90
ESVRES;SAINT MARTIN DU FRESNE;;76.90;120.10;191.30;251.50;44.20
ESVRES;SAINT MAURICE;;78.70;122.30;197.20;259.80;45.30
ESVRES;SAINT THIBAULT;;50.90;78.70;128.40;164.70;28.30
ESVRES;SAINTE MENEHOULD;;64.30;100.20;163.50;210.80;36.40
ESVRES;SALBRIS;;13.20;19.50;32.50;39.10;7.90
ESVRES;SAVIGNY SUR CLAIRIS;;39.10;59.70;97.70;123.40;21.20
ESVRES;SELLES SUR CHER;;6.80;9.50;15.60;18.90;3.90
ESVRES;SEURRE;;63.20;98.40;157.70;205.10;35.30
ESVRES;SOIRANS;;64.60;99.70;162.70;210.40;36.60
ESVRES;SOMMESOUS;;57.80;89.70;146.10;187.80;32.20
ESVRES;ST GERMAIN LES VERGNES;;50.30;78.60;117.80;158.10;30.00
ESVRES;ST JULIEN SANCY;;37.10;58.60;90.10;118.10;22.20
ESVRES;SYLANS;;77.60;121.10;192.90;253.70;44.60
ESVRES;THENNELIERES;;52.30;81.00;130.10;166.80;29.20
ESVRES;TIL CHATEL;;62.50;95.90;155.90;203.10;34.80
ESVRES;TORVILLIERS;;50.40;77.90;126.60;161.70;27.90
ESVRES;TOURNUS;;65.20;101.30;162.50;210.70;36.60
ESVRES;TOURS CENTRE MONNAIE;;29.70;48.80;76.80;98.10;18.90
ESVRES;TULLE EST;;47.90;74.70;113.00;149.30;28.30
ESVRES;TULLE NORD;;48.60;76.00;113.80;154.40;28.60
ESVRES;URY;;47.10;72.50;117.80;148.70;25.70
ESVRES;USSEL EST;;39.90;63.20;96.80;128.00;23.60
ESVRES;USSEL OUEST;;42.00;65.20;100.40;133.50;24.90
ESVRES;VAL DE SAONE;;75.50;115.50;186.70;244.60;42.40
ESVRES;VALLEE DE L AUBE;;55.70;86.40;140.00;180.10;30.90
ESVRES;VATRY;;58.60;90.40;146.20;189.20;32.40
ESVRES;VEIGNE;;1.60;3.50;5.00;6.70;1.30
ESVRES;VERDUN;;71.20;110.30;177.60;228.40;39.80
ESVRES;VIERZON EST;;12.90;20.30;33.90;41.40;7.50
ESVRES;VIERZON NORD;;12.40;19.30;31.30;39.20;7.40
ESVRES;VILLE SOUS LA FERTE;;55.20;85.50;139.10;179.00;30.50
ESVRES;VILLEFRANCHE NORD;;71.60;110.50;178.80;233.40;40.70
ESVRES;VILLEFRANCHE LIMAS;;75.80;117.20;187.30;245.40;42.70
ESVRES;VILLEFRANCHE VILLE;;72.20;112.10;179.60;234.50;41.00
ESVRES;VILLENEUVE DONDAGRE;;43.70;67.50;110.00;138.60;23.70
ESVRES;VIRIAT;;70.90;110.20;176.30;231.00;40.80
ESVRES;VIRY;;87.90;138.00;219.70;289.60;51.00
ESVRES;VOIE SACREE;;68.40;106.30;169.50;219.40;38.40
ESVRES;VULAINES;;48.30;73.60;119.70;152.40;25.90
ESVRES;VULCANIA BROMONT;;34.50;54.30;84.20;110.40;20.50
EVRON;ABLIS;;24.80;38.50;58.40;79.80;15.00
EVRON;ALENCON NORD;;10.50;17.20;27.30;36.40;6.30
EVRON;ALENCON SUD;;10.30;16.50;26.20;33.90;6.20
EVRON;PEAGE DE CORZE;;16.80;24.80;38.30;47.60;9.80
EVRON;ARGENTAN;;21.50;36.40;55.00;73.00;12.70
EVRON;AUVOURS LE MANS ZI SUD;;8.10;12.10;20.60;25.20;4.90
EVRON;BEAUFORT EN VALLEE;;16.10;24.60;35.80;46.20;9.70
EVRON;BEAUMONT SUR SARTHE;;8.00;13.40;21.60;27.50;4.60
EVRON;BERNAY;;30.80;50.00;75.80;103.10;18.70
EVRON;BOURGUEIL;;20.70;30.60;46.70;60.00;12.50
EVRON;BRIONNE;;36.40;59.30;86.20;116.00;22.40
EVRON;BROU;;15.60;23.60;37.20;49.50;9.40
EVRON;CHARTRES EST;;20.90;33.90;51.70;68.60;12.90
EVRON;CHARTRES THIVARS;;19.40;30.80;46.10;61.70;12.30
EVRON;CHATEAU DU LOIR MONTABON;;11.90;18.80;31.80;38.70;7.30
EVRON;CONNERRE;;10.10;15.70;25.10;32.20;5.90
EVRON;DURTAL;;11.70;17.30;27.50;34.70;6.90
EVRON;ECOMMOY;;10.60;16.60;27.40;32.60;6.40
EVRON;GACE;;21.40;35.10;51.80;69.30;13.10
EVRON;ILLIERS COMBRAY;;17.70;27.70;45.30;60.70;10.50
EVRON;LA FERTE BERNARD;;11.40;18.10;29.00;39.90;6.90
EVRON;LAVAL EST;;2.40;3.20;4.80;6.10;1.40
EVRON;LAVAL OUEST;;2.50;4.10;7.20;8.70;1.90
EVRON;LE MANS CENTRE UNIVERSITE;;6.60;9.40;15.50;19.50;3.90
EVRON;LE MANS SUD;;7.60;11.10;18.00;23.00;4.50
EVRON;LE MANS ZI NORD;;6.80;10.60;16.60;22.20;4.20
EVRON;LONGUE JUMELLES;;17.10;25.70;38.50;49.10;10.30
EVRON;ORBEC;;26.40;43.40;64.50;86.60;16.20
EVRON;PARIGNE L EVEQUE;;8.90;13.40;22.20;26.00;5.10
EVRON;PARIS LA FOLIE BESSIN;;29.10;44.80;67.10;94.40;18.10
EVRON;RESTIGNE;;24.70;36.70;54.50;71.40;14.80
EVRON;ROUMOIS;;45.80;73.80;106.00;144.90;26.90
EVRON;SABLE LA FLECHE;;10.70;15.40;24.50;31.90;6.10
EVRON;SAUMUR VIVY;;18.50;28.20;43.10;54.80;11.30
EVRON;SEES;;17.40;28.70;43.10;57.50;10.40
EVRON;SEICHES;;14.40;21.10;32.10;41.00;8.30
EVRON;SILLE LE GUILLAUME MAMERS;;9.00;14.30;22.40;29.70;5.10
EVRON;SILLE LE GUILLAUME SABLE;;1.70;2.40;4.00;5.30;1.00
EVRON;TOURS CENTRE SAINT CHRISTOPHE;;17.40;28.30;45.30;54.90;10.50
EVRON;VITRE LA GRAVELLE;;5.30;8.00;13.60;17.90;3.60
FEILLENS;ALLAINVILLE;;54.20;84.30;137.20;180.30;30.60
FEILLENS;ARTENAY;;50.10;77.10;125.20;166.40;28.10
FEILLENS;AUXY;;35.50;55.80;89.80;119.90;21.00
FEILLENS;BLERE;;66.90;103.90;167.00;218.90;38.30
FEILLENS;BLOIS;;57.00;88.00;142.30;188.00;32.20
FEILLENS;BOURGES;;63.80;98.60;159.60;210.70;36.30
FEILLENS;CHATEAU RENAULT;;59.90;92.10;147.90;196.70;34.20
FEILLENS;ESCRENNES;;40.00;62.50;102.30;135.30;23.40
FEILLENS;ESVRES;;68.20;106.10;170.80;223.10;38.80
FEILLENS;FONTENAY SUR LOING;;31.80;48.80;77.10;105.10;18.80
FEILLENS;GIDY;;50.60;77.90;126.10;167.50;28.30
FEILLENS;GONDREVILLE LA FRANCHE NORD;;33.60;52.00;81.30;109.30;19.30
FEILLENS;GONDREVILLE LA FRANCHE SUD;;38.10;58.80;92.00;123.50;22.10
FEILLENS;JANVILLE ALLAINES;;51.20;79.00;127.70;169.80;28.90
FEILLENS;LAMOTTE BEUVRON;;55.70;85.80;138.70;183.90;31.60
FEILLENS;MER;;55.60;84.80;137.00;181.40;31.40
FEILLENS;MEUNG;;53.50;82.20;131.70;175.50;30.10
FEILLENS;OLIVET;;52.30;80.50;130.20;171.90;29.60
FEILLENS;ORLEANS CENTRE;;51.60;79.60;128.40;169.50;29.00
FEILLENS;ORLEANS NORD;;50.80;78.20;126.40;167.80;28.60
FEILLENS;PARIS LA FOLIE BESSIN;;59.40;90.60;148.50;196.40;33.80
FEILLENS;ROMORANTIN;;61.30;95.10;152.30;201.60;34.50
FEILLENS;SAINT AIGNAN SUR CHER;;64.00;99.50;158.90;211.20;36.10
FEILLENS;SAINT HILAIRE LES ANDRESIS;;26.80;42.20;66.50;92.00;16.40
FEILLENS;SALBRIS;;57.30;88.80;143.10;190.80;32.40
FEILLENS;SAVIGNY SUR CLAIRIS;;25.80;40.60;63.70;88.60;15.90
FEILLENS;SELLES SUR CHER;;63.10;97.90;156.30;207.30;35.50
FEILLENS;TOURS CENTRE MONNAIE;;64.50;98.60;157.40;209.50;36.70
FEILLENS;VEIGNE;;70.40;109.60;176.70;231.20;40.00
FEILLENS;VIERZON EST;;60.20;92.40;150.40;198.40;34.20
FEILLENS;VIERZON NORD;;59.60;92.00;149.80;198.00;33.60
FLEURY EN BIERE;ALLAINVILLE;;35.00;54.00;89.10;113.10;18.60
FLEURY EN BIERE;ARTENAY;;30.90;46.80;77.10;99.20;16.10
FLEURY EN BIERE;AUXY;;16.30;25.50;41.70;52.70;9.00
FLEURY EN BIERE;BLERE;;47.70;73.60;118.90;151.70;26.30
FLEURY EN BIERE;BLOIS;;37.80;57.70;94.20;120.80;20.20
FLEURY EN BIERE;BOURGES;;44.60;68.30;111.50;143.50;24.30
FLEURY EN BIERE;CHATEAU RENAULT;;40.70;61.80;99.80;129.50;22.20
FLEURY EN BIERE;ESCRENNES;;20.80;32.20;54.20;68.10;11.40
FLEURY EN BIERE;ESVRES;;49.00;75.80;122.70;155.90;26.80
FLEURY EN BIERE;FONTENAY SUR LOING;;12.60;18.50;29.00;37.90;6.80
FLEURY EN BIERE;GIDY;;31.40;47.60;78.00;100.30;16.30
FLEURY EN BIERE;GONDREVILLE LA FRANCHE NORD;;14.40;21.70;33.20;42.10;7.30
FLEURY EN BIERE;GONDREVILLE LA FRANCHE SUD;;18.90;28.50;43.90;56.30;10.10
FLEURY EN BIERE;JANVILLE ALLAINES;;32.00;48.70;79.60;102.60;16.90
FLEURY EN BIERE;LAMOTTE BEUVRON;;36.50;55.50;90.60;116.70;19.60
FLEURY EN BIERE;MER;;36.40;54.50;88.90;114.20;19.40
FLEURY EN BIERE;MEUNG;;34.30;51.90;83.60;108.30;18.10
FLEURY EN BIERE;OLIVET;;33.10;50.20;82.10;104.70;17.60
FLEURY EN BIERE;ORLEANS CENTRE;;32.40;49.30;80.30;102.30;17.00
FLEURY EN BIERE;ORLEANS NORD;;31.60;47.90;78.30;100.60;16.60
FLEURY EN BIERE;PARIS LA FOLIE BESSIN;;40.20;60.30;100.40;129.20;21.80
FLEURY EN BIERE;ROMORANTIN;;42.10;64.80;104.20;134.40;22.50
FLEURY EN BIERE;SAINT AIGNAN SUR CHER;;44.80;69.20;110.80;144.00;24.10
FLEURY EN BIERE;SAINT HILAIRE LES ANDRESIS;;7.60;11.90;18.40;24.80;4.40
FLEURY EN BIERE;SALBRIS;;38.10;58.50;95.00;123.60;20.40
FLEURY EN BIERE;SAVIGNY SUR CLAIRIS;;6.60;10.30;15.60;21.40;3.90
FLEURY EN BIERE;SELLES SUR CHER;;43.90;67.60;108.20;140.10;23.50
FLEURY EN BIERE;TOURS CENTRE MONNAIE;;45.30;68.30;109.30;142.30;24.70
FLEURY EN BIERE;VEIGNE;;51.20;79.30;128.60;164.00;28.00
FLEURY EN BIERE;VIERZON EST;;41.00;62.10;102.30;131.20;22.20
FLEURY EN BIERE;VIERZON NORD;;40.40;61.70;101.70;130.80;21.60
FONTAINEBLEAU;ALLAINVILLE;;32.30;49.60;82.90;103.70;17.00
FONTAINEBLEAU;ARTENAY;;28.20;42.40;70.90;89.80;14.50
FONTAINEBLEAU;AUXY;;13.60;21.10;35.50;43.30;7.40
FONTAINEBLEAU;BLERE;;45.00;69.20;112.70;142.30;24.70
FONTAINEBLEAU;BLOIS;;35.10;53.30;88.00;111.40;18.60
FONTAINEBLEAU;BOURGES;;41.90;63.90;105.30;134.10;22.70
FONTAINEBLEAU;CHATEAU RENAULT;;38.00;57.40;93.60;120.10;20.60
FONTAINEBLEAU;ESCRENNES;;18.10;27.80;48.00;58.70;9.80
FONTAINEBLEAU;ESVRES;;46.30;71.40;116.50;146.50;25.20
FONTAINEBLEAU;FONTENAY SUR LOING;;9.90;14.10;22.80;28.50;5.20
FONTAINEBLEAU;GIDY;;28.70;43.20;71.80;90.90;14.70
FONTAINEBLEAU;GONDREVILLE LA FRANCHE NORD;;11.70;17.30;27.00;32.70;5.70
FONTAINEBLEAU;GONDREVILLE LA FRANCHE SUD;;16.20;24.10;37.70;46.90;8.50
FONTAINEBLEAU;JANVILLE ALLAINES;;29.30;44.30;73.40;93.20;15.30
FONTAINEBLEAU;LAMOTTE BEUVRON;;33.80;51.10;84.40;107.30;18.00
FONTAINEBLEAU;MER;;33.70;50.10;82.70;104.80;17.80
FONTAINEBLEAU;MEUNG;;31.60;47.50;77.40;98.90;16.50
FONTAINEBLEAU;OLIVET;;30.40;45.80;75.90;95.30;16.00
FONTAINEBLEAU;ORLEANS CENTRE;;29.70;44.90;74.10;92.90;15.40
FONTAINEBLEAU;ORLEANS NORD;;28.90;43.50;72.10;91.20;15.00
FONTAINEBLEAU;PARIS LA FOLIE BESSIN;;37.50;55.90;94.20;119.80;20.20
FONTAINEBLEAU;ROMORANTIN;;39.40;60.40;98.00;125.00;20.90
FONTAINEBLEAU;SAINT AIGNAN SUR CHER;;42.10;64.80;104.60;134.60;22.50
FONTAINEBLEAU;SAINT HILAIRE LES ANDRESIS;;4.90;7.50;12.20;15.40;2.80
FONTAINEBLEAU;SALBRIS;;35.40;54.10;88.80;114.20;18.80
FONTAINEBLEAU;SAVIGNY SUR CLAIRIS;;3.90;5.90;9.40;12.00;2.30
FONTAINEBLEAU;SELLES SUR CHER;;41.20;63.20;102.00;130.70;21.90
FONTAINEBLEAU;TOURS CENTRE MONNAIE;;42.60;63.90;103.10;132.90;23.10
FONTAINEBLEAU;VEIGNE;;48.50;74.90;122.40;154.60;26.40
FONTAINEBLEAU;VIERZON EST;;38.30;57.70;96.10;121.80;20.60
FONTAINEBLEAU;VIERZON NORD;;37.70;57.30;95.50;121.40;20.00
FONTENAY LE COMTE;CHATELLERAULT NORD;;15.20;24.30;35.30;47.80;9.60
FONTENAY LE COMTE;CHATELLERAULT SUD;;14.40;22.70;30.60;43.10;8.60
FONTENAY LE COMTE;FUTUROSCOPE;;12.20;19.50;26.80;37.30;7.40
FONTENAY LE COMTE;POITIERS NORD;;11.50;18.70;25.00;35.50;7.10
FONTENAY LE COMTE;POITIERS SUD;;10.40;16.50;21.80;32.20;6.30
FONTENAY LE COMTE;SAINTE MAURE;;18.60;29.70;42.30;59.60;11.60
FONTENAY LE COMTE;TOURS CENTRE SORIGNY;;25.30;38.50;57.10;79.50;15.40
FONTENAY OUEST;CHATELLERAULT NORD;;15.80;24.40;36.90;48.00;9.70
FONTENAY OUEST;CHATELLERAULT SUD;;15.00;22.80;32.20;43.30;8.70
FONTENAY OUEST;FUTUROSCOPE;;12.80;19.60;28.40;37.50;7.50
FONTENAY OUEST;POITIERS NORD;;12.10;18.80;26.60;35.70;7.20
FONTENAY OUEST;POITIERS SUD;;11.00;16.60;23.40;32.40;6.40
FONTENAY OUEST;SAINTE MAURE;;19.20;29.80;43.90;59.80;11.70
FONTENAY OUEST;TOURS CENTRE SORIGNY;;25.90;38.60;58.70;79.70;15.50
FONTENAY SUR LOING;ALLAINVILLE;;19.70;31.30;54.90;67.00;10.30
FONTENAY SUR LOING;AMBERIEU EN BUGEY;;38.80;58.90;92.40;126.00;22.70
FONTENAY SUR LOING;ARLAY;;32.90;50.70;81.10;109.20;19.00
FONTENAY SUR LOING;ARTENAY;;15.60;24.10;42.90;53.10;7.80
FONTENAY SUR LOING;AUXERRE NORD;;10.70;15.30;24.70;32.00;5.50
FONTENAY SUR LOING;AUXERRE SUD;;10.70;15.30;24.70;32.00;5.50
FONTENAY SUR LOING;AUXY;;3.50;5.10;7.60;9.30;1.70
FONTENAY SUR LOING;AVALLON;;14.90;22.00;35.70;47.70;8.40
FONTENAY SUR LOING;BALAN;;39.70;61.00;95.20;129.30;23.30
FONTENAY SUR LOING;BARRIERE DE MONTREUIL AUX LIONS;;39.90;58.80;92.30;122.20;22.70
FONTENAY SUR LOING;BAUME LES DAMES;;36.00;55.40;87.50;119.40;21.20
FONTENAY SUR LOING;BEAUMONT;;40.20;60.20;95.10;125.50;22.40
FONTENAY SUR LOING;BEAUNE NORD;;23.40;35.80;56.50;75.40;13.50
FONTENAY SUR LOING;BEAUNE SUD;;24.70;37.30;59.10;79.50;14.10
FONTENAY SUR LOING;BEAUPONT;;36.20;55.90;89.00;120.80;21.50
FONTENAY SUR LOING;BEAUREPAIRE;;34.10;52.40;83.20;113.70;19.70
FONTENAY SUR LOING;BELLEGARDE;;45.70;70.70;110.90;151.40;27.10
FONTENAY SUR LOING;BELLEVILLE SUR SAONE;;34.20;52.30;81.80;111.30;19.70
FONTENAY SUR LOING;BERSAILLIN;;32.70;49.20;79.60;107.50;18.90
FONTENAY SUR LOING;BESANCON EST;;33.20;51.80;82.00;112.00;19.50
FONTENAY SUR LOING;BESANCON NORD;;33.20;50.70;80.40;109.00;19.10
FONTENAY SUR LOING;BESANCON OUEST;;33.20;50.10;79.90;107.90;19.00
FONTENAY SUR LOING;BEYNOST;;42.20;65.10;101.40;138.30;25.30
FONTENAY SUR LOING;BIERRE LES SEMUR;;17.00;24.90;40.30;54.00;9.60
FONTENAY SUR LOING;BLERE;;32.40;50.90;84.70;105.60;18.00
FONTENAY SUR LOING;BLOIS;;22.50;35.00;60.00;74.70;11.90
FONTENAY SUR LOING;BOURG NORD;;34.40;52.80;82.00;112.00;20.10
FONTENAY SUR LOING;BOURG SUD;;35.70;55.10;86.10;117.20;21.50
FONTENAY SUR LOING;BOURGES;;29.30;45.60;77.30;97.40;16.00
FONTENAY SUR LOING;BULGNEVILLE;;27.70;42.10;65.80;90.30;15.70
FONTENAY SUR LOING;CHALON CENTRE;;27.10;41.50;64.10;86.90;15.40
FONTENAY SUR LOING;CHALON NORD;;27.10;41.50;64.10;86.90;15.40
FONTENAY SUR LOING;CHALON SUD;;27.10;41.50;64.10;86.90;15.40
FONTENAY SUR LOING;CHALONS LA VEUVE;;26.20;38.80;63.40;82.40;14.80
FONTENAY SUR LOING;CHARMONT;;18.10;27.00;43.10;57.90;10.10
FONTENAY SUR LOING;CHATEAU RENAULT;;25.40;39.10;65.60;83.40;13.90
FONTENAY SUR LOING;CHATEAU THIERRY;;35.10;51.80;82.10;110.30;19.90
FONTENAY SUR LOING;CHATENOIS;;28.30;42.80;67.60;92.30;16.30
FONTENAY SUR LOING;CHATILLON LABORDE;;14.00;20.60;32.60;43.40;7.90
FONTENAY SUR LOING;CHAUMONT SEMOUTIERS;;20.70;30.90;49.50;66.90;11.60
FONTENAY SUR LOING;CHOISEY;;29.50;44.40;71.00;96.20;16.80
FONTENAY SUR LOING;CLERMONT;;48.10;74.00;124.10;162.90;27.00
FONTENAY SUR LOING;CLERMONT EN ARGONNE;;29.50;45.50;72.00;95.20;17.30
FONTENAY SUR LOING;COLOMBEY LES BELLES;;31.10;46.70;74.00;102.00;17.60
FONTENAY SUR LOING;COMBRONDE;;43.40;66.70;111.10;144.90;24.10
FONTENAY SUR LOING;COURTENAY;;6.20;8.40;13.80;17.00;3.00
FONTENAY SUR LOING;CRIMOLOIS;;28.30;42.50;68.10;91.30;16.30
FONTENAY SUR LOING;DEUX CHAISES;;39.80;61.90;103.60;134.30;22.30
FONTENAY SUR LOING;DIJON SUD;;27.30;41.90;65.40;88.50;15.50
FONTENAY SUR LOING;DIJON ARC SUR TILLE;;29.00;44.30;69.30;93.90;16.60
FONTENAY SUR LOING;DOLE;;29.50;44.40;71.00;96.20;16.80
FONTENAY SUR LOING;DORMANS;;32.30;48.20;76.40;101.60;18.60
FONTENAY SUR LOING;EGLETONS;;57.90;89.20;142.20;189.20;32.90
FONTENAY SUR LOING;ELOISE ANNECY;;47.10;73.20;114.30;156.40;28.10
FONTENAY SUR LOING;EPERNAY;;29.80;43.70;70.20;92.40;16.40
FONTENAY SUR LOING;ESCRENNES;;6.50;9.70;19.90;22.10;3.40
FONTENAY SUR LOING;ESVRES;;33.70;53.10;88.50;109.80;18.50
FONTENAY SUR LOING;FEILLENS;;31.80;48.80;77.10;105.10;18.80
FONTENAY SUR LOING;FLEURY EN BIERE;;12.60;18.50;29.00;37.90;6.80
FONTENAY SUR LOING;FONTAINEBLEAU;;9.90;14.10;22.80;28.50;5.20
FONTENAY SUR LOING;FORET DE TRONCAIS;;35.70;55.50;92.10;117.70;19.80
FONTENAY SUR LOING;FORGES;;11.60;16.30;26.00;34.50;5.80
FONTENAY SUR LOING;FRESNES EN WOEVRE;;34.80;53.00;83.90;110.40;19.80
FONTENAY SUR LOING;GANNAT;;43.10;66.60;110.30;144.20;24.00
FONTENAY SUR LOING;GENDREY;;30.60;46.70;74.50;101.60;17.90
FONTENAY SUR LOING;GERZAT;;45.00;69.60;114.70;148.50;25.20
FONTENAY SUR LOING;GIDY;;16.10;24.90;43.80;54.20;8.00
FONTENAY SUR LOING;GONDREVILLE LA FRANCHE NORD;;1.00;1.50;2.50;3.40;0.50
FONTENAY SUR LOING;GONDREVILLE LA FRANCHE SUD;;5.50;8.30;13.20;17.60;3.30
FONTENAY SUR LOING;GROISSIAT;;42.60;65.70;103.50;141.10;25.50
FONTENAY SUR LOING;GYE;;33.40;50.00;78.30;107.40;18.90
FONTENAY SUR LOING;JANVILLE ALLAINES;;16.70;26.00;45.40;56.50;8.60
FONTENAY SUR LOING;JARNY;;36.10;55.90;86.70;112.40;20.90
FONTENAY SUR LOING;JOIGNY;;7.90;10.80;17.30;22.10;4.00
FONTENAY SUR LOING;L ISLE SUR LE DOUBS;;37.60;57.70;91.00;124.00;22.00
FONTENAY SUR LOING;LA BOISSE;;43.70;67.40;105.60;144.10;26.10
FONTENAY SUR LOING;LA BOISSE MONTLUEL;;41.30;63.10;96.50;131.20;24.50
FONTENAY SUR LOING;LA COTIERE;;42.10;64.30;100.80;135.60;25.20
FONTENAY SUR LOING;LA CROIX CHALON;;40.80;62.90;99.10;135.30;24.20
FONTENAY SUR LOING;LAMOTTE BEUVRON;;21.20;32.80;56.40;70.60;11.30
FONTENAY SUR LOING;LANGRES NORD;;22.80;33.70;52.30;71.90;12.80
FONTENAY SUR LOING;LANGRES SUD;;23.60;35.10;55.10;74.80;13.50
FONTENAY SUR LOING;LE MIROIR;;35.20;53.90;85.70;116.00;20.60
FONTENAY SUR LOING;LES EPRUNES;;15.10;22.90;36.50;49.30;8.80
FONTENAY SUR LOING;MACON NORD;;31.70;48.40;75.10;102.20;18.40
FONTENAY SUR LOING;MACON SUD;;32.60;49.90;77.60;105.40;18.90
FONTENAY SUR LOING;MAGNANT;;17.20;25.40;40.20;54.70;9.60
FONTENAY SUR LOING;MANZAT;;45.00;70.00;114.80;149.20;25.30
FONTENAY SUR LOING;MAROLLES SUR SEINE;;11.60;16.30;26.00;34.50;5.80
FONTENAY SUR LOING;MER;;21.10;31.80;54.70;68.10;11.10
FONTENAY SUR LOING;MEUNG;;19.00;29.20;49.40;62.20;9.80
FONTENAY SUR LOING;MONT CHOISY;;23.70;35.90;58.40;77.10;13.70
FONTENAY SUR LOING;MONTIGNY LE ROI;;24.50;36.20;57.60;78.80;13.90
FONTENAY SUR LOING;MONTLUCON;;38.10;59.10;98.00;126.90;21.10
FONTENAY SUR LOING;MONTMARAULT;;39.40;61.20;102.20;133.00;21.90
FONTENAY SUR LOING;MONTREUIL AUX LIONS;;37.70;55.30;86.90;113.80;21.20
FONTENAY SUR LOING;NEMOURS;;9.90;14.10;22.80;28.50;5.20
FONTENAY SUR LOING;NITRY;;13.00;18.90;30.10;40.50;7.00
FONTENAY SUR LOING;NUITS SAINT GEORGES;;25.60;38.90;61.80;83.40;14.60
FONTENAY SUR LOING;OLIVET;;17.80;27.50;47.90;58.60;9.30
FONTENAY SUR LOING;ORLEANS CENTRE;;17.10;26.60;46.10;56.20;8.70
FONTENAY SUR LOING;ORLEANS NORD;;16.30;25.20;44.10;54.50;8.30
FONTENAY SUR LOING;ORMES;;31.30;45.80;73.30;96.50;17.20
FONTENAY SUR LOING;PARIS LA FOLIE BESSIN;;24.90;37.60;66.20;83.10;13.50
FONTENAY SUR LOING;PEROUGES;;39.70;61.00;95.20;129.30;23.30
FONTENAY SUR LOING;PONT D AIN;;37.10;57.50;90.90;123.00;22.10
FONTENAY SUR LOING;POUILLY EN AUXOIS;;20.80;31.10;49.10;67.20;11.50
FONTENAY SUR LOING;REIMS TAISSY;;30.00;44.20;71.60;94.10;16.70
FONTENAY SUR LOING;REIMS TINQUEUX;;31.70;46.60;73.90;98.50;17.60
FONTENAY SUR LOING;REPLONGES;;31.80;48.80;77.10;105.10;18.80
FONTENAY SUR LOING;RIOM;;44.80;69.40;114.10;148.30;25.00
FONTENAY SUR LOING;ROBECOURT;;26.20;39.80;62.40;85.40;15.00
FONTENAY SUR LOING;ROMORANTIN;;26.80;42.10;70.00;88.30;14.20
FONTENAY SUR LOING;SAINT AIGNAN SUR CHER;;29.50;46.50;76.60;97.90;15.80
FONTENAY SUR LOING;SAINT AMAND;;33.10;51.50;86.30;109.30;18.20
FONTENAY SUR LOING;SAINT DENIS LES SENS;;8.60;12.20;19.20;24.20;4.40
FONTENAY SUR LOING;SAINT ETIENNE AU TEMPLE;;25.60;39.10;63.80;85.00;14.90
FONTENAY SUR LOING;SAINT GENIS;;36.30;55.50;85.40;115.50;21.10
FONTENAY SUR LOING;SAINT GERMAIN LAXIS;;14.00;20.60;32.60;43.40;7.90
FONTENAY SUR LOING;SAINT GIBRIEN;;24.80;37.20;60.10;79.90;14.20
FONTENAY SUR LOING;SAINT HILAIRE LES ANDRESIS;;2.80;4.10;7.10;8.70;1.40
FONTENAY SUR LOING;SAINT MARTIN DU FRESNE;;40.50;62.80;97.60;133.50;24.20
FONTENAY SUR LOING;SAINT MAURICE;;42.30;65.00;103.50;141.80;25.30
FONTENAY SUR LOING;SAINT THIBAULT;;14.50;21.40;34.70;46.70;8.30
FONTENAY SUR LOING;SAINTE MENEHOULD;;27.90;42.90;69.80;92.80;16.40
FONTENAY SUR LOING;SALBRIS;;22.80;35.80;60.80;77.50;12.10
FONTENAY SUR LOING;SAVIGNY SUR CLAIRIS;;3.30;4.90;8.70;10.50;1.70
FONTENAY SUR LOING;SELLES SUR CHER;;28.60;44.90;74.00;94.00;15.20
FONTENAY SUR LOING;SEURRE;;26.80;41.10;64.00;87.10;15.30
FONTENAY SUR LOING;SOIRANS;;28.20;42.40;69.00;92.40;16.60
FONTENAY SUR LOING;SOMMESOUS;;21.40;32.40;52.40;69.80;12.20
FONTENAY SUR LOING;ST GERMAIN LES VERGNES;;63.20;97.70;153.80;204.50;36.20
FONTENAY SUR LOING;ST JULIEN SANCY;;50.00;77.70;126.10;164.50;28.40
FONTENAY SUR LOING;SYLANS;;41.20;63.80;99.20;135.70;24.60
FONTENAY SUR LOING;THENNELIERES;;15.90;23.70;36.40;48.80;9.20
FONTENAY SUR LOING;TIL CHATEL;;26.10;38.60;62.20;85.10;14.80
FONTENAY SUR LOING;TORVILLIERS;;14.00;20.60;32.90;43.70;7.90
FONTENAY SUR LOING;TOURNUS;;28.80;44.00;68.80;92.70;16.60
FONTENAY SUR LOING;TOURS CENTRE MONNAIE;;30.00;45.60;75.10;96.20;16.40
FONTENAY SUR LOING;TULLE EST;;60.80;93.80;149.00;195.70;34.50
FONTENAY SUR LOING;TULLE NORD;;61.50;95.10;149.80;200.80;34.80
FONTENAY SUR LOING;URY;;10.70;15.20;24.10;30.70;5.70
FONTENAY SUR LOING;USSEL EST;;52.80;82.30;132.80;174.40;29.80
FONTENAY SUR LOING;USSEL OUEST;;54.90;84.30;136.40;179.90;31.10
FONTENAY SUR LOING;VAL DE SAONE;;39.10;58.20;93.00;126.60;22.40
FONTENAY SUR LOING;VALLEE DE L AUBE;;19.30;29.10;46.30;62.10;10.90
FONTENAY SUR LOING;VATRY;;22.20;33.10;52.50;71.20;12.40
FONTENAY SUR LOING;VEIGNE;;35.90;56.60;94.40;117.90;19.70
FONTENAY SUR LOING;VERDUN;;34.80;53.00;83.90;110.40;19.80
FONTENAY SUR LOING;VIERZON EST;;25.70;39.40;68.10;85.10;13.90
FONTENAY SUR LOING;VIERZON NORD;;25.10;39.00;67.50;84.70;13.30
FONTENAY SUR LOING;VILLE SOUS LA FERTE;;18.80;28.20;45.40;61.00;10.50
FONTENAY SUR LOING;VILLEFRANCHE NORD;;35.20;53.20;85.10;115.40;20.70
FONTENAY SUR LOING;VILLEFRANCHE LIMAS;;39.40;59.90;93.60;127.40;22.70
FONTENAY SUR LOING;VILLEFRANCHE VILLE;;35.80;54.80;85.90;116.50;21.00
FONTENAY SUR LOING;VILLENEUVE DONDAGRE;;7.30;10.20;16.30;20.60;3.70
FONTENAY SUR LOING;VIRIAT;;34.50;52.90;82.60;113.00;20.80
FONTENAY SUR LOING;VIRY;;51.50;80.70;126.00;171.60;31.00
FONTENAY SUR LOING;VOIE SACREE;;32.00;49.00;75.80;101.40;18.40
FONTENAY SUR LOING;VULAINES;;11.90;16.30;26.00;34.40;5.90
FONTENAY SUR LOING;VULCANIA BROMONT;;47.40;73.40;120.20;156.80;26.70
FORET DE TRONCAIS;ALLAINVILLE;;29.00;45.40;68.70;91.80;17.00
FORET DE TRONCAIS;ARTENAY;;22.50;36.40;55.40;73.70;13.80
FORET DE TRONCAIS;AUXY;;31.90;48.30;78.10;101.60;17.60
FORET DE TRONCAIS;BLERE;;20.40;32.60;50.00;66.00;12.40
FORET DE TRONCAIS;BLOIS;;25.90;40.20;63.70;80.60;15.70
FORET DE TRONCAIS;BOURGES;;6.40;9.90;14.80;20.30;3.80
FORET DE TRONCAIS;CHATEAU RENAULT;;27.60;44.50;68.30;91.80;17.00
FORET DE TRONCAIS;ESCRENNES;;27.40;42.30;66.10;87.70;15.60
FORET DE TRONCAIS;ESVRES;;22.80;36.40;56.10;71.30;13.60
FORET DE TRONCAIS;FONTENAY SUR LOING;;35.70;55.50;92.10;117.70;19.80
FORET DE TRONCAIS;GIDY;;20.60;32.20;50.60;66.30;12.30
FORET DE TRONCAIS;GONDREVILLE LA FRANCHE NORD;;35.40;53.00;86.70;113.20;19.30
FORET DE TRONCAIS;GONDREVILLE LA FRANCHE SUD;;39.90;59.80;97.40;127.40;22.10
FORET DE TRONCAIS;JANVILLE ALLAINES;;24.80;39.60;60.20;79.60;15.10
FORET DE TRONCAIS;LAMOTTE BEUVRON;;13.80;21.70;34.80;43.80;7.90
FORET DE TRONCAIS;MER;;24.00;38.00;58.30;77.40;14.00
FORET DE TRONCAIS;MEUNG;;21.60;34.70;51.70;70.50;13.00
FORET DE TRONCAIS;OLIVET;;18.50;28.40;43.80;57.50;10.70
FORET DE TRONCAIS;ORLEANS CENTRE;;18.70;29.90;48.10;59.30;11.00
FORET DE TRONCAIS;ORLEANS NORD;;20.40;31.60;49.20;64.80;12.00
FORET DE TRONCAIS;PARIS LA FOLIE BESSIN;;31.00;49.50;79.20;102.80;19.50
FORET DE TRONCAIS;ROMORANTIN;;13.10;21.30;32.50;42.40;8.20
FORET DE TRONCAIS;SAINT AIGNAN SUR CHER;;16.90;26.90;41.90;56.40;9.90
FORET DE TRONCAIS;SAINT HILAIRE LES ANDRESIS;;40.50;61.90;100.50;128.40;22.20
FORET DE TRONCAIS;SALBRIS;;11.70;18.90;29.30;36.70;7.30
FORET DE TRONCAIS;SAVIGNY SUR CLAIRIS;;41.10;62.10;101.30;131.30;22.50
FORET DE TRONCAIS;SELLES SUR CHER;;15.10;24.00;35.90;49.20;9.30
FORET DE TRONCAIS;TOURS CENTRE MONNAIE;;32.50;52.30;77.80;105.00;19.20
FORET DE TRONCAIS;VEIGNE;;23.10;37.90;59.50;77.00;14.80
FORET DE TRONCAIS;VIERZON EST;;9.40;15.10;21.90;29.50;6.10
FORET DE TRONCAIS;VIERZON NORD;;9.60;15.30;24.20;31.40;6.20
FORGES;ALLAINVILLE;;34.00;51.80;86.10;109.70;17.60
FORGES;ARTENAY;;29.90;44.60;74.10;95.80;15.10
FORGES;AUXY;;15.30;23.30;38.70;49.30;8.00
FORGES;BLERE;;46.70;71.40;115.90;148.30;25.30
FORGES;BLOIS;;36.80;55.50;91.20;117.40;19.20
FORGES;BOURGES;;43.60;66.10;108.50;140.10;23.30
FORGES;CHATEAU RENAULT;;39.70;59.60;96.80;126.10;21.20
FORGES;ESCRENNES;;19.80;30.00;51.20;64.70;10.40
FORGES;ESVRES;;48.00;73.60;119.70;152.50;25.80
FORGES;FONTENAY SUR LOING;;11.60;16.30;26.00;34.50;5.80
FORGES;GIDY;;30.40;45.40;75.00;96.90;15.30
FORGES;GONDREVILLE LA FRANCHE NORD;;13.40;19.50;30.20;38.70;6.30
FORGES;GONDREVILLE LA FRANCHE SUD;;17.90;26.30;40.90;52.90;9.10
FORGES;JANVILLE ALLAINES;;31.00;46.50;76.60;99.20;15.90
FORGES;LAMOTTE BEUVRON;;35.50;53.30;87.60;113.30;18.60
FORGES;MER;;35.40;52.30;85.90;110.80;18.40
FORGES;MEUNG;;33.30;49.70;80.60;104.90;17.10
FORGES;OLIVET;;32.10;48.00;79.10;101.30;16.60
FORGES;ORLEANS CENTRE;;31.40;47.10;77.30;98.90;16.00
FORGES;ORLEANS NORD;;30.60;45.70;75.30;97.20;15.60
FORGES;PARIS LA FOLIE BESSIN;;39.20;58.10;97.40;125.80;20.80
FORGES;ROMORANTIN;;41.10;62.60;101.20;131.00;21.50
FORGES;SAINT AIGNAN SUR CHER;;43.80;67.00;107.80;140.60;23.10
FORGES;SAINT HILAIRE LES ANDRESIS;;6.60;9.70;15.40;21.40;3.40
FORGES;SALBRIS;;37.10;56.30;92.00;120.20;19.40
FORGES;SAVIGNY SUR CLAIRIS;;5.60;8.10;12.60;18.00;2.90
FORGES;SELLES SUR CHER;;42.90;65.40;105.20;136.70;22.50
FORGES;TOURS CENTRE MONNAIE;;44.30;66.10;106.30;138.90;23.70
FORGES;VEIGNE;;50.20;77.10;125.60;160.60;27.00
FORGES;VIERZON EST;;40.00;59.90;99.30;127.80;21.20
FORGES;VIERZON NORD;;39.40;59.50;98.70;127.40;20.60
FRESNES EN WOEVRE;ALLAINVILLE;;57.20;88.50;144.00;185.60;31.60
FRESNES EN WOEVRE;ARTENAY;;53.10;81.30;132.00;171.70;29.10
FRESNES EN WOEVRE;AUXY;;38.50;60.00;96.60;125.20;22.00
FRESNES EN WOEVRE;BLERE;;69.90;108.10;173.80;224.20;39.30
FRESNES EN WOEVRE;BLOIS;;60.00;92.20;149.10;193.30;33.20
FRESNES EN WOEVRE;BOURGES;;66.80;102.80;166.40;216.00;37.30
FRESNES EN WOEVRE;CHATEAU RENAULT;;62.90;96.30;154.70;202.00;35.20
FRESNES EN WOEVRE;ESCRENNES;;43.00;66.70;109.10;140.60;24.40
FRESNES EN WOEVRE;ESVRES;;71.20;110.30;177.60;228.40;39.80
FRESNES EN WOEVRE;FONTENAY SUR LOING;;34.80;53.00;83.90;110.40;19.80
FRESNES EN WOEVRE;GIDY;;53.60;82.10;132.90;172.80;29.30
FRESNES EN WOEVRE;GONDREVILLE LA FRANCHE NORD;;36.60;56.20;88.10;114.60;20.30
FRESNES EN WOEVRE;GONDREVILLE LA FRANCHE SUD;;41.10;63.00;98.80;128.80;23.10
FRESNES EN WOEVRE;JANVILLE ALLAINES;;54.20;83.20;134.50;175.10;29.90
FRESNES EN WOEVRE;LAMOTTE BEUVRON;;58.70;90.00;145.50;189.20;32.60
FRESNES EN WOEVRE;MER;;58.60;89.00;143.80;186.70;32.40
FRESNES EN WOEVRE;MEUNG;;56.50;86.40;138.50;180.80;31.10
FRESNES EN WOEVRE;OLIVET;;55.30;84.70;137.00;177.20;30.60
FRESNES EN WOEVRE;ORLEANS CENTRE;;54.60;83.80;135.20;174.80;30.00
FRESNES EN WOEVRE;ORLEANS NORD;;53.80;82.40;133.20;173.10;29.60
FRESNES EN WOEVRE;PARIS LA FOLIE BESSIN;;62.40;94.80;155.30;201.70;34.80
FRESNES EN WOEVRE;ROMORANTIN;;64.30;99.30;159.10;206.90;35.50
FRESNES EN WOEVRE;SAINT AIGNAN SUR CHER;;67.00;103.70;165.70;216.50;37.10
FRESNES EN WOEVRE;SAINT HILAIRE LES ANDRESIS;;29.80;46.40;73.30;97.30;17.40
FRESNES EN WOEVRE;SALBRIS;;60.30;93.00;149.90;196.10;33.40
FRESNES EN WOEVRE;SAVIGNY SUR CLAIRIS;;28.80;44.80;70.50;93.90;16.90
FRESNES EN WOEVRE;SELLES SUR CHER;;66.10;102.10;163.10;212.60;36.50
FRESNES EN WOEVRE;TOURS CENTRE MONNAIE;;67.50;102.80;164.20;214.80;37.70
FRESNES EN WOEVRE;VEIGNE;;73.40;113.80;183.50;236.50;41.00
FRESNES EN WOEVRE;VIERZON EST;;63.20;96.60;157.20;203.70;35.20
FRESNES EN WOEVRE;VIERZON NORD;;62.60;96.20;156.60;203.30;34.60
FUTUROSCOPE;AIGREFEUILLE;;19.10;29.50;43.30;55.90;12.00
FUTUROSCOPE;BEAULIEU;;23.80;36.70;53.80;70.00;14.30
FUTUROSCOPE;CHANTONNAY;;16.60;25.60;36.30;47.70;9.70
FUTUROSCOPE;CHATELLERAULT NORD;;2.30;3.90;5.70;7.10;1.40
FUTUROSCOPE;CHATELLERAULT SUD;;1.60;2.20;3.80;4.20;1.00
FUTUROSCOPE;CHEMILLE;;20.40;31.90;47.20;61.00;12.30
FUTUROSCOPE;CHOLET NORD;;18.90;30.00;43.80;55.80;11.70
FUTUROSCOPE;CHOLET SUD;;18.70;29.80;42.10;54.70;11.50
FUTUROSCOPE;FONTENAY LE COMTE;;12.20;19.50;26.80;37.30;7.40
FUTUROSCOPE;FONTENAY OUEST;;12.80;19.60;28.40;37.50;7.50
FUTUROSCOPE;LA ROCHE SUR YON;;17.80;27.20;38.80;52.10;11.10
FUTUROSCOPE;LA ROCHELLE NIORT SUD;;9.90;14.90;20.40;26.70;5.70
FUTUROSCOPE;LA VERRIE;;18.50;29.60;41.90;54.50;11.30
FUTUROSCOPE;LE BIGNON;;19.30;29.70;43.50;56.10;12.20
FUTUROSCOPE;LES ESSARTS;;17.50;26.70;38.50;51.50;10.80
FUTUROSCOPE;LES HERBIERS;;18.30;29.40;41.70;54.30;11.10
FUTUROSCOPE;MIRAMBEAU;;19.50;31.90;44.60;58.40;12.10
FUTUROSCOPE;MONTAIGU;;18.90;29.30;43.10;55.70;11.80
FUTUROSCOPE;NIORT EST;;7.40;11.90;18.50;23.20;4.60
FUTUROSCOPE;NIORT NORD;;8.40;13.40;20.00;25.20;5.30
FUTUROSCOPE;NIORT OUEST;;10.70;15.40;23.60;29.70;6.50
FUTUROSCOPE;POITIERS NORD;;0.80;1.20;1.50;1.70;0.50
FUTUROSCOPE;POITIERS SUD;;1.80;3.00;5.00;5.10;1.10
FUTUROSCOPE;PONS;;17.60;28.10;38.30;52.10;10.60
FUTUROSCOPE;SAINT AUBIN DE BLAYE;;21.20;33.40;47.70;61.60;13.10
FUTUROSCOPE;SAINT JEAN D ANGELY;;12.70;19.70;27.60;34.20;7.80
FUTUROSCOPE;SAINT MAIXENT LUSIGNAN;;5.00;7.80;11.80;14.10;2.80
FUTUROSCOPE;SAINTE MAURE;;5.20;7.80;13.10;16.00;3.30
FUTUROSCOPE;SAINTES;;16.10;24.60;35.50;44.20;9.60
FUTUROSCOPE;STE HERMINE;;14.30;21.90;32.60;39.50;9.30
FUTUROSCOPE;TOURS CENTRE SORIGNY;;11.60;18.00;28.00;37.20;7.30
FUTUROSCOPE;VIRSAC;;21.80;34.50;49.00;62.80;13.50
FUTUROSCOPE;VOUILLE;;7.70;12.40;18.30;22.20;4.40
GACE;ABLIS;;32.70;52.30;77.00;105.80;19.80
GACE;ALENCON NORD;;10.40;17.10;23.80;32.00;6.50
GACE;ALENCON SUD;;11.00;18.20;25.40;34.20;7.00
GACE;AUVOURS LE MANS ZI SUD;;16.00;26.60;39.30;49.70;10.40
GACE;BEAUFORT EN VALLEE;;26.60;41.90;58.70;78.90;16.30
GACE;BEAUMONT SUR SARTHE;;13.00;20.70;28.80;40.50;8.50
GACE;BOURGUEIL;;31.20;47.90;69.60;92.70;19.10
GACE;BROU;;23.60;37.70;57.60;77.00;14.30
GACE;CHARTRES EST;;29.50;48.20;70.50;92.90;18.30
GACE;CHARTRES THIVARS;;28.20;44.50;66.70;88.00;17.00
GACE;CHATEAU DU LOIR MONTABON;;20.30;31.90;48.60;63.80;12.70
GACE;CONNERRE;;19.00;30.20;44.50;56.10;11.80
GACE;ECOMMOY;;18.10;29.00;43.90;54.60;11.60
GACE;EVRON;;21.40;35.10;51.80;69.30;13.10
GACE;ILLIERS COMBRAY;;26.40;42.50;65.30;87.50;15.80
GACE;LA FERTE BERNARD;;20.00;33.40;48.90;65.50;12.40
GACE;LAVAL EST;;23.50;38.10;56.40;75.20;14.40
GACE;LAVAL OUEST;;24.00;38.90;58.50;77.40;14.90
GACE;LE MANS CENTRE UNIVERSITE;;17.10;26.70;38.40;52.20;10.50
GACE;LE MANS ZI NORD;;15.50;25.10;36.50;45.90;9.80
GACE;LONGUE JUMELLES;;27.60;43.00;61.40;81.80;16.90
GACE;PARIGNE L EVEQUE;;16.90;26.80;39.40;53.30;10.60
GACE;PARIS LA FOLIE BESSIN;;36.50;59.20;88.30;117.50;22.50
GACE;RESTIGNE;;35.20;54.00;77.40;104.10;21.40
GACE;SAUMUR VIVY;;29.00;45.50;66.00;87.50;17.90
GACE;SILLE LE GUILLAUME MAMERS;;11.90;19.50;27.00;36.80;7.70
GACE;SILLE LE GUILLAUME SABLE;;17.90;30.10;45.30;61.00;11.60
GACE;TOURS CENTRE SAINT CHRISTOPHE;;25.90;41.80;63.10;84.10;16.40
GACE;VITRE LA GRAVELLE;;25.40;42.20;62.60;84.10;16.10
GANNAT;ALLAINVILLE;;36.40;56.50;86.90;118.30;21.20
GANNAT;ARTENAY;;29.90;47.50;73.60;100.20;18.00
GANNAT;AUXY;;39.30;59.40;96.30;128.10;21.80
GANNAT;BLERE;;27.80;43.70;68.20;92.50;16.60
GANNAT;BLOIS;;33.30;51.30;81.90;107.10;19.90
GANNAT;BOURGES;;13.80;21.00;33.00;46.80;8.00
GANNAT;CHATEAU RENAULT;;35.00;55.60;86.50;118.30;21.20
GANNAT;ESCRENNES;;34.80;53.40;84.30;114.20;19.80
GANNAT;ESVRES;;30.20;47.50;74.30;97.80;17.80
GANNAT;FONTENAY SUR LOING;;43.10;66.60;110.30;144.20;24.00
GANNAT;GIDY;;28.00;43.30;68.80;92.80;16.50
GANNAT;GONDREVILLE LA FRANCHE NORD;;42.80;64.10;104.90;139.70;23.50
GANNAT;GONDREVILLE LA FRANCHE SUD;;47.30;70.90;115.60;153.90;26.30
GANNAT;JANVILLE ALLAINES;;32.20;50.70;78.40;106.10;19.30
GANNAT;LAMOTTE BEUVRON;;21.20;32.80;53.00;70.30;12.10
GANNAT;MER;;31.40;49.10;76.50;103.90;18.20
GANNAT;MEUNG;;29.00;45.80;69.90;97.00;17.20
GANNAT;OLIVET;;25.90;39.50;62.00;84.00;14.90
GANNAT;ORLEANS CENTRE;;26.10;41.00;66.30;85.80;15.20
GANNAT;ORLEANS NORD;;27.80;42.70;67.40;91.30;16.20
GANNAT;PARIS LA FOLIE BESSIN;;38.40;60.60;97.40;129.30;23.70
GANNAT;ROMORANTIN;;20.50;32.40;50.70;68.90;12.40
GANNAT;SAINT AIGNAN SUR CHER;;24.30;38.00;60.10;82.90;14.10
GANNAT;SAINT HILAIRE LES ANDRESIS;;47.90;73.00;118.70;154.90;26.40
GANNAT;SALBRIS;;19.10;30.00;47.50;63.20;11.50
GANNAT;SAVIGNY SUR CLAIRIS;;48.50;73.20;119.50;157.80;26.70
GANNAT;SELLES SUR CHER;;22.50;35.10;54.10;75.70;13.50
GANNAT;TOURS CENTRE MONNAIE;;39.90;63.40;96.00;131.50;23.40
GANNAT;VEIGNE;;30.50;49.00;77.70;103.50;19.00
GANNAT;VIERZON EST;;16.80;26.20;40.10;56.00;10.30
GANNAT;VIERZON NORD;;17.00;26.40;42.40;57.90;10.40
GENDREY;ALLAINVILLE;;53.00;82.20;134.60;176.80;29.70
GENDREY;ARTENAY;;48.90;75.00;122.60;162.90;27.20
GENDREY;AUXY;;34.30;53.70;87.20;116.40;20.10
GENDREY;BLERE;;65.70;101.80;164.40;215.40;37.40
GENDREY;BLOIS;;55.80;85.90;139.70;184.50;31.30
GENDREY;BOURGES;;62.60;96.50;157.00;207.20;35.40
GENDREY;CHATEAU RENAULT;;58.70;90.00;145.30;193.20;33.30
GENDREY;ESCRENNES;;38.80;60.40;99.70;131.80;22.50
GENDREY;ESVRES;;67.00;104.00;168.20;219.60;37.90
GENDREY;FONTENAY SUR LOING;;30.60;46.70;74.50;101.60;17.90
GENDREY;GIDY;;49.40;75.80;123.50;164.00;27.40
GENDREY;GONDREVILLE LA FRANCHE NORD;;32.40;49.90;78.70;105.80;18.40
GENDREY;GONDREVILLE LA FRANCHE SUD;;36.90;56.70;89.40;120.00;21.20
GENDREY;JANVILLE ALLAINES;;50.00;76.90;125.10;166.30;28.00
GENDREY;LAMOTTE BEUVRON;;54.50;83.70;136.10;180.40;30.70
GENDREY;MER;;54.40;82.70;134.40;177.90;30.50
GENDREY;MEUNG;;52.30;80.10;129.10;172.00;29.20
GENDREY;OLIVET;;51.10;78.40;127.60;168.40;28.70
GENDREY;ORLEANS CENTRE;;50.40;77.50;125.80;166.00;28.10
GENDREY;ORLEANS NORD;;49.60;76.10;123.80;164.30;27.70
GENDREY;PARIS LA FOLIE BESSIN;;58.20;88.50;145.90;192.90;32.90
GENDREY;ROMORANTIN;;60.10;93.00;149.70;198.10;33.60
GENDREY;SAINT AIGNAN SUR CHER;;62.80;97.40;156.30;207.70;35.20
GENDREY;SAINT HILAIRE LES ANDRESIS;;25.60;40.10;63.90;88.50;15.50
GENDREY;SALBRIS;;56.10;86.70;140.50;187.30;31.50
GENDREY;SAVIGNY SUR CLAIRIS;;24.60;38.50;61.10;85.10;15.00
GENDREY;SELLES SUR CHER;;61.90;95.80;153.70;203.80;34.60
GENDREY;TOURS CENTRE MONNAIE;;63.30;96.50;154.80;206.00;35.80
GENDREY;VEIGNE;;69.20;107.50;174.10;227.70;39.10
GENDREY;VIERZON EST;;59.00;90.30;147.80;194.90;33.30
GENDREY;VIERZON NORD;;58.40;89.90;147.20;194.50;32.70
GERZAT;ALLAINVILLE;;38.30;59.50;91.30;122.60;22.40
GERZAT;ARTENAY;;31.80;50.50;78.00;104.50;19.20
GERZAT;AUXY;;41.20;62.40;100.70;132.40;23.00
GERZAT;BLERE;;29.70;46.70;72.60;96.80;17.80
GERZAT;BLOIS;;35.20;54.30;86.30;111.40;21.10
GERZAT;BOURGES;;15.70;24.00;37.40;51.10;9.20
GERZAT;CHATEAU RENAULT;;36.90;58.60;90.90;122.60;22.40
GERZAT;ESCRENNES;;36.70;56.40;88.70;118.50;21.00
GERZAT;ESVRES;;32.10;50.50;78.70;102.10;19.00
GERZAT;FONTENAY SUR LOING;;45.00;69.60;114.70;148.50;25.20
GERZAT;GIDY;;29.90;46.30;73.20;97.10;17.70
GERZAT;GONDREVILLE LA FRANCHE NORD;;44.70;67.10;109.30;144.00;24.70
GERZAT;GONDREVILLE LA FRANCHE SUD;;49.20;73.90;120.00;158.20;27.50
GERZAT;JANVILLE ALLAINES;;34.10;53.70;82.80;110.40;20.50
GERZAT;LAMOTTE BEUVRON;;23.10;35.80;57.40;74.60;13.30
GERZAT;MER;;33.30;52.10;80.90;108.20;19.40
GERZAT;MEUNG;;30.90;48.80;74.30;101.30;18.40
GERZAT;OLIVET;;27.80;42.50;66.40;88.30;16.10
GERZAT;ORLEANS CENTRE;;28.00;44.00;70.70;90.10;16.40
GERZAT;ORLEANS NORD;;29.70;45.70;71.80;95.60;17.40
GERZAT;PARIS LA FOLIE BESSIN;;40.30;63.60;101.80;133.60;24.90
GERZAT;ROMORANTIN;;22.40;35.40;55.10;73.20;13.60
GERZAT;SAINT AIGNAN SUR CHER;;26.20;41.00;64.50;87.20;15.30
GERZAT;SAINT HILAIRE LES ANDRESIS;;49.80;76.00;123.10;159.20;27.60
GERZAT;SALBRIS;;21.00;33.00;51.90;67.50;12.70
GERZAT;SAVIGNY SUR CLAIRIS;;50.40;76.20;123.90;162.10;27.90
GERZAT;SELLES SUR CHER;;24.40;38.10;58.50;80.00;14.70
GERZAT;TOURS CENTRE MONNAIE;;41.80;66.40;100.40;135.80;24.60
GERZAT;VEIGNE;;32.40;52.00;82.10;107.80;20.20
GERZAT;VIERZON EST;;18.70;29.20;44.50;60.30;11.50
GERZAT;VIERZON NORD;;18.90;29.40;46.80;62.20;11.60
GIDY;ALLAINVILLE;;6.30;10.30;16.60;19.80;3.80
GIDY;AMBERIEU EN BUGEY;;57.60;88.00;141.40;188.40;32.20
GIDY;ARLAY;;51.70;79.80;130.10;171.60;28.50
GIDY;ARTENAY;;1.70;2.80;4.40;5.00;1.10
GIDY;AUXERRE NORD;;29.50;44.40;73.70;94.40;15.00
GIDY;AUXERRE SUD;;29.50;44.40;73.70;94.40;15.00
GIDY;AUXY;;12.30;17.70;29.80;38.10;5.80
GIDY;AVALLON;;33.70;51.10;84.70;110.10;17.90
GIDY;BALAN;;58.50;90.10;144.20;191.70;32.80
GIDY;BARRIERE DE MONTREUIL AUX LIONS;;58.70;87.90;141.30;184.60;32.20
GIDY;BAUME LES DAMES;;54.80;84.50;136.50;181.80;30.70
GIDY;BEAUMONT;;59.00;89.30;144.10;187.90;31.90
GIDY;BEAUNE NORD;;42.20;64.90;105.50;137.80;23.00
GIDY;BEAUNE SUD;;43.50;66.40;108.10;141.90;23.60
GIDY;BEAUPONT;;55.00;85.00;138.00;183.20;31.00
GIDY;BEAUREPAIRE;;52.90;81.50;132.20;176.10;29.20
GIDY;BELLEGARDE;;64.50;99.80;159.90;213.80;36.60
GIDY;BELLEVILLE SUR SAONE;;53.00;81.40;130.80;173.70;29.20
GIDY;BERSAILLIN;;51.50;78.30;128.60;169.90;28.40
GIDY;BESANCON EST;;52.00;80.90;131.00;174.40;29.00
GIDY;BESANCON NORD;;52.00;79.80;129.40;171.40;28.60
GIDY;BESANCON OUEST;;52.00;79.20;128.90;170.30;28.50
GIDY;BEYNOST;;61.00;94.20;150.40;200.70;34.80
GIDY;BIERRE LES SEMUR;;35.80;54.00;89.30;116.40;19.10
GIDY;BLERE;;17.20;27.40;43.20;54.20;10.50
GIDY;BLOIS;;7.40;11.60;18.50;23.10;4.40
GIDY;BOURG NORD;;53.20;81.90;131.00;174.40;29.60
GIDY;BOURG SUD;;54.50;84.20;135.10;179.60;31.00
GIDY;BOURGES;;14.20;22.30;35.80;46.00;8.50
GIDY;BULGNEVILLE;;46.50;71.20;114.80;152.70;25.20
GIDY;CHALON CENTRE;;45.90;70.60;113.10;149.30;24.90
GIDY;CHALON NORD;;45.90;70.60;113.10;149.30;24.90
GIDY;CHALON SUD;;45.90;70.60;113.10;149.30;24.90
GIDY;CHALONS LA VEUVE;;45.00;67.90;112.40;144.80;24.30
GIDY;CHARMONT;;36.90;56.10;92.10;120.30;19.60
GIDY;CHATEAU RENAULT;;10.10;15.80;24.10;32.00;6.20
GIDY;CHATEAU THIERRY;;53.90;80.90;131.10;172.70;29.40
GIDY;CHATENOIS;;47.10;71.90;116.60;154.70;25.80
GIDY;CHATILLON LABORDE;;32.80;49.70;81.60;105.80;17.40
GIDY;CHAUMONT SEMOUTIERS;;39.50;60.00;98.50;129.30;21.10
GIDY;CHOISEY;;48.30;73.50;120.00;158.60;26.30
GIDY;CLERMONT;;33.00;50.70;82.60;111.50;19.50
GIDY;CLERMONT EN ARGONNE;;48.30;74.60;121.00;157.60;26.80
GIDY;COLOMBEY LES BELLES;;49.90;75.80;123.00;164.40;27.10
GIDY;COMBRONDE;;28.30;43.40;69.60;93.50;16.60
GIDY;COURTENAY;;25.00;37.50;62.80;79.40;12.50
GIDY;CRIMOLOIS;;47.10;71.60;117.10;153.70;25.80
GIDY;DEUX CHAISES;;24.70;38.60;62.10;82.90;14.80
GIDY;DIJON SUD;;46.10;71.00;114.40;150.90;25.00
GIDY;DIJON ARC SUR TILLE;;47.80;73.40;118.30;156.30;26.10
GIDY;DOLE;;48.30;73.50;120.00;158.60;26.30
GIDY;DORMANS;;51.10;77.30;125.40;164.00;28.10
GIDY;EGLETONS;;42.80;65.90;100.70;137.80;25.40
GIDY;ELOISE ANNECY;;65.90;102.30;163.30;218.80;37.60
GIDY;EPERNAY;;48.60;72.80;119.20;154.80;25.90
GIDY;ESCRENNES;;7.80;11.70;17.80;24.20;3.80
GIDY;ESVRES;;18.60;29.80;47.00;58.40;11.00
GIDY;FEILLENS;;50.60;77.90;126.10;167.50;28.30
GIDY;FLEURY EN BIERE;;31.40;47.60;78.00;100.30;16.30
GIDY;FONTAINEBLEAU;;28.70;43.20;71.80;90.90;14.70
GIDY;FONTENAY SUR LOING;;16.10;24.90;43.80;54.20;8.00
GIDY;FORET DE TRONCAIS;;20.60;32.20;50.60;66.30;12.30
GIDY;FORGES;;30.40;45.40;75.00;96.90;15.30
GIDY;FRESNES EN WOEVRE;;53.60;82.10;132.90;172.80;29.30
GIDY;GANNAT;;28.00;43.30;68.80;92.80;16.50
GIDY;GENDREY;;49.40;75.80;123.50;164.00;27.40
GIDY;GERZAT;;29.90;46.30;73.20;97.10;17.70
GIDY;GONDREVILLE LA FRANCHE NORD;;15.80;22.40;38.40;49.70;7.50
GIDY;GONDREVILLE LA FRANCHE SUD;;20.30;29.20;49.10;63.90;10.30
GIDY;GROISSIAT;;61.40;94.80;152.50;203.50;35.00
GIDY;GYE;;52.20;79.10;127.30;169.80;28.40
GIDY;JANVILLE ALLAINES;;3.00;4.90;7.10;8.90;2.00
GIDY;JARNY;;54.90;85.00;135.70;174.80;30.40
GIDY;JOIGNY;;26.70;39.90;66.30;84.50;13.50
GIDY;L ISLE SUR LE DOUBS;;56.40;86.80;140.00;186.40;31.50
GIDY;LA BOISSE;;62.50;96.50;154.60;206.50;35.60
GIDY;LA BOISSE MONTLUEL;;60.10;92.20;145.50;193.60;34.00
GIDY;LA COTIERE;;60.90;93.40;149.80;198.00;34.70
GIDY;LA CROIX CHALON;;59.60;92.00;148.10;197.70;33.70
GIDY;LAMOTTE BEUVRON;;5.90;9.00;14.50;19.00;3.80
GIDY;LANGRES NORD;;41.60;62.80;101.30;134.30;22.30
GIDY;LANGRES SUD;;42.40;64.20;104.10;137.20;23.00
GIDY;LE MIROIR;;54.00;83.00;134.70;178.40;30.10
GIDY;LES EPRUNES;;33.90;52.00;85.50;111.70;18.30
GIDY;MACON NORD;;50.50;77.50;124.10;164.60;27.90
GIDY;MACON SUD;;51.40;79.00;126.60;167.80;28.40
GIDY;MAGNANT;;36.00;54.50;89.20;117.10;19.10
GIDY;MANZAT;;29.90;46.70;73.30;97.80;17.80
GIDY;MAROLLES SUR SEINE;;30.40;45.40;75.00;96.90;15.30
GIDY;MER;;5.60;8.30;12.70;16.60;3.60
GIDY;MEUNG;;3.00;4.90;6.80;9.30;1.50
GIDY;MONT CHOISY;;42.50;65.00;107.40;139.50;23.20
GIDY;MONTIGNY LE ROI;;43.30;65.30;106.60;141.20;23.40
GIDY;MONTLUCON;;23.00;35.80;56.50;75.50;13.60
GIDY;MONTMARAULT;;24.30;37.90;60.70;81.60;14.40
GIDY;MONTREUIL AUX LIONS;;56.50;84.40;135.90;176.20;30.70
GIDY;NEMOURS;;28.70;43.20;71.80;90.90;14.70
GIDY;NITRY;;31.80;48.00;79.10;102.90;16.50
GIDY;NUITS SAINT GEORGES;;44.40;68.00;110.80;145.80;24.10
GIDY;OLIVET;;1.60;3.20;4.20;6.00;1.00
GIDY;ORLEANS CENTRE;;1.00;2.00;2.70;3.30;0.60
GIDY;ORLEANS NORD;;0.20;0.30;0.50;0.70;0.10
GIDY;ORMES;;50.10;74.90;122.30;158.90;26.70
GIDY;PARIS LA FOLIE BESSIN;;11.90;16.90;28.00;37.50;6.70
GIDY;PEROUGES;;58.50;90.10;144.20;191.70;32.80
GIDY;PONT D AIN;;55.90;86.60;139.90;185.40;31.60
GIDY;POUILLY EN AUXOIS;;39.60;60.20;98.10;129.60;21.00
GIDY;REIMS TAISSY;;48.80;73.30;120.60;156.50;26.20
GIDY;REIMS TINQUEUX;;50.50;75.70;122.90;160.90;27.10
GIDY;REPLONGES;;50.60;77.90;126.10;167.50;28.30
GIDY;RIOM;;29.70;46.10;72.60;96.90;17.50
GIDY;ROBECOURT;;45.00;68.90;111.40;147.80;24.50
GIDY;ROMORANTIN;;11.70;18.80;28.50;36.90;6.70
GIDY;SAINT AIGNAN SUR CHER;;14.40;23.20;35.10;46.50;8.30
GIDY;SAINT AMAND;;18.00;28.20;44.80;57.90;10.70
GIDY;SAINT DENIS LES SENS;;27.40;41.30;68.20;86.60;13.90
GIDY;SAINT ETIENNE AU TEMPLE;;44.40;68.20;112.80;147.40;24.40
GIDY;SAINT GENIS;;55.10;84.60;134.40;177.90;30.60
GIDY;SAINT GERMAIN LAXIS;;32.80;49.70;81.60;105.80;17.40
GIDY;SAINT GIBRIEN;;43.60;66.30;109.10;142.30;23.70
GIDY;SAINT HILAIRE LES ANDRESIS;;20.90;31.30;52.20;64.90;10.40
GIDY;SAINT MARTIN DU FRESNE;;59.30;91.90;146.60;195.90;33.70
GIDY;SAINT MAURICE;;61.10;94.10;152.50;204.20;34.80
GIDY;SAINT THIBAULT;;33.30;50.50;83.70;109.10;17.80
GIDY;SAINTE MENEHOULD;;46.70;72.00;118.80;155.20;25.90
GIDY;SALBRIS;;7.70;12.10;19.30;26.00;4.60
GIDY;SAVIGNY SUR CLAIRIS;;21.50;31.50;53.00;67.80;10.70
GIDY;SELLES SUR CHER;;13.50;21.60;32.10;42.60;7.70
GIDY;SEURRE;;45.60;70.20;113.00;149.50;24.80
GIDY;SOIRANS;;47.00;71.50;118.00;154.80;26.10
GIDY;SOMMESOUS;;40.20;61.50;101.40;132.20;21.70
GIDY;ST GERMAIN LES VERGNES;;48.10;74.40;112.30;153.10;28.70
GIDY;ST JULIEN SANCY;;34.90;54.40;84.60;113.10;20.90
GIDY;SYLANS;;60.00;92.90;148.20;198.10;34.10
GIDY;THENNELIERES;;34.70;52.80;85.40;111.20;18.70
GIDY;TIL CHATEL;;44.90;67.70;111.20;147.50;24.30
GIDY;TORVILLIERS;;32.80;49.70;81.90;106.10;17.40
GIDY;TOURNUS;;47.60;73.10;117.80;155.10;26.10
GIDY;TOURS CENTRE MONNAIE;;14.90;22.30;33.60;44.80;8.90
GIDY;TULLE EST;;45.70;70.50;107.50;144.30;27.00
GIDY;TULLE NORD;;46.40;71.80;108.30;149.40;27.30
GIDY;URY;;29.50;44.30;73.10;93.10;15.20
GIDY;USSEL EST;;37.70;59.00;91.30;123.00;22.30
GIDY;USSEL OUEST;;39.80;61.00;94.90;128.50;23.60
GIDY;VAL DE SAONE;;57.90;87.30;142.00;189.00;31.90
GIDY;VALLEE DE L AUBE;;38.10;58.20;95.30;124.50;20.40
GIDY;VATRY;;41.00;62.20;101.50;133.60;21.90
GIDY;VEIGNE;;20.00;32.20;51.10;64.30;11.80
GIDY;VERDUN;;53.60;82.10;132.90;172.80;29.30
GIDY;VIERZON EST;;10.50;16.10;26.60;33.70;6.20
GIDY;VIERZON NORD;;10.00;15.70;25.80;33.30;5.80
GIDY;VILLE SOUS LA FERTE;;37.60;57.30;94.40;123.40;20.00
GIDY;VILLEFRANCHE NORD;;54.00;82.30;134.10;177.80;30.20
GIDY;VILLEFRANCHE LIMAS;;58.20;89.00;142.60;189.80;32.20
GIDY;VILLEFRANCHE VILLE;;54.60;83.90;134.90;178.90;30.50
GIDY;VILLENEUVE DONDAGRE;;26.10;39.30;65.30;83.00;13.20
GIDY;VIRIAT;;53.30;82.00;131.60;175.40;30.30
GIDY;VIRY;;70.30;109.80;175.00;234.00;40.50
GIDY;VOIE SACREE;;50.80;78.10;124.80;163.80;27.90
GIDY;VULAINES;;30.70;45.40;75.00;96.80;15.40
GIDY;VULCANIA BROMONT;;32.30;50.10;78.70;105.40;19.20
GONDREVILLE LA FRANCHE NORD;ALLAINVILLE;;19.40;28.80;49.50;62.50;9.80
GONDREVILLE LA FRANCHE NORD;AMBERIEU EN BUGEY;;40.60;62.10;96.60;130.20;23.20
GONDREVILLE LA FRANCHE NORD;ARLAY;;34.70;53.90;85.30;113.40;19.50
GONDREVILLE LA FRANCHE NORD;ARTENAY;;15.30;21.60;37.50;48.60;7.30
GONDREVILLE LA FRANCHE NORD;AUXERRE NORD;;12.50;18.50;28.90;36.20;6.00
GONDREVILLE LA FRANCHE NORD;AUXERRE SUD;;12.50;18.50;28.90;36.20;6.00
GONDREVILLE LA FRANCHE NORD;AUXY;;2.00;3.00;5.10;6.30;1.00
GONDREVILLE LA FRANCHE NORD;AVALLON;;16.70;25.20;39.90;51.90;8.90
GONDREVILLE LA FRANCHE NORD;BALAN;;41.50;64.20;99.40;133.50;23.80
GONDREVILLE LA FRANCHE NORD;BARRIERE DE MONTREUIL AUX LIONS;;41.70;62.00;96.50;126.40;23.20
GONDREVILLE LA FRANCHE NORD;BAUME LES DAMES;;37.80;58.60;91.70;123.60;21.70
GONDREVILLE LA FRANCHE NORD;BEAUMONT;;42.00;63.40;99.30;129.70;22.90
GONDREVILLE LA FRANCHE NORD;BEAUNE NORD;;25.20;39.00;60.70;79.60;14.00
GONDREVILLE LA FRANCHE NORD;BEAUNE SUD;;26.50;40.50;63.30;83.70;14.60
GONDREVILLE LA FRANCHE NORD;BEAUPONT;;38.00;59.10;93.20;125.00;22.00
GONDREVILLE LA FRANCHE NORD;BEAUREPAIRE;;35.90;55.60;87.40;117.90;20.20
GONDREVILLE LA FRANCHE NORD;BELLEGARDE;;47.50;73.90;115.10;155.60;27.60
GONDREVILLE LA FRANCHE NORD;BELLEVILLE SUR SAONE;;36.00;55.50;86.00;115.50;20.20
GONDREVILLE LA FRANCHE NORD;BERSAILLIN;;34.50;52.40;83.80;111.70;19.40
GONDREVILLE LA FRANCHE NORD;BESANCON EST;;35.00;55.00;86.20;116.20;20.00
GONDREVILLE LA FRANCHE NORD;BESANCON NORD;;35.00;53.90;84.60;113.20;19.60
GONDREVILLE LA FRANCHE NORD;BESANCON OUEST;;35.00;53.30;84.10;112.10;19.50
GONDREVILLE LA FRANCHE NORD;BEYNOST;;44.00;68.30;105.60;142.50;25.80
GONDREVILLE LA FRANCHE NORD;BIERRE LES SEMUR;;18.80;28.10;44.50;58.20;10.10
GONDREVILLE LA FRANCHE NORD;BLERE;;32.10;48.40;79.30;101.10;17.50
GONDREVILLE LA FRANCHE NORD;BLOIS;;22.20;32.50;54.60;70.20;11.40
GONDREVILLE LA FRANCHE NORD;BOURG NORD;;36.20;56.00;86.20;116.20;20.60
GONDREVILLE LA FRANCHE NORD;BOURG SUD;;37.50;58.30;90.30;121.40;22.00
GONDREVILLE LA FRANCHE NORD;BOURGES;;29.00;43.10;71.90;92.90;15.50
GONDREVILLE LA FRANCHE NORD;BULGNEVILLE;;29.50;45.30;70.00;94.50;16.20
GONDREVILLE LA FRANCHE NORD;CHALON CENTRE;;28.90;44.70;68.30;91.10;15.90
GONDREVILLE LA FRANCHE NORD;CHALON NORD;;28.90;44.70;68.30;91.10;15.90
GONDREVILLE LA FRANCHE NORD;CHALON SUD;;28.90;44.70;68.30;91.10;15.90
GONDREVILLE LA FRANCHE NORD;CHALONS LA VEUVE;;28.00;42.00;67.60;86.60;15.30
GONDREVILLE LA FRANCHE NORD;CHARMONT;;19.90;30.20;47.30;62.10;10.60
GONDREVILLE LA FRANCHE NORD;CHATEAU RENAULT;;25.10;36.60;60.20;78.90;13.40
GONDREVILLE LA FRANCHE NORD;CHATEAU THIERRY;;36.90;55.00;86.30;114.50;20.40
GONDREVILLE LA FRANCHE NORD;CHATENOIS;;30.10;46.00;71.80;96.50;16.80
GONDREVILLE LA FRANCHE NORD;CHATILLON LABORDE;;15.80;23.80;36.80;47.60;8.40
GONDREVILLE LA FRANCHE NORD;CHAUMONT SEMOUTIERS;;22.50;34.10;53.70;71.10;12.10
GONDREVILLE LA FRANCHE NORD;CHOISEY;;31.30;47.60;75.20;100.40;17.30
GONDREVILLE LA FRANCHE NORD;CLERMONT;;47.80;71.50;118.70;158.40;26.50
GONDREVILLE LA FRANCHE NORD;CLERMONT EN ARGONNE;;31.30;48.70;76.20;99.40;17.80
GONDREVILLE LA FRANCHE NORD;COLOMBEY LES BELLES;;32.90;49.90;78.20;106.20;18.10
GONDREVILLE LA FRANCHE NORD;COMBRONDE;;43.10;64.20;105.70;140.40;23.60
GONDREVILLE LA FRANCHE NORD;COURTENAY;;8.00;11.60;18.00;21.20;3.50
GONDREVILLE LA FRANCHE NORD;CRIMOLOIS;;30.10;45.70;72.30;95.50;16.80
GONDREVILLE LA FRANCHE NORD;DEUX CHAISES;;39.50;59.40;98.20;129.80;21.80
GONDREVILLE LA FRANCHE NORD;DIJON SUD;;29.10;45.10;69.60;92.70;16.00
GONDREVILLE LA FRANCHE NORD;DIJON ARC SUR TILLE;;30.80;47.50;73.50;98.10;17.10
GONDREVILLE LA FRANCHE NORD;DOLE;;31.30;47.60;75.20;100.40;17.30
GONDREVILLE LA FRANCHE NORD;DORMANS;;34.10;51.40;80.60;105.80;19.10
GONDREVILLE LA FRANCHE NORD;EGLETONS;;57.60;86.70;136.80;184.70;32.40
GONDREVILLE LA FRANCHE NORD;ELOISE ANNECY;;48.90;76.40;118.50;160.60;28.60
GONDREVILLE LA FRANCHE NORD;EPERNAY;;31.60;46.90;74.40;96.60;16.90
GONDREVILLE LA FRANCHE NORD;ESCRENNES;;5.30;8.10;14.80;19.70;2.50
GONDREVILLE LA FRANCHE NORD;ESVRES;;33.40;50.60;83.10;105.30;18.00
GONDREVILLE LA FRANCHE NORD;FEILLENS;;33.60;52.00;81.30;109.30;19.30
GONDREVILLE LA FRANCHE NORD;FLEURY EN BIERE;;14.40;21.70;33.20;42.10;7.30
GONDREVILLE LA FRANCHE NORD;FONTAINEBLEAU;;11.70;17.30;27.00;32.70;5.70
GONDREVILLE LA FRANCHE NORD;FONTENAY SUR LOING;;1.00;1.50;2.50;3.40;0.50
GONDREVILLE LA FRANCHE NORD;FORET DE TRONCAIS;;35.40;53.00;86.70;113.20;19.30
GONDREVILLE LA FRANCHE NORD;FORGES;;13.40;19.50;30.20;38.70;6.30
GONDREVILLE LA FRANCHE NORD;FRESNES EN WOEVRE;;36.60;56.20;88.10;114.60;20.30
GONDREVILLE LA FRANCHE NORD;GANNAT;;42.80;64.10;104.90;139.70;23.50
GONDREVILLE LA FRANCHE NORD;GENDREY;;32.40;49.90;78.70;105.80;18.40
GONDREVILLE LA FRANCHE NORD;GERZAT;;44.70;67.10;109.30;144.00;24.70
GONDREVILLE LA FRANCHE NORD;GIDY;;15.80;22.40;38.40;49.70;7.50
GONDREVILLE LA FRANCHE NORD;GROISSIAT;;44.40;68.90;107.70;145.30;26.00
GONDREVILLE LA FRANCHE NORD;GYE;;35.20;53.20;82.50;111.60;19.40
GONDREVILLE LA FRANCHE NORD;JANVILLE ALLAINES;;16.40;23.50;40.00;52.00;8.10
GONDREVILLE LA FRANCHE NORD;JARNY;;37.90;59.10;90.90;116.60;21.40
GONDREVILLE LA FRANCHE NORD;JOIGNY;;9.70;14.00;21.50;26.30;4.50
GONDREVILLE LA FRANCHE NORD;L ISLE SUR LE DOUBS;;39.40;60.90;95.20;128.20;22.50
GONDREVILLE LA FRANCHE NORD;LA BOISSE;;45.50;70.60;109.80;148.30;26.60
GONDREVILLE LA FRANCHE NORD;LA BOISSE MONTLUEL;;43.10;66.30;100.70;135.40;25.00
GONDREVILLE LA FRANCHE NORD;LA COTIERE;;43.90;67.50;105.00;139.80;25.70
GONDREVILLE LA FRANCHE NORD;LA CROIX CHALON;;42.60;66.10;103.30;139.50;24.70
GONDREVILLE LA FRANCHE NORD;LAMOTTE BEUVRON;;20.90;30.30;51.00;66.10;10.80
GONDREVILLE LA FRANCHE NORD;LANGRES NORD;;24.60;36.90;56.50;76.10;13.30
GONDREVILLE LA FRANCHE NORD;LANGRES SUD;;25.40;38.30;59.30;79.00;14.00
GONDREVILLE LA FRANCHE NORD;LE MIROIR;;37.00;57.10;89.90;120.20;21.10
GONDREVILLE LA FRANCHE NORD;LES EPRUNES;;16.90;26.10;40.70;53.50;9.30
GONDREVILLE LA FRANCHE NORD;MACON NORD;;33.50;51.60;79.30;106.40;18.90
GONDREVILLE LA FRANCHE NORD;MACON SUD;;34.40;53.10;81.80;109.60;19.40
GONDREVILLE LA FRANCHE NORD;MAGNANT;;19.00;28.60;44.40;58.90;10.10
GONDREVILLE LA FRANCHE NORD;MANZAT;;44.70;67.50;109.40;144.70;24.80
GONDREVILLE LA FRANCHE NORD;MAROLLES SUR SEINE;;13.40;19.50;30.20;38.70;6.30
GONDREVILLE LA FRANCHE NORD;MER;;20.80;29.30;49.30;63.60;10.60
GONDREVILLE LA FRANCHE NORD;MEUNG;;18.70;26.70;44.00;57.70;9.30
GONDREVILLE LA FRANCHE NORD;MONT CHOISY;;25.50;39.10;62.60;81.30;14.20
GONDREVILLE LA FRANCHE NORD;MONTIGNY LE ROI;;26.30;39.40;61.80;83.00;14.40
GONDREVILLE LA FRANCHE NORD;MONTLUCON;;37.80;56.60;92.60;122.40;20.60
GONDREVILLE LA FRANCHE NORD;MONTMARAULT;;39.10;58.70;96.80;128.50;21.40
GONDREVILLE LA FRANCHE NORD;MONTREUIL AUX LIONS;;39.50;58.50;91.10;118.00;21.70
GONDREVILLE LA FRANCHE NORD;NEMOURS;;11.70;17.30;27.00;32.70;5.70
GONDREVILLE LA FRANCHE NORD;NITRY;;14.80;22.10;34.30;44.70;7.50
GONDREVILLE LA FRANCHE NORD;NUITS SAINT GEORGES;;27.40;42.10;66.00;87.60;15.10
GONDREVILLE LA FRANCHE NORD;OLIVET;;17.50;25.00;42.50;54.10;8.80
GONDREVILLE LA FRANCHE NORD;ORLEANS CENTRE;;16.80;24.10;40.70;51.70;8.20
GONDREVILLE LA FRANCHE NORD;ORLEANS NORD;;16.00;22.70;38.70;50.00;7.80
GONDREVILLE LA FRANCHE NORD;ORMES;;33.10;49.00;77.50;100.70;17.70
GONDREVILLE LA FRANCHE NORD;PARIS LA FOLIE BESSIN;;24.60;35.10;60.80;78.60;13.00
GONDREVILLE LA FRANCHE NORD;PEROUGES;;41.50;64.20;99.40;133.50;23.80
GONDREVILLE LA FRANCHE NORD;PONT D AIN;;38.90;60.70;95.10;127.20;22.60
GONDREVILLE LA FRANCHE NORD;POUILLY EN AUXOIS;;22.60;34.30;53.30;71.40;12.00
GONDREVILLE LA FRANCHE NORD;REIMS TAISSY;;31.80;47.40;75.80;98.30;17.20
GONDREVILLE LA FRANCHE NORD;REIMS TINQUEUX;;33.50;49.80;78.10;102.70;18.10
GONDREVILLE LA FRANCHE NORD;REPLONGES;;33.60;52.00;81.30;109.30;19.30
GONDREVILLE LA FRANCHE NORD;RIOM;;44.50;66.90;108.70;143.80;24.50
GONDREVILLE LA FRANCHE NORD;ROBECOURT;;28.00;43.00;66.60;89.60;15.50
GONDREVILLE LA FRANCHE NORD;ROMORANTIN;;26.50;39.60;64.60;83.80;13.70
GONDREVILLE LA FRANCHE NORD;SAINT AIGNAN SUR CHER;;29.20;44.00;71.20;93.40;15.30
GONDREVILLE LA FRANCHE NORD;SAINT AMAND;;32.80;49.00;80.90;104.80;17.70
GONDREVILLE LA FRANCHE NORD;SAINT DENIS LES SENS;;10.40;15.40;23.40;28.40;4.90
GONDREVILLE LA FRANCHE NORD;SAINT ETIENNE AU TEMPLE;;27.40;42.30;68.00;89.20;15.40
GONDREVILLE LA FRANCHE NORD;SAINT GENIS;;38.10;58.70;89.60;119.70;21.60
GONDREVILLE LA FRANCHE NORD;SAINT GERMAIN LAXIS;;15.80;23.80;36.80;47.60;8.40
GONDREVILLE LA FRANCHE NORD;SAINT GIBRIEN;;26.60;40.40;64.30;84.10;14.70
GONDREVILLE LA FRANCHE NORD;SAINT HILAIRE LES ANDRESIS;;3.70;5.50;9.50;11.70;1.90
GONDREVILLE LA FRANCHE NORD;SAINT MARTIN DU FRESNE;;42.30;66.00;101.80;137.70;24.70
GONDREVILLE LA FRANCHE NORD;SAINT MAURICE;;44.10;68.20;107.70;146.00;25.80
GONDREVILLE LA FRANCHE NORD;SAINT THIBAULT;;16.30;24.60;38.90;50.90;8.80
GONDREVILLE LA FRANCHE NORD;SAINTE MENEHOULD;;29.70;46.10;74.00;97.00;16.90
GONDREVILLE LA FRANCHE NORD;SALBRIS;;22.50;33.30;55.40;73.00;11.60
GONDREVILLE LA FRANCHE NORD;SAVIGNY SUR CLAIRIS;;4.20;6.30;11.00;13.40;2.10
GONDREVILLE LA FRANCHE NORD;SELLES SUR CHER;;28.30;42.40;68.60;89.50;14.70
GONDREVILLE LA FRANCHE NORD;SEURRE;;28.60;44.30;68.20;91.30;15.80
GONDREVILLE LA FRANCHE NORD;SOIRANS;;30.00;45.60;73.20;96.60;17.10
GONDREVILLE LA FRANCHE NORD;SOMMESOUS;;23.20;35.60;56.60;74.00;12.70
GONDREVILLE LA FRANCHE NORD;ST GERMAIN LES VERGNES;;62.90;95.20;148.40;200.00;35.70
GONDREVILLE LA FRANCHE NORD;ST JULIEN SANCY;;49.70;75.20;120.70;160.00;27.90
GONDREVILLE LA FRANCHE NORD;SYLANS;;43.00;67.00;103.40;139.90;25.10
GONDREVILLE LA FRANCHE NORD;THENNELIERES;;17.70;26.90;40.60;53.00;9.70
GONDREVILLE LA FRANCHE NORD;TIL CHATEL;;27.90;41.80;66.40;89.30;15.30
GONDREVILLE LA FRANCHE NORD;TORVILLIERS;;15.80;23.80;37.10;47.90;8.40
GONDREVILLE LA FRANCHE NORD;TOURNUS;;30.60;47.20;73.00;96.90;17.10
GONDREVILLE LA FRANCHE NORD;TOURS CENTRE MONNAIE;;29.70;43.10;69.70;91.70;15.90
GONDREVILLE LA FRANCHE NORD;TULLE EST;;60.50;91.30;143.60;191.20;34.00
GONDREVILLE LA FRANCHE NORD;TULLE NORD;;61.20;92.60;144.40;196.30;34.30
GONDREVILLE LA FRANCHE NORD;URY;;12.50;18.40;28.30;34.90;6.20
GONDREVILLE LA FRANCHE NORD;USSEL EST;;52.50;79.80;127.40;169.90;29.30
GONDREVILLE LA FRANCHE NORD;USSEL OUEST;;54.60;81.80;131.00;175.40;30.60
GONDREVILLE LA FRANCHE NORD;VAL DE SAONE;;40.90;61.40;97.20;130.80;22.90
GONDREVILLE LA FRANCHE NORD;VALLEE DE L AUBE;;21.10;32.30;50.50;66.30;11.40
GONDREVILLE LA FRANCHE NORD;VATRY;;24.00;36.30;56.70;75.40;12.90
GONDREVILLE LA FRANCHE NORD;VEIGNE;;35.60;54.10;89.00;113.40;19.20
GONDREVILLE LA FRANCHE NORD;VERDUN;;36.60;56.20;88.10;114.60;20.30
GONDREVILLE LA FRANCHE NORD;VIERZON EST;;25.40;36.90;62.70;80.60;13.40
GONDREVILLE LA FRANCHE NORD;VIERZON NORD;;24.80;36.50;62.10;80.20;12.80
GONDREVILLE LA FRANCHE NORD;VILLE SOUS LA FERTE;;20.60;31.40;49.60;65.20;11.00
GONDREVILLE LA FRANCHE NORD;VILLEFRANCHE NORD;;37.00;56.40;89.30;119.60;21.20
GONDREVILLE LA FRANCHE NORD;VILLEFRANCHE LIMAS;;41.20;63.10;97.80;131.60;23.20
GONDREVILLE LA FRANCHE NORD;VILLEFRANCHE VILLE;;37.60;58.00;90.10;120.70;21.50
GONDREVILLE LA FRANCHE NORD;VILLENEUVE DONDAGRE;;9.10;13.40;20.50;24.80;4.20
GONDREVILLE LA FRANCHE NORD;VIRIAT;;36.30;56.10;86.80;117.20;21.30
GONDREVILLE LA FRANCHE NORD;VIRY;;53.30;83.90;130.20;175.80;31.50
GONDREVILLE LA FRANCHE NORD;VOIE SACREE;;33.80;52.20;80.00;105.60;18.90
GONDREVILLE LA FRANCHE NORD;VULAINES;;13.70;19.50;30.20;38.60;6.40
GONDREVILLE LA FRANCHE NORD;VULCANIA BROMONT;;47.10;70.90;114.80;152.30;26.20
GONDREVILLE LA FRANCHE SUD;ALLAINVILLE;;23.90;35.60;60.20;76.70;12.60
GONDREVILLE LA FRANCHE SUD;AMBERIEU EN BUGEY;;45.10;68.90;107.30;144.40;26.00
GONDREVILLE LA FRANCHE SUD;ARLAY;;39.20;60.70;96.00;127.60;22.30
GONDREVILLE LA FRANCHE SUD;ARTENAY;;19.80;28.40;48.20;62.80;10.10
GONDREVILLE LA FRANCHE SUD;AUXERRE NORD;;17.00;25.30;39.60;50.40;8.80
GONDREVILLE LA FRANCHE SUD;AUXERRE SUD;;17.00;25.30;39.60;50.40;8.80
GONDREVILLE LA FRANCHE SUD;AUXY;;6.50;9.80;15.80;20.50;3.80
GONDREVILLE LA FRANCHE SUD;AVALLON;;21.20;32.00;50.60;66.10;11.70
GONDREVILLE LA FRANCHE SUD;BALAN;;46.00;71.00;110.10;147.70;26.60
GONDREVILLE LA FRANCHE SUD;BARRIERE DE MONTREUIL AUX LIONS;;46.20;68.80;107.20;140.60;26.00
GONDREVILLE LA FRANCHE SUD;BAUME LES DAMES;;42.30;65.40;102.40;137.80;24.50
GONDREVILLE LA FRANCHE SUD;BEAUMONT;;46.50;70.20;110.00;143.90;25.70
GONDREVILLE LA FRANCHE SUD;BEAUNE NORD;;29.70;45.80;71.40;93.80;16.80
GONDREVILLE LA FRANCHE SUD;BEAUNE SUD;;31.00;47.30;74.00;97.90;17.40
GONDREVILLE LA FRANCHE SUD;BEAUPONT;;42.50;65.90;103.90;139.20;24.80
GONDREVILLE LA FRANCHE SUD;BEAUREPAIRE;;40.40;62.40;98.10;132.10;23.00
GONDREVILLE LA FRANCHE SUD;BELLEGARDE;;52.00;80.70;125.80;169.80;30.40
GONDREVILLE LA FRANCHE SUD;BELLEVILLE SUR SAONE;;40.50;62.30;96.70;129.70;23.00
GONDREVILLE LA FRANCHE SUD;BERSAILLIN;;39.00;59.20;94.50;125.90;22.20
GONDREVILLE LA FRANCHE SUD;BESANCON EST;;39.50;61.80;96.90;130.40;22.80
GONDREVILLE LA FRANCHE SUD;BESANCON NORD;;39.50;60.70;95.30;127.40;22.40
GONDREVILLE LA FRANCHE SUD;BESANCON OUEST;;39.50;60.10;94.80;126.30;22.30
GONDREVILLE LA FRANCHE SUD;BEYNOST;;48.50;75.10;116.30;156.70;28.60
GONDREVILLE LA FRANCHE SUD;BIERRE LES SEMUR;;23.30;34.90;55.20;72.40;12.90
GONDREVILLE LA FRANCHE SUD;BLERE;;36.60;55.20;90.00;115.30;20.30
GONDREVILLE LA FRANCHE SUD;BLOIS;;26.70;39.30;65.30;84.40;14.20
GONDREVILLE LA FRANCHE SUD;BOURG NORD;;40.70;62.80;96.90;130.40;23.40
GONDREVILLE LA FRANCHE SUD;BOURG SUD;;42.00;65.10;101.00;135.60;24.80
GONDREVILLE LA FRANCHE SUD;BOURGES;;33.50;49.90;82.60;107.10;18.30
GONDREVILLE LA FRANCHE SUD;BULGNEVILLE;;34.00;52.10;80.70;108.70;19.00
GONDREVILLE LA FRANCHE SUD;CHALON CENTRE;;33.40;51.50;79.00;105.30;18.70
GONDREVILLE LA FRANCHE SUD;CHALON NORD;;33.40;51.50;79.00;105.30;18.70
GONDREVILLE LA FRANCHE SUD;CHALON SUD;;33.40;51.50;79.00;105.30;18.70
GONDREVILLE LA FRANCHE SUD;CHALONS LA VEUVE;;32.50;48.80;78.30;100.80;18.10
GONDREVILLE LA FRANCHE SUD;CHARMONT;;24.40;37.00;58.00;76.30;13.40
GONDREVILLE LA FRANCHE SUD;CHATEAU RENAULT;;29.60;43.40;70.90;93.10;16.20
GONDREVILLE LA FRANCHE SUD;CHATEAU THIERRY;;41.40;61.80;97.00;128.70;23.20
GONDREVILLE LA FRANCHE SUD;CHATENOIS;;34.60;52.80;82.50;110.70;19.60
GONDREVILLE LA FRANCHE SUD;CHATILLON LABORDE;;20.30;30.60;47.50;61.80;11.20
GONDREVILLE LA FRANCHE SUD;CHAUMONT SEMOUTIERS;;27.00;40.90;64.40;85.30;14.90
GONDREVILLE LA FRANCHE SUD;CHOISEY;;35.80;54.40;85.90;114.60;20.10
GONDREVILLE LA FRANCHE SUD;CLERMONT;;52.30;78.30;129.40;172.60;29.30
GONDREVILLE LA FRANCHE SUD;CLERMONT EN ARGONNE;;35.80;55.50;86.90;113.60;20.60
GONDREVILLE LA FRANCHE SUD;COLOMBEY LES BELLES;;37.40;56.70;88.90;120.40;20.90
GONDREVILLE LA FRANCHE SUD;COMBRONDE;;47.60;71.00;116.40;154.60;26.40
GONDREVILLE LA FRANCHE SUD;COURTENAY;;12.50;18.40;28.70;35.40;6.30
GONDREVILLE LA FRANCHE SUD;CRIMOLOIS;;34.60;52.50;83.00;109.70;19.60
GONDREVILLE LA FRANCHE SUD;DEUX CHAISES;;44.00;66.20;108.90;144.00;24.60
GONDREVILLE LA FRANCHE SUD;DIJON SUD;;33.60;51.90;80.30;106.90;18.80
GONDREVILLE LA FRANCHE SUD;DIJON ARC SUR TILLE;;35.30;54.30;84.20;112.30;19.90
GONDREVILLE LA FRANCHE SUD;DOLE;;35.80;54.40;85.90;114.60;20.10
GONDREVILLE LA FRANCHE SUD;DORMANS;;38.60;58.20;91.30;120.00;21.90
GONDREVILLE LA FRANCHE SUD;EGLETONS;;62.10;93.50;147.50;198.90;35.20
GONDREVILLE LA FRANCHE SUD;ELOISE ANNECY;;53.40;83.20;129.20;174.80;31.40
GONDREVILLE LA FRANCHE SUD;EPERNAY;;36.10;53.70;85.10;110.80;19.70
GONDREVILLE LA FRANCHE SUD;ESCRENNES;;9.80;14.90;25.50;33.90;5.30
GONDREVILLE LA FRANCHE SUD;ESVRES;;37.90;57.40;93.80;119.50;20.80
GONDREVILLE LA FRANCHE SUD;FEILLENS;;38.10;58.80;92.00;123.50;22.10
GONDREVILLE LA FRANCHE SUD;FLEURY EN BIERE;;18.90;28.50;43.90;56.30;10.10
GONDREVILLE LA FRANCHE SUD;FONTAINEBLEAU;;16.20;24.10;37.70;46.90;8.50
GONDREVILLE LA FRANCHE SUD;FONTENAY SUR LOING;;5.50;8.30;13.20;17.60;3.30
GONDREVILLE LA FRANCHE SUD;FORET DE TRONCAIS;;39.90;59.80;97.40;127.40;22.10
GONDREVILLE LA FRANCHE SUD;FORGES;;17.90;26.30;40.90;52.90;9.10
GONDREVILLE LA FRANCHE SUD;FRESNES EN WOEVRE;;41.10;63.00;98.80;128.80;23.10
GONDREVILLE LA FRANCHE SUD;GANNAT;;47.30;70.90;115.60;153.90;26.30
GONDREVILLE LA FRANCHE SUD;GENDREY;;36.90;56.70;89.40;120.00;21.20
GONDREVILLE LA FRANCHE SUD;GERZAT;;49.20;73.90;120.00;158.20;27.50
GONDREVILLE LA FRANCHE SUD;GIDY;;20.30;29.20;49.10;63.90;10.30
GONDREVILLE LA FRANCHE SUD;GROISSIAT;;48.90;75.70;118.40;159.50;28.80
GONDREVILLE LA FRANCHE SUD;GYE;;39.70;60.00;93.20;125.80;22.20
GONDREVILLE LA FRANCHE SUD;JANVILLE ALLAINES;;20.90;30.30;50.70;66.20;10.90
GONDREVILLE LA FRANCHE SUD;JARNY;;42.40;65.90;101.60;130.80;24.20
GONDREVILLE LA FRANCHE SUD;JOIGNY;;14.20;20.80;32.20;40.50;7.30
GONDREVILLE LA FRANCHE SUD;L ISLE SUR LE DOUBS;;43.90;67.70;105.90;142.40;25.30
GONDREVILLE LA FRANCHE SUD;LA BOISSE;;50.00;77.40;120.50;162.50;29.40
GONDREVILLE LA FRANCHE SUD;LA BOISSE MONTLUEL;;47.60;73.10;111.40;149.60;27.80
GONDREVILLE LA FRANCHE SUD;LA COTIERE;;48.40;74.30;115.70;154.00;28.50
GONDREVILLE LA FRANCHE SUD;LA CROIX CHALON;;47.10;72.90;114.00;153.70;27.50
GONDREVILLE LA FRANCHE SUD;LAMOTTE BEUVRON;;25.40;37.10;61.70;80.30;13.60
GONDREVILLE LA FRANCHE SUD;LANGRES NORD;;29.10;43.70;67.20;90.30;16.10
GONDREVILLE LA FRANCHE SUD;LANGRES SUD;;29.90;45.10;70.00;93.20;16.80
GONDREVILLE LA FRANCHE SUD;LE MIROIR;;41.50;63.90;100.60;134.40;23.90
GONDREVILLE LA FRANCHE SUD;LES EPRUNES;;21.40;32.90;51.40;67.70;12.10
GONDREVILLE LA FRANCHE SUD;MACON NORD;;38.00;58.40;90.00;120.60;21.70
GONDREVILLE LA FRANCHE SUD;MACON SUD;;38.90;59.90;92.50;123.80;22.20
GONDREVILLE LA FRANCHE SUD;MAGNANT;;23.50;35.40;55.10;73.10;12.90
GONDREVILLE LA FRANCHE SUD;MANZAT;;49.20;74.30;120.10;158.90;27.60
GONDREVILLE LA FRANCHE SUD;MAROLLES SUR SEINE;;17.90;26.30;40.90;52.90;9.10
GONDREVILLE LA FRANCHE SUD;MER;;25.30;36.10;60.00;77.80;13.40
GONDREVILLE LA FRANCHE SUD;MEUNG;;23.20;33.50;54.70;71.90;12.10
GONDREVILLE LA FRANCHE SUD;MONT CHOISY;;30.00;45.90;73.30;95.50;17.00
GONDREVILLE LA FRANCHE SUD;MONTIGNY LE ROI;;30.80;46.20;72.50;97.20;17.20
GONDREVILLE LA FRANCHE SUD;MONTLUCON;;42.30;63.40;103.30;136.60;23.40
GONDREVILLE LA FRANCHE SUD;MONTMARAULT;;43.60;65.50;107.50;142.70;24.20
GONDREVILLE LA FRANCHE SUD;MONTREUIL AUX LIONS;;44.00;65.30;101.80;132.20;24.50
GONDREVILLE LA FRANCHE SUD;NEMOURS;;16.20;24.10;37.70;46.90;8.50
GONDREVILLE LA FRANCHE SUD;NITRY;;19.30;28.90;45.00;58.90;10.30
GONDREVILLE LA FRANCHE SUD;NUITS SAINT GEORGES;;31.90;48.90;76.70;101.80;17.90
GONDREVILLE LA FRANCHE SUD;OLIVET;;22.00;31.80;53.20;68.30;11.60
GONDREVILLE LA FRANCHE SUD;ORLEANS CENTRE;;21.30;30.90;51.40;65.90;11.00
GONDREVILLE LA FRANCHE SUD;ORLEANS NORD;;20.50;29.50;49.40;64.20;10.60
GONDREVILLE LA FRANCHE SUD;ORMES;;37.60;55.80;88.20;114.90;20.50
GONDREVILLE LA FRANCHE SUD;PARIS LA FOLIE BESSIN;;29.10;41.90;71.50;92.80;15.80
GONDREVILLE LA FRANCHE SUD;PEROUGES;;46.00;71.00;110.10;147.70;26.60
GONDREVILLE LA FRANCHE SUD;PONT D AIN;;43.40;67.50;105.80;141.40;25.40
GONDREVILLE LA FRANCHE SUD;POUILLY EN AUXOIS;;27.10;41.10;64.00;85.60;14.80
GONDREVILLE LA FRANCHE SUD;REIMS TAISSY;;36.30;54.20;86.50;112.50;20.00
GONDREVILLE LA FRANCHE SUD;REIMS TINQUEUX;;38.00;56.60;88.80;116.90;20.90
GONDREVILLE LA FRANCHE SUD;REPLONGES;;38.10;58.80;92.00;123.50;22.10
GONDREVILLE LA FRANCHE SUD;RIOM;;49.00;73.70;119.40;158.00;27.30
GONDREVILLE LA FRANCHE SUD;ROBECOURT;;32.50;49.80;77.30;103.80;18.30
GONDREVILLE LA FRANCHE SUD;ROMORANTIN;;31.00;46.40;75.30;98.00;16.50
GONDREVILLE LA FRANCHE SUD;SAINT AIGNAN SUR CHER;;33.70;50.80;81.90;107.60;18.10
GONDREVILLE LA FRANCHE SUD;SAINT AMAND;;37.30;55.80;91.60;119.00;20.50
GONDREVILLE LA FRANCHE SUD;SAINT DENIS LES SENS;;14.90;22.20;34.10;42.60;7.70
GONDREVILLE LA FRANCHE SUD;SAINT ETIENNE AU TEMPLE;;31.90;49.10;78.70;103.40;18.20
GONDREVILLE LA FRANCHE SUD;SAINT GENIS;;42.60;65.50;100.30;133.90;24.40
GONDREVILLE LA FRANCHE SUD;SAINT GERMAIN LAXIS;;20.30;30.60;47.50;61.80;11.20
GONDREVILLE LA FRANCHE SUD;SAINT GIBRIEN;;31.10;47.20;75.00;98.30;17.50
GONDREVILLE LA FRANCHE SUD;SAINT HILAIRE LES ANDRESIS;;8.20;12.30;20.20;25.90;4.70
GONDREVILLE LA FRANCHE SUD;SAINT MARTIN DU FRESNE;;46.80;72.80;112.50;151.90;27.50
GONDREVILLE LA FRANCHE SUD;SAINT MAURICE;;48.60;75.00;118.40;160.20;28.60
GONDREVILLE LA FRANCHE SUD;SAINT THIBAULT;;20.80;31.40;49.60;65.10;11.60
GONDREVILLE LA FRANCHE SUD;SAINTE MENEHOULD;;34.20;52.90;84.70;111.20;19.70
GONDREVILLE LA FRANCHE SUD;SALBRIS;;27.00;40.10;66.10;87.20;14.40
GONDREVILLE LA FRANCHE SUD;SAVIGNY SUR CLAIRIS;;8.70;13.10;21.70;27.60;4.90
GONDREVILLE LA FRANCHE SUD;SELLES SUR CHER;;32.80;49.20;79.30;103.70;17.50
GONDREVILLE LA FRANCHE SUD;SEURRE;;33.10;51.10;78.90;105.50;18.60
GONDREVILLE LA FRANCHE SUD;SOIRANS;;34.50;52.40;83.90;110.80;19.90
GONDREVILLE LA FRANCHE SUD;SOMMESOUS;;27.70;42.40;67.30;88.20;15.50
GONDREVILLE LA FRANCHE SUD;ST GERMAIN LES VERGNES;;67.40;102.00;159.10;214.20;38.50
GONDREVILLE LA FRANCHE SUD;ST JULIEN SANCY;;54.20;82.00;131.40;174.20;30.70
GONDREVILLE LA FRANCHE SUD;SYLANS;;47.50;73.80;114.10;154.10;27.90
GONDREVILLE LA FRANCHE SUD;THENNELIERES;;22.20;33.70;51.30;67.20;12.50
GONDREVILLE LA FRANCHE SUD;TIL CHATEL;;32.40;48.60;77.10;103.50;18.10
GONDREVILLE LA FRANCHE SUD;TORVILLIERS;;20.30;30.60;47.80;62.10;11.20
GONDREVILLE LA FRANCHE SUD;TOURNUS;;35.10;54.00;83.70;111.10;19.90
GONDREVILLE LA FRANCHE SUD;TOURS CENTRE MONNAIE;;34.20;49.90;80.40;105.90;18.70
GONDREVILLE LA FRANCHE SUD;TULLE EST;;65.00;98.10;154.30;205.40;36.80
GONDREVILLE LA FRANCHE SUD;TULLE NORD;;65.70;99.40;155.10;210.50;37.10
GONDREVILLE LA FRANCHE SUD;URY;;17.00;25.20;39.00;49.10;9.00
GONDREVILLE LA FRANCHE SUD;USSEL EST;;57.00;86.60;138.10;184.10;32.10
GONDREVILLE LA FRANCHE SUD;USSEL OUEST;;59.10;88.60;141.70;189.60;33.40
GONDREVILLE LA FRANCHE SUD;VAL DE SAONE;;45.40;68.20;107.90;145.00;25.70
GONDREVILLE LA FRANCHE SUD;VALLEE DE L AUBE;;25.60;39.10;61.20;80.50;14.20
GONDREVILLE LA FRANCHE SUD;VATRY;;28.50;43.10;67.40;89.60;15.70
GONDREVILLE LA FRANCHE SUD;VEIGNE;;40.10;60.90;99.70;127.60;22.00
GONDREVILLE LA FRANCHE SUD;VERDUN;;41.10;63.00;98.80;128.80;23.10
GONDREVILLE LA FRANCHE SUD;VIERZON EST;;29.90;43.70;73.40;94.80;16.20
GONDREVILLE LA FRANCHE SUD;VIERZON NORD;;29.30;43.30;72.80;94.40;15.60
GONDREVILLE LA FRANCHE SUD;VILLE SOUS LA FERTE;;25.10;38.20;60.30;79.40;13.80
GONDREVILLE LA FRANCHE SUD;VILLEFRANCHE NORD;;41.50;63.20;100.00;133.80;24.00
GONDREVILLE LA FRANCHE SUD;VILLEFRANCHE LIMAS;;45.70;69.90;108.50;145.80;26.00
GONDREVILLE LA FRANCHE SUD;VILLEFRANCHE VILLE;;42.10;64.80;100.80;134.90;24.30
GONDREVILLE LA FRANCHE SUD;VILLENEUVE DONDAGRE;;13.60;20.20;31.20;39.00;7.00
GONDREVILLE LA FRANCHE SUD;VIRIAT;;40.80;62.90;97.50;131.40;24.10
GONDREVILLE LA FRANCHE SUD;VIRY;;57.80;90.70;140.90;190.00;34.30
GONDREVILLE LA FRANCHE SUD;VOIE SACREE;;38.30;59.00;90.70;119.80;21.70
GONDREVILLE LA FRANCHE SUD;VULAINES;;18.20;26.30;40.90;52.80;9.20
GONDREVILLE LA FRANCHE SUD;VULCANIA BROMONT;;51.60;77.70;125.50;166.50;29.00
GROISSIAT;ALLAINVILLE;;65.00;101.20;163.60;216.30;37.30
GROISSIAT;ARTENAY;;60.90;94.00;151.60;202.40;34.80
GROISSIAT;AUXY;;46.30;72.70;116.20;155.90;27.70
GROISSIAT;BLERE;;77.70;120.80;193.40;254.90;45.00
GROISSIAT;BLOIS;;67.80;104.90;168.70;224.00;38.90
GROISSIAT;BOURGES;;74.60;115.50;186.00;246.70;43.00
GROISSIAT;CHATEAU RENAULT;;70.70;109.00;174.30;232.70;40.90
GROISSIAT;ESCRENNES;;50.80;79.40;128.70;171.30;30.10
GROISSIAT;ESVRES;;79.00;123.00;197.20;259.10;45.50
GROISSIAT;FONTENAY SUR LOING;;42.60;65.70;103.50;141.10;25.50
GROISSIAT;GIDY;;61.40;94.80;152.50;203.50;35.00
GROISSIAT;GONDREVILLE LA FRANCHE NORD;;44.40;68.90;107.70;145.30;26.00
GROISSIAT;GONDREVILLE LA FRANCHE SUD;;48.90;75.70;118.40;159.50;28.80
GROISSIAT;JANVILLE ALLAINES;;62.00;95.90;154.10;205.80;35.60
GROISSIAT;LAMOTTE BEUVRON;;66.50;102.70;165.10;219.90;38.30
GROISSIAT;MER;;66.40;101.70;163.40;217.40;38.10
GROISSIAT;MEUNG;;64.30;99.10;158.10;211.50;36.80
GROISSIAT;OLIVET;;63.10;97.40;156.60;207.90;36.30
GROISSIAT;ORLEANS CENTRE;;62.40;96.50;154.80;205.50;35.70
GROISSIAT;ORLEANS NORD;;61.60;95.10;152.80;203.80;35.30
GROISSIAT;PARIS LA FOLIE BESSIN;;70.20;107.50;174.90;232.40;40.50
GROISSIAT;ROMORANTIN;;72.10;112.00;178.70;237.60;41.20
GROISSIAT;SAINT AIGNAN SUR CHER;;74.80;116.40;185.30;247.20;42.80
GROISSIAT;SAINT HILAIRE LES ANDRESIS;;37.60;59.10;92.90;128.00;23.10
GROISSIAT;SALBRIS;;68.10;105.70;169.50;226.80;39.10
GROISSIAT;SAVIGNY SUR CLAIRIS;;36.60;57.50;90.10;124.60;22.60
GROISSIAT;SELLES SUR CHER;;73.90;114.80;182.70;243.30;42.20
GROISSIAT;TOURS CENTRE MONNAIE;;75.30;115.50;183.80;245.50;43.40
GROISSIAT;VEIGNE;;81.20;126.50;203.10;267.20;46.70
GROISSIAT;VIERZON EST;;71.00;109.30;176.80;234.40;40.90
GROISSIAT;VIERZON NORD;;70.40;108.90;176.20;234.00;40.30
GYE;ALLAINVILLE;;55.80;85.50;138.40;182.60;30.70
GYE;ARTENAY;;51.70;78.30;126.40;168.70;28.20
GYE;AUXY;;37.10;57.00;91.00;122.20;21.10
GYE;BLERE;;68.50;105.10;168.20;221.20;38.40
GYE;BLOIS;;58.60;89.20;143.50;190.30;32.30
GYE;BOURGES;;65.40;99.80;160.80;213.00;36.40
GYE;CHATEAU RENAULT;;61.50;93.30;149.10;199.00;34.30
GYE;ESCRENNES;;41.60;63.70;103.50;137.60;23.50
GYE;ESVRES;;69.80;107.30;172.00;225.40;38.90
GYE;FONTENAY SUR LOING;;33.40;50.00;78.30;107.40;18.90
GYE;GIDY;;52.20;79.10;127.30;169.80;28.40
GYE;GONDREVILLE LA FRANCHE NORD;;35.20;53.20;82.50;111.60;19.40
GYE;GONDREVILLE LA FRANCHE SUD;;39.70;60.00;93.20;125.80;22.20
GYE;JANVILLE ALLAINES;;52.80;80.20;128.90;172.10;29.00
GYE;LAMOTTE BEUVRON;;57.30;87.00;139.90;186.20;31.70
GYE;MER;;57.20;86.00;138.20;183.70;31.50
GYE;MEUNG;;55.10;83.40;132.90;177.80;30.20
GYE;OLIVET;;53.90;81.70;131.40;174.20;29.70
GYE;ORLEANS CENTRE;;53.20;80.80;129.60;171.80;29.10
GYE;ORLEANS NORD;;52.40;79.40;127.60;170.10;28.70
GYE;PARIS LA FOLIE BESSIN;;61.00;91.80;149.70;198.70;33.90
GYE;ROMORANTIN;;62.90;96.30;153.50;203.90;34.60
GYE;SAINT AIGNAN SUR CHER;;65.60;100.70;160.10;213.50;36.20
GYE;SAINT HILAIRE LES ANDRESIS;;28.40;43.40;67.70;94.30;16.50
GYE;SALBRIS;;58.90;90.00;144.30;193.10;32.50
GYE;SAVIGNY SUR CLAIRIS;;27.40;41.80;64.90;90.90;16.00
GYE;SELLES SUR CHER;;64.70;99.10;157.50;209.60;35.60
GYE;TOURS CENTRE MONNAIE;;66.10;99.80;158.60;211.80;36.80
GYE;VEIGNE;;72.00;110.80;177.90;233.50;40.10
GYE;VIERZON EST;;61.80;93.60;151.60;200.70;34.30
GYE;VIERZON NORD;;61.20;93.20;151.00;200.30;33.70
ILLIERS COMBRAY;ABLIS;;6.70;10.40;17.00;19.90;3.80
ILLIERS COMBRAY;ALENCON NORD;;15.50;24.50;41.00;54.10;9.00
ILLIERS COMBRAY;ALENCON SUD;;14.90;23.50;39.90;52.80;8.70
ILLIERS COMBRAY;PEAGE DE CORZE;;21.80;32.60;51.80;64.80;12.70
ILLIERS COMBRAY;ARGENTAN;;26.50;43.80;68.50;91.20;15.40
ILLIERS COMBRAY;AUVOURS LE MANS ZI SUD;;10.00;14.90;26.40;34.80;6.00
ILLIERS COMBRAY;BEAUFORT EN VALLEE;;21.10;32.40;49.30;63.40;12.60
ILLIERS COMBRAY;BEAUMONT SUR SARTHE;;12.00;19.30;33.40;43.00;6.80
ILLIERS COMBRAY;BERNAY;;35.80;57.40;89.30;121.30;21.40
ILLIERS COMBRAY;BOURGUEIL;;25.70;38.40;60.20;77.20;15.40
ILLIERS COMBRAY;BRIONNE;;41.40;66.70;99.70;134.20;25.10
ILLIERS COMBRAY;BROU;;1.90;2.70;5.00;6.10;1.30
ILLIERS COMBRAY;CHARTRES EST;;3.60;5.70;8.60;10.40;2.20
ILLIERS COMBRAY;CHARTRES THIVARS;;1.70;2.50;4.00;4.80;1.10
ILLIERS COMBRAY;CHATEAU DU LOIR MONTABON;;14.20;22.40;37.50;50.20;8.30
ILLIERS COMBRAY;CONNERRE;;7.90;11.60;18.60;22.30;4.80
ILLIERS COMBRAY;DURTAL;;16.70;25.10;41.00;51.90;9.80
ILLIERS COMBRAY;ECOMMOY;;12.50;19.70;32.90;42.70;7.00
ILLIERS COMBRAY;EVRON;;17.70;27.70;45.30;60.70;10.50
ILLIERS COMBRAY;GACE;;26.40;42.50;65.30;87.50;15.80
ILLIERS COMBRAY;LA FERTE BERNARD;;5.20;7.00;12.20;13.90;3.00
ILLIERS COMBRAY;LAVAL EST;;19.80;30.70;50.00;67.20;11.80
ILLIERS COMBRAY;LAVAL OUEST;;21.30;32.80;54.30;71.30;12.50
ILLIERS COMBRAY;LE MANS CENTRE UNIVERSITE;;11.60;17.20;29.00;36.70;6.80
ILLIERS COMBRAY;LE MANS SUD;;12.60;18.90;31.50;40.20;7.40
ILLIERS COMBRAY;LE MANS ZI NORD;;9.50;13.70;27.50;33.80;5.70
ILLIERS COMBRAY;LONGUE JUMELLES;;22.10;33.50;52.00;66.30;13.20
ILLIERS COMBRAY;ORBEC;;31.40;50.80;78.00;104.80;18.90
ILLIERS COMBRAY;PARIGNE L EVEQUE;;10.90;16.30;27.40;36.30;6.30
ILLIERS COMBRAY;PARIS LA FOLIE BESSIN;;11.30;17.70;28.50;39.60;6.80
ILLIERS COMBRAY;RESTIGNE;;29.70;44.50;68.00;88.60;17.70
ILLIERS COMBRAY;ROUMOIS;;50.80;81.20;119.50;163.10;29.60
ILLIERS COMBRAY;SABLE LA FLECHE;;15.70;23.20;38.00;49.10;9.00
ILLIERS COMBRAY;SAUMUR VIVY;;23.50;36.00;56.60;72.00;14.20
ILLIERS COMBRAY;SEES;;22.40;36.10;56.60;75.70;13.10
ILLIERS COMBRAY;SEICHES;;19.40;28.90;45.60;58.20;11.20
ILLIERS COMBRAY;SILLE LE GUILLAUME MAMERS;;13.10;21.00;35.60;47.20;7.30
ILLIERS COMBRAY;SILLE LE GUILLAUME SABLE;;14.50;23.00;37.60;49.30;9.20
ILLIERS COMBRAY;TOURS CENTRE SAINT CHRISTOPHE;;20.10;31.20;53.60;68.80;11.30
ILLIERS COMBRAY;VITRE LA GRAVELLE;;24.20;37.60;56.50;82.10;14.90
JANVILLE ALLAINES;ALLAINVILLE;;2.60;4.20;7.00;10.10;1.90
JANVILLE ALLAINES;AMBERIEU EN BUGEY;;58.20;89.10;143.00;190.70;32.80
JANVILLE ALLAINES;ARLAY;;52.30;80.90;131.70;173.90;29.10
JANVILLE ALLAINES;ARTENAY;;1.10;1.50;2.70;3.10;0.70
JANVILLE ALLAINES;AUXERRE NORD;;30.10;45.50;75.30;96.70;15.60
JANVILLE ALLAINES;AUXERRE SUD;;30.10;45.50;75.30;96.70;15.60
JANVILLE ALLAINES;AUXY;;12.90;18.80;31.40;40.40;6.40
JANVILLE ALLAINES;AVALLON;;34.30;52.20;86.30;112.40;18.50
JANVILLE ALLAINES;BALAN;;59.10;91.20;145.80;194.00;33.40
JANVILLE ALLAINES;BARRIERE DE MONTREUIL AUX LIONS;;59.30;89.00;142.90;186.90;32.80
JANVILLE ALLAINES;BAUME LES DAMES;;55.40;85.60;138.10;184.10;31.30
JANVILLE ALLAINES;BEAUMONT;;59.60;90.40;145.70;190.20;32.50
JANVILLE ALLAINES;BEAUNE NORD;;42.80;66.00;107.10;140.10;23.60
JANVILLE ALLAINES;BEAUNE SUD;;44.10;67.50;109.70;144.20;24.20
JANVILLE ALLAINES;BEAUPONT;;55.60;86.10;139.60;185.50;31.60
JANVILLE ALLAINES;BEAUREPAIRE;;53.50;82.60;133.80;178.40;29.80
JANVILLE ALLAINES;BELLEGARDE;;65.10;100.90;161.50;216.10;37.20
JANVILLE ALLAINES;BELLEVILLE SUR SAONE;;53.60;82.50;132.40;176.00;29.80
JANVILLE ALLAINES;BERSAILLIN;;52.10;79.40;130.20;172.20;29.00
JANVILLE ALLAINES;BESANCON EST;;52.60;82.00;132.60;176.70;29.60
JANVILLE ALLAINES;BESANCON NORD;;52.60;80.90;131.00;173.70;29.20
JANVILLE ALLAINES;BESANCON OUEST;;52.60;80.30;130.50;172.60;29.10
JANVILLE ALLAINES;BEYNOST;;61.60;95.30;152.00;203.00;35.40
JANVILLE ALLAINES;BIERRE LES SEMUR;;36.40;55.10;90.90;118.70;19.70
JANVILLE ALLAINES;BLERE;;21.60;34.10;53.10;67.90;13.40
JANVILLE ALLAINES;BLOIS;;9.50;16.40;27.30;34.10;5.80
JANVILLE ALLAINES;BOURG NORD;;53.80;83.00;132.60;176.70;30.20
JANVILLE ALLAINES;BOURG SUD;;55.10;85.30;136.70;181.90;31.60
JANVILLE ALLAINES;BOURGES;;18.40;29.70;45.40;59.30;11.30
JANVILLE ALLAINES;BULGNEVILLE;;47.10;72.30;116.40;155.00;25.80
JANVILLE ALLAINES;CHALON CENTRE;;46.50;71.70;114.70;151.60;25.50
JANVILLE ALLAINES;CHALON NORD;;46.50;71.70;114.70;151.60;25.50
JANVILLE ALLAINES;CHALON SUD;;46.50;71.70;114.70;151.60;25.50
JANVILLE ALLAINES;CHALONS LA VEUVE;;45.60;69.00;114.00;147.10;24.90
JANVILLE ALLAINES;CHARMONT;;37.50;57.20;93.70;122.60;20.20
JANVILLE ALLAINES;CHATEAU RENAULT;;13.20;20.80;34.20;43.00;8.70
JANVILLE ALLAINES;CHATEAU THIERRY;;54.50;82.00;132.70;175.00;30.00
JANVILLE ALLAINES;CHATENOIS;;47.70;73.00;118.20;157.00;26.40
JANVILLE ALLAINES;CHATILLON LABORDE;;33.40;50.80;83.20;108.10;18.00
JANVILLE ALLAINES;CHAUMONT SEMOUTIERS;;40.10;61.10;100.10;131.60;21.70
JANVILLE ALLAINES;CHOISEY;;48.90;74.60;121.60;160.90;26.90
JANVILLE ALLAINES;CLERMONT;;37.20;58.10;92.20;124.80;22.30
JANVILLE ALLAINES;CLERMONT EN ARGONNE;;48.90;75.70;122.60;159.90;27.40
JANVILLE ALLAINES;COLOMBEY LES BELLES;;50.50;76.90;124.60;166.70;27.70
JANVILLE ALLAINES;COMBRONDE;;32.50;50.80;79.20;106.80;19.40
JANVILLE ALLAINES;COURTENAY;;25.60;38.60;64.40;81.70;13.10
JANVILLE ALLAINES;CRIMOLOIS;;47.70;72.70;118.70;156.00;26.40
JANVILLE ALLAINES;DEUX CHAISES;;28.90;46.00;71.70;96.20;17.60
JANVILLE ALLAINES;DIJON SUD;;46.70;72.10;116.00;153.20;25.60
JANVILLE ALLAINES;DIJON ARC SUR TILLE;;48.40;74.50;119.90;158.60;26.70
JANVILLE ALLAINES;DOLE;;48.90;74.60;121.60;160.90;26.90
JANVILLE ALLAINES;DORMANS;;51.70;78.40;127.00;166.30;28.70
JANVILLE ALLAINES;EGLETONS;;47.00;73.30;110.30;151.10;28.20
JANVILLE ALLAINES;ELOISE ANNECY;;66.50;103.40;164.90;221.10;38.20
JANVILLE ALLAINES;EPERNAY;;49.20;73.90;120.80;157.10;26.50
JANVILLE ALLAINES;ESCRENNES;;8.40;12.80;19.40;26.50;4.40
JANVILLE ALLAINES;ESVRES;;23.00;36.60;57.20;71.30;14.30
JANVILLE ALLAINES;FEILLENS;;51.20;79.00;127.70;169.80;28.90
JANVILLE ALLAINES;FLEURY EN BIERE;;32.00;48.70;79.60;102.60;16.90
JANVILLE ALLAINES;FONTAINEBLEAU;;29.30;44.30;73.40;93.20;15.30
JANVILLE ALLAINES;FONTENAY SUR LOING;;16.70;26.00;45.40;56.50;8.60
JANVILLE ALLAINES;FORET DE TRONCAIS;;24.80;39.60;60.20;79.60;15.10
JANVILLE ALLAINES;FORGES;;31.00;46.50;76.60;99.20;15.90
JANVILLE ALLAINES;FRESNES EN WOEVRE;;54.20;83.20;134.50;175.10;29.90
JANVILLE ALLAINES;GANNAT;;32.20;50.70;78.40;106.10;19.30
JANVILLE ALLAINES;GENDREY;;50.00;76.90;125.10;166.30;28.00
JANVILLE ALLAINES;GERZAT;;34.10;53.70;82.80;110.40;20.50
JANVILLE ALLAINES;GIDY;;3.00;4.90;7.10;8.90;2.00
JANVILLE ALLAINES;GONDREVILLE LA FRANCHE NORD;;16.40;23.50;40.00;52.00;8.10
JANVILLE ALLAINES;GONDREVILLE LA FRANCHE SUD;;20.90;30.30;50.70;66.20;10.90
JANVILLE ALLAINES;GROISSIAT;;62.00;95.90;154.10;205.80;35.60
JANVILLE ALLAINES;GYE;;52.80;80.20;128.90;172.10;29.00
JANVILLE ALLAINES;JARNY;;55.50;86.10;137.30;177.10;31.00
JANVILLE ALLAINES;JOIGNY;;27.30;41.00;67.90;86.80;14.10
JANVILLE ALLAINES;L ISLE SUR LE DOUBS;;57.00;87.90;141.60;188.70;32.10
JANVILLE ALLAINES;LA BOISSE;;63.10;97.60;156.20;208.80;36.20
JANVILLE ALLAINES;LA BOISSE MONTLUEL;;60.70;93.30;147.10;195.90;34.60
JANVILLE ALLAINES;LA COTIERE;;61.50;94.50;151.40;200.30;35.30
JANVILLE ALLAINES;LA CROIX CHALON;;60.20;93.10;149.70;200.00;34.30
JANVILLE ALLAINES;LAMOTTE BEUVRON;;8.80;14.30;22.20;29.90;5.50
JANVILLE ALLAINES;LANGRES NORD;;42.20;63.90;102.90;136.60;22.90
JANVILLE ALLAINES;LANGRES SUD;;43.00;65.30;105.70;139.50;23.60
JANVILLE ALLAINES;LE MIROIR;;54.60;84.10;136.30;180.70;30.70
JANVILLE ALLAINES;LES EPRUNES;;34.50;53.10;87.10;114.00;18.90
JANVILLE ALLAINES;MACON NORD;;51.10;78.60;125.70;166.90;28.50
JANVILLE ALLAINES;MACON SUD;;52.00;80.10;128.20;170.10;29.00
JANVILLE ALLAINES;MAGNANT;;36.60;55.60;90.80;119.40;19.70
JANVILLE ALLAINES;MANZAT;;34.10;54.10;82.90;111.10;20.60
JANVILLE ALLAINES;MAROLLES SUR SEINE;;31.00;46.50;76.60;99.20;15.90
JANVILLE ALLAINES;MER;;7.80;13.40;20.90;27.50;4.70
JANVILLE ALLAINES;MEUNG;;5.70;8.80;14.60;17.80;3.80
JANVILLE ALLAINES;MONT CHOISY;;43.10;66.10;109.00;141.80;23.80
JANVILLE ALLAINES;MONTIGNY LE ROI;;43.90;66.40;108.20;143.50;24.00
JANVILLE ALLAINES;MONTLUCON;;27.20;43.20;66.10;88.80;16.40
JANVILLE ALLAINES;MONTMARAULT;;28.50;45.30;70.30;94.90;17.20
JANVILLE ALLAINES;MONTREUIL AUX LIONS;;57.10;85.50;137.50;178.50;31.30
JANVILLE ALLAINES;NEMOURS;;29.30;44.30;73.40;93.20;15.30
JANVILLE ALLAINES;NITRY;;32.40;49.10;80.70;105.20;17.10
JANVILLE ALLAINES;NUITS SAINT GEORGES;;45.00;69.10;112.40;148.10;24.70
JANVILLE ALLAINES;OLIVET;;5.80;8.60;12.60;16.00;3.40
JANVILLE ALLAINES;ORLEANS CENTRE;;5.10;6.60;10.70;12.50;3.10
JANVILLE ALLAINES;ORLEANS NORD;;3.10;5.00;7.40;9.90;2.10
JANVILLE ALLAINES;ORMES;;50.70;76.00;123.90;161.20;27.30
JANVILLE ALLAINES;PARIS LA FOLIE BESSIN;;7.70;11.40;17.30;21.00;4.20
JANVILLE ALLAINES;PEROUGES;;59.10;91.20;145.80;194.00;33.40
JANVILLE ALLAINES;PONT D AIN;;56.50;87.70;141.50;187.70;32.20
JANVILLE ALLAINES;POUILLY EN AUXOIS;;40.20;61.30;99.70;131.90;21.60
JANVILLE ALLAINES;REIMS TAISSY;;49.40;74.40;122.20;158.80;26.80
JANVILLE ALLAINES;REIMS TINQUEUX;;51.10;76.80;124.50;163.20;27.70
JANVILLE ALLAINES;REPLONGES;;51.20;79.00;127.70;169.80;28.90
JANVILLE ALLAINES;RIOM;;33.90;53.50;82.20;110.20;20.30
JANVILLE ALLAINES;ROBECOURT;;45.60;70.00;113.00;150.10;25.10
JANVILLE ALLAINES;ROMORANTIN;;15.70;24.10;37.20;48.40;9.80
JANVILLE ALLAINES;SAINT AIGNAN SUR CHER;;18.50;29.00;44.50;57.90;11.70
JANVILLE ALLAINES;SAINT AMAND;;22.20;35.60;54.40;71.20;13.50
JANVILLE ALLAINES;SAINT DENIS LES SENS;;28.00;42.40;69.80;88.90;14.50
JANVILLE ALLAINES;SAINT ETIENNE AU TEMPLE;;45.00;69.30;114.40;149.70;25.00
JANVILLE ALLAINES;SAINT GENIS;;55.70;85.70;136.00;180.20;31.20
JANVILLE ALLAINES;SAINT GERMAIN LAXIS;;33.40;50.80;83.20;108.10;18.00
JANVILLE ALLAINES;SAINT GIBRIEN;;44.20;67.40;110.70;144.60;24.30
JANVILLE ALLAINES;SAINT HILAIRE LES ANDRESIS;;21.50;32.40;53.80;67.20;11.00
JANVILLE ALLAINES;SAINT MARTIN DU FRESNE;;59.90;93.00;148.20;198.20;34.30
JANVILLE ALLAINES;SAINT MAURICE;;61.70;95.20;154.10;206.50;35.40
JANVILLE ALLAINES;SAINT THIBAULT;;33.90;51.60;85.30;111.40;18.40
JANVILLE ALLAINES;SAINTE MENEHOULD;;47.30;73.10;120.40;157.50;26.50
JANVILLE ALLAINES;SALBRIS;;11.60;17.40;29.10;38.60;7.40
JANVILLE ALLAINES;SAVIGNY SUR CLAIRIS;;22.10;32.60;54.60;70.10;11.30
JANVILLE ALLAINES;SELLES SUR CHER;;17.00;27.10;39.20;55.40;10.90
JANVILLE ALLAINES;SEURRE;;46.20;71.30;114.60;151.80;25.40
JANVILLE ALLAINES;SOIRANS;;47.60;72.60;119.60;157.10;26.70
JANVILLE ALLAINES;SOMMESOUS;;40.80;62.60;103.00;134.50;22.30
JANVILLE ALLAINES;ST GERMAIN LES VERGNES;;52.30;81.80;121.90;166.40;31.50
JANVILLE ALLAINES;ST JULIEN SANCY;;39.10;61.80;94.20;126.40;23.70
JANVILLE ALLAINES;SYLANS;;60.60;94.00;149.80;200.40;34.70
JANVILLE ALLAINES;THENNELIERES;;35.30;53.90;87.00;113.50;19.30
JANVILLE ALLAINES;TIL CHATEL;;45.50;68.80;112.80;149.80;24.90
JANVILLE ALLAINES;TORVILLIERS;;33.40;50.80;83.50;108.40;18.00
JANVILLE ALLAINES;TOURNUS;;48.20;74.20;119.40;157.40;26.70
JANVILLE ALLAINES;TOURS CENTRE MONNAIE;;17.90;28.40;44.10;58.30;11.30
JANVILLE ALLAINES;TULLE EST;;49.90;77.90;117.10;157.60;29.80
JANVILLE ALLAINES;TULLE NORD;;50.60;79.20;117.90;162.70;30.10
JANVILLE ALLAINES;URY;;30.10;45.40;74.70;95.40;15.80
JANVILLE ALLAINES;USSEL EST;;41.90;66.40;100.90;136.30;25.10
JANVILLE ALLAINES;USSEL OUEST;;44.00;68.40;104.50;141.80;26.40
JANVILLE ALLAINES;VAL DE SAONE;;58.50;88.40;143.60;191.30;32.50
JANVILLE ALLAINES;VALLEE DE L AUBE;;38.70;59.30;96.90;126.80;21.00
JANVILLE ALLAINES;VATRY;;41.60;63.30;103.10;135.90;22.50
JANVILLE ALLAINES;VEIGNE;;24.20;39.60;61.70;79.10;15.20
JANVILLE ALLAINES;VERDUN;;54.20;83.20;134.50;175.10;29.90
JANVILLE ALLAINES;VIERZON EST;;13.90;21.80;34.60;44.00;8.80
JANVILLE ALLAINES;VIERZON NORD;;13.80;21.70;34.00;43.60;8.70
JANVILLE ALLAINES;VILLE SOUS LA FERTE;;38.20;58.40;96.00;125.70;20.60
JANVILLE ALLAINES;VILLEFRANCHE NORD;;54.60;83.40;135.70;180.10;30.80
JANVILLE ALLAINES;VILLEFRANCHE LIMAS;;58.80;90.10;144.20;192.10;32.80
JANVILLE ALLAINES;VILLEFRANCHE VILLE;;55.20;85.00;136.50;181.20;31.10
JANVILLE ALLAINES;VILLENEUVE DONDAGRE;;26.70;40.40;66.90;85.30;13.80
JANVILLE ALLAINES;VIRIAT;;53.90;83.10;133.20;177.70;30.90
JANVILLE ALLAINES;VIRY;;70.90;110.90;176.60;236.30;41.10
JANVILLE ALLAINES;VOIE SACREE;;51.40;79.20;126.40;166.10;28.50
JANVILLE ALLAINES;VULAINES;;31.30;46.50;76.60;99.10;16.00
JANVILLE ALLAINES;VULCANIA BROMONT;;36.50;57.50;88.30;118.70;22.00
JARNY;ALLAINVILLE;;58.50;91.40;146.80;187.60;32.70
JARNY;ARTENAY;;54.40;84.20;134.80;173.70;30.20
JARNY;AUXY;;39.80;62.90;99.40;127.20;23.10
JARNY;BLERE;;71.20;111.00;176.60;226.20;40.40
JARNY;BLOIS;;61.30;95.10;151.90;195.30;34.30
JARNY;BOURGES;;68.10;105.70;169.20;218.00;38.40
JARNY;CHATEAU RENAULT;;64.20;99.20;157.50;204.00;36.30
JARNY;ESCRENNES;;44.30;69.60;111.90;142.60;25.50
JARNY;ESVRES;;72.50;113.20;180.40;230.40;40.90
JARNY;FONTENAY SUR LOING;;36.10;55.90;86.70;112.40;20.90
JARNY;GIDY;;54.90;85.00;135.70;174.80;30.40
JARNY;GONDREVILLE LA FRANCHE NORD;;37.90;59.10;90.90;116.60;21.40
JARNY;GONDREVILLE LA FRANCHE SUD;;42.40;65.90;101.60;130.80;24.20
JARNY;JANVILLE ALLAINES;;55.50;86.10;137.30;177.10;31.00
JARNY;LAMOTTE BEUVRON;;60.00;92.90;148.30;191.20;33.70
JARNY;MER;;59.90;91.90;146.60;188.70;33.50
JARNY;MEUNG;;57.80;89.30;141.30;182.80;32.20
JARNY;OLIVET;;56.60;87.60;139.80;179.20;31.70
JARNY;ORLEANS CENTRE;;55.90;86.70;138.00;176.80;31.10
JARNY;ORLEANS NORD;;55.10;85.30;136.00;175.10;30.70
JARNY;PARIS LA FOLIE BESSIN;;63.70;97.70;158.10;203.70;35.90
JARNY;ROMORANTIN;;65.60;102.20;161.90;208.90;36.60
JARNY;SAINT AIGNAN SUR CHER;;68.30;106.60;168.50;218.50;38.20
JARNY;SAINT HILAIRE LES ANDRESIS;;31.10;49.30;76.10;99.30;18.50
JARNY;SALBRIS;;61.60;95.90;152.70;198.10;34.50
JARNY;SAVIGNY SUR CLAIRIS;;30.10;47.70;73.30;95.90;18.00
JARNY;SELLES SUR CHER;;67.40;105.00;165.90;214.60;37.60
JARNY;TOURS CENTRE MONNAIE;;68.80;105.70;167.00;216.80;38.80
JARNY;VEIGNE;;74.70;116.70;186.30;238.50;42.10
JARNY;VIERZON EST;;64.50;99.50;160.00;205.70;36.30
JARNY;VIERZON NORD;;63.90;99.10;159.40;205.30;35.70
JOIGNY;ALLAINVILLE;;30.30;46.30;77.40;97.30;15.80
JOIGNY;ARTENAY;;26.20;39.10;65.40;83.40;13.30
JOIGNY;AUXY;;11.60;17.80;30.00;36.90;6.20
JOIGNY;BLERE;;43.00;65.90;107.20;135.90;23.50
JOIGNY;BLOIS;;33.10;50.00;82.50;105.00;17.40
JOIGNY;BOURGES;;39.90;60.60;99.80;127.70;21.50
JOIGNY;CHATEAU RENAULT;;36.00;54.10;88.10;113.70;19.40
JOIGNY;ESCRENNES;;16.10;24.50;42.50;52.30;8.60
JOIGNY;ESVRES;;44.30;68.10;111.00;140.10;24.00
JOIGNY;FONTENAY SUR LOING;;7.90;10.80;17.30;22.10;4.00
JOIGNY;GIDY;;26.70;39.90;66.30;84.50;13.50
JOIGNY;GONDREVILLE LA FRANCHE NORD;;9.70;14.00;21.50;26.30;4.50
JOIGNY;GONDREVILLE LA FRANCHE SUD;;14.20;20.80;32.20;40.50;7.30
JOIGNY;JANVILLE ALLAINES;;27.30;41.00;67.90;86.80;14.10
JOIGNY;LAMOTTE BEUVRON;;31.80;47.80;78.90;100.90;16.80
JOIGNY;MER;;31.70;46.80;77.20;98.40;16.60
JOIGNY;MEUNG;;29.60;44.20;71.90;92.50;15.30
JOIGNY;OLIVET;;28.40;42.50;70.40;88.90;14.80
JOIGNY;ORLEANS CENTRE;;27.70;41.60;68.60;86.50;14.20
JOIGNY;ORLEANS NORD;;26.90;40.20;66.60;84.80;13.80
JOIGNY;PARIS LA FOLIE BESSIN;;35.50;52.60;88.70;113.40;19.00
JOIGNY;ROMORANTIN;;37.40;57.10;92.50;118.60;19.70
JOIGNY;SAINT AIGNAN SUR CHER;;40.10;61.50;99.10;128.20;21.30
JOIGNY;SAINT HILAIRE LES ANDRESIS;;2.90;4.20;6.70;9.00;1.60
JOIGNY;SALBRIS;;33.40;50.80;83.30;107.80;17.60
JOIGNY;SAVIGNY SUR CLAIRIS;;1.90;2.60;3.90;5.60;1.10
JOIGNY;SELLES SUR CHER;;39.20;59.90;96.50;124.30;20.70
JOIGNY;TOURS CENTRE MONNAIE;;40.60;60.60;97.60;126.50;21.90
JOIGNY;VEIGNE;;46.50;71.60;116.90;148.20;25.20
JOIGNY;VIERZON EST;;36.30;54.40;90.60;115.40;19.40
JOIGNY;VIERZON NORD;;35.70;54.00;90.00;115.00;18.80
JOUE LES TOURS;TOURS CENTRE;;0.90;0.90;1.80;1.80;0.90
L ISLE SUR LE DOUBS;ALLAINVILLE;;60.00;93.20;151.10;199.20;33.80
L ISLE SUR LE DOUBS;ARTENAY;;55.90;86.00;139.10;185.30;31.30
L ISLE SUR LE DOUBS;AUXY;;41.30;64.70;103.70;138.80;24.20
L ISLE SUR LE DOUBS;BLERE;;72.70;112.80;180.90;237.80;41.50
L ISLE SUR LE DOUBS;BLOIS;;62.80;96.90;156.20;206.90;35.40
L ISLE SUR LE DOUBS;BOURGES;;69.60;107.50;173.50;229.60;39.50
L ISLE SUR LE DOUBS;CHATEAU RENAULT;;65.70;101.00;161.80;215.60;37.40
L ISLE SUR LE DOUBS;ESCRENNES;;45.80;71.40;116.20;154.20;26.60
L ISLE SUR LE DOUBS;ESVRES;;74.00;115.00;184.70;242.00;42.00
L ISLE SUR LE DOUBS;FONTENAY SUR LOING;;37.60;57.70;91.00;124.00;22.00
L ISLE SUR LE DOUBS;GIDY;;56.40;86.80;140.00;186.40;31.50
L ISLE SUR LE DOUBS;GONDREVILLE LA FRANCHE NORD;;39.40;60.90;95.20;128.20;22.50
L ISLE SUR LE DOUBS;GONDREVILLE LA FRANCHE SUD;;43.90;67.70;105.90;142.40;25.30
L ISLE SUR LE DOUBS;JANVILLE ALLAINES;;57.00;87.90;141.60;188.70;32.10
L ISLE SUR LE DOUBS;LAMOTTE BEUVRON;;61.50;94.70;152.60;202.80;34.80
L ISLE SUR LE DOUBS;MER;;61.40;93.70;150.90;200.30;34.60
L ISLE SUR LE DOUBS;MEUNG;;59.30;91.10;145.60;194.40;33.30
L ISLE SUR LE DOUBS;OLIVET;;58.10;89.40;144.10;190.80;32.80
L ISLE SUR LE DOUBS;ORLEANS CENTRE;;57.40;88.50;142.30;188.40;32.20
L ISLE SUR LE DOUBS;ORLEANS NORD;;56.60;87.10;140.30;186.70;31.80
L ISLE SUR LE DOUBS;PARIS LA FOLIE BESSIN;;65.20;99.50;162.40;215.30;37.00
L ISLE SUR LE DOUBS;ROMORANTIN;;67.10;104.00;166.20;220.50;37.70
L ISLE SUR LE DOUBS;SAINT AIGNAN SUR CHER;;69.80;108.40;172.80;230.10;39.30
L ISLE SUR LE DOUBS;SAINT HILAIRE LES ANDRESIS;;32.60;51.10;80.40;110.90;19.60
L ISLE SUR LE DOUBS;SALBRIS;;63.10;97.70;157.00;209.70;35.60
L ISLE SUR LE DOUBS;SAVIGNY SUR CLAIRIS;;31.60;49.50;77.60;107.50;19.10
L ISLE SUR LE DOUBS;SELLES SUR CHER;;68.90;106.80;170.20;226.20;38.70
L ISLE SUR LE DOUBS;TOURS CENTRE MONNAIE;;70.30;107.50;171.30;228.40;39.90
L ISLE SUR LE DOUBS;VEIGNE;;76.20;118.50;190.60;250.10;43.20
L ISLE SUR LE DOUBS;VIERZON EST;;66.00;101.30;164.30;217.30;37.40
L ISLE SUR LE DOUBS;VIERZON NORD;;65.40;100.90;163.70;216.90;36.80
LA BOISSE;ALLAINVILLE;;66.10;102.90;165.70;219.30;37.90
LA BOISSE;ARTENAY;;62.00;95.70;153.70;205.40;35.40
LA BOISSE;AUXY;;47.40;74.40;118.30;158.90;28.30
LA BOISSE;BLERE;;78.80;122.50;195.50;257.90;45.60
LA BOISSE;BLOIS;;68.90;106.60;170.80;227.00;39.50
LA BOISSE;BOURGES;;75.70;117.20;188.10;249.70;43.60
LA BOISSE;CHATEAU RENAULT;;71.80;110.70;176.40;235.70;41.50
LA BOISSE;ESCRENNES;;51.90;81.10;130.80;174.30;30.70
LA BOISSE;ESVRES;;80.10;124.70;199.30;262.10;46.10
LA BOISSE;FONTENAY SUR LOING;;43.70;67.40;105.60;144.10;26.10
LA BOISSE;GIDY;;62.50;96.50;154.60;206.50;35.60
LA BOISSE;GONDREVILLE LA FRANCHE NORD;;45.50;70.60;109.80;148.30;26.60
LA BOISSE;GONDREVILLE LA FRANCHE SUD;;50.00;77.40;120.50;162.50;29.40
LA BOISSE;JANVILLE ALLAINES;;63.10;97.60;156.20;208.80;36.20
LA BOISSE;LAMOTTE BEUVRON;;67.60;104.40;167.20;222.90;38.90
LA BOISSE;MER;;67.50;103.40;165.50;220.40;38.70
LA BOISSE;MEUNG;;65.40;100.80;160.20;214.50;37.40
LA BOISSE;OLIVET;;64.20;99.10;158.70;210.90;36.90
LA BOISSE;ORLEANS CENTRE;;63.50;98.20;156.90;208.50;36.30
LA BOISSE;ORLEANS NORD;;62.70;96.80;154.90;206.80;35.90
LA BOISSE;PARIS LA FOLIE BESSIN;;71.30;109.20;177.00;235.40;41.10
LA BOISSE;ROMORANTIN;;73.20;113.70;180.80;240.60;41.80
LA BOISSE;SAINT AIGNAN SUR CHER;;75.90;118.10;187.40;250.20;43.40
LA BOISSE;SAINT HILAIRE LES ANDRESIS;;38.70;60.80;95.00;131.00;23.70
LA BOISSE;SALBRIS;;69.20;107.40;171.60;229.80;39.70
LA BOISSE;SAVIGNY SUR CLAIRIS;;37.70;59.20;92.20;127.60;23.20
LA BOISSE;SELLES SUR CHER;;75.00;116.50;184.80;246.30;42.80
LA BOISSE;TOURS CENTRE MONNAIE;;76.40;117.20;185.90;248.50;44.00
LA BOISSE;VEIGNE;;82.30;128.20;205.20;270.20;47.30
LA BOISSE;VIERZON EST;;72.10;111.00;178.90;237.40;41.50
LA BOISSE;VIERZON NORD;;71.50;110.60;178.30;237.00;40.90
LA BOISSE MONTLUEL;ALLAINVILLE;;63.70;98.60;156.60;206.40;36.30
LA BOISSE MONTLUEL;ARTENAY;;59.60;91.40;144.60;192.50;33.80
LA BOISSE MONTLUEL;AUXY;;45.00;70.10;109.20;146.00;26.70
LA BOISSE MONTLUEL;BLERE;;76.40;118.20;186.40;245.00;44.00
LA BOISSE MONTLUEL;BLOIS;;66.50;102.30;161.70;214.10;37.90
LA BOISSE MONTLUEL;BOURGES;;73.30;112.90;179.00;236.80;42.00
LA BOISSE MONTLUEL;CHATEAU RENAULT;;69.40;106.40;167.30;222.80;39.90
LA BOISSE MONTLUEL;ESCRENNES;;49.50;76.80;121.70;161.40;29.10
LA BOISSE MONTLUEL;ESVRES;;77.70;120.40;190.20;249.20;44.50
LA BOISSE MONTLUEL;FONTENAY SUR LOING;;41.30;63.10;96.50;131.20;24.50
LA BOISSE MONTLUEL;GIDY;;60.10;92.20;145.50;193.60;34.00
LA BOISSE MONTLUEL;GONDREVILLE LA FRANCHE NORD;;43.10;66.30;100.70;135.40;25.00
LA BOISSE MONTLUEL;GONDREVILLE LA FRANCHE SUD;;47.60;73.10;111.40;149.60;27.80
LA BOISSE MONTLUEL;JANVILLE ALLAINES;;60.70;93.30;147.10;195.90;34.60
LA BOISSE MONTLUEL;LAMOTTE BEUVRON;;65.20;100.10;158.10;210.00;37.30
LA BOISSE MONTLUEL;MER;;65.10;99.10;156.40;207.50;37.10
LA BOISSE MONTLUEL;MEUNG;;63.00;96.50;151.10;201.60;35.80
LA BOISSE MONTLUEL;OLIVET;;61.80;94.80;149.60;198.00;35.30
LA BOISSE MONTLUEL;ORLEANS CENTRE;;61.10;93.90;147.80;195.60;34.70
LA BOISSE MONTLUEL;ORLEANS NORD;;60.30;92.50;145.80;193.90;34.30
LA BOISSE MONTLUEL;PARIS LA FOLIE BESSIN;;68.90;104.90;167.90;222.50;39.50
LA BOISSE MONTLUEL;ROMORANTIN;;70.80;109.40;171.70;227.70;40.20
LA BOISSE MONTLUEL;SAINT AIGNAN SUR CHER;;73.50;113.80;178.30;237.30;41.80
LA BOISSE MONTLUEL;SAINT HILAIRE LES ANDRESIS;;36.30;56.50;85.90;118.10;22.10
LA BOISSE MONTLUEL;SALBRIS;;66.80;103.10;162.50;216.90;38.10
LA BOISSE MONTLUEL;SAVIGNY SUR CLAIRIS;;35.30;54.90;83.10;114.70;21.60
LA BOISSE MONTLUEL;SELLES SUR CHER;;72.60;112.20;175.70;233.40;41.20
LA BOISSE MONTLUEL;TOURS CENTRE MONNAIE;;74.00;112.90;176.80;235.60;42.40
LA BOISSE MONTLUEL;VEIGNE;;79.90;123.90;196.10;257.30;45.70
LA BOISSE MONTLUEL;VIERZON EST;;69.70;106.70;169.80;224.50;39.90
LA BOISSE MONTLUEL;VIERZON NORD;;69.10;106.30;169.20;224.10;39.30
LA COTIERE;ALLAINVILLE;;64.50;99.80;160.90;210.80;37.00
LA COTIERE;ARTENAY;;60.40;92.60;148.90;196.90;34.50
LA COTIERE;AUXY;;45.80;71.30;113.50;150.40;27.40
LA COTIERE;BLERE;;77.20;119.40;190.70;249.40;44.70
LA COTIERE;BLOIS;;67.30;103.50;166.00;218.50;38.60
LA COTIERE;BOURGES;;74.10;114.10;183.30;241.20;42.70
LA COTIERE;CHATEAU RENAULT;;70.20;107.60;171.60;227.20;40.60
LA COTIERE;ESCRENNES;;50.30;78.00;126.00;165.80;29.80
LA COTIERE;ESVRES;;78.50;121.60;194.50;253.60;45.20
LA COTIERE;FONTENAY SUR LOING;;42.10;64.30;100.80;135.60;25.20
LA COTIERE;GIDY;;60.90;93.40;149.80;198.00;34.70
LA COTIERE;GONDREVILLE LA FRANCHE NORD;;43.90;67.50;105.00;139.80;25.70
LA COTIERE;GONDREVILLE LA FRANCHE SUD;;48.40;74.30;115.70;154.00;28.50
LA COTIERE;JANVILLE ALLAINES;;61.50;94.50;151.40;200.30;35.30
LA COTIERE;LAMOTTE BEUVRON;;66.00;101.30;162.40;214.40;38.00
LA COTIERE;MER;;65.90;100.30;160.70;211.90;37.80
LA COTIERE;MEUNG;;63.80;97.70;155.40;206.00;36.50
LA COTIERE;OLIVET;;62.60;96.00;153.90;202.40;36.00
LA COTIERE;ORLEANS CENTRE;;61.90;95.10;152.10;200.00;35.40
LA COTIERE;ORLEANS NORD;;61.10;93.70;150.10;198.30;35.00
LA COTIERE;PARIS LA FOLIE BESSIN;;69.70;106.10;172.20;226.90;40.20
LA COTIERE;ROMORANTIN;;71.60;110.60;176.00;232.10;40.90
LA COTIERE;SAINT AIGNAN SUR CHER;;74.30;115.00;182.60;241.70;42.50
LA COTIERE;SAINT HILAIRE LES ANDRESIS;;37.10;57.70;90.20;122.50;22.80
LA COTIERE;SALBRIS;;67.60;104.30;166.80;221.30;38.80
LA COTIERE;SAVIGNY SUR CLAIRIS;;36.10;56.10;87.40;119.10;22.30
LA COTIERE;SELLES SUR CHER;;73.40;113.40;180.00;237.80;41.90
LA COTIERE;TOURS CENTRE MONNAIE;;74.80;114.10;181.10;240.00;43.10
LA COTIERE;VEIGNE;;80.70;125.10;200.40;261.70;46.40
LA COTIERE;VIERZON EST;;70.50;107.90;174.10;228.90;40.60
LA COTIERE;VIERZON NORD;;69.90;107.50;173.50;228.50;40.00
LA CROIX CHALON;ALLAINVILLE;;63.20;98.40;159.20;210.50;36.00
LA CROIX CHALON;ARTENAY;;59.10;91.20;147.20;196.60;33.50
LA CROIX CHALON;AUXY;;44.50;69.90;111.80;150.10;26.40
LA CROIX CHALON;BLERE;;75.90;118.00;189.00;249.10;43.70
LA CROIX CHALON;BLOIS;;66.00;102.10;164.30;218.20;37.60
LA CROIX CHALON;BOURGES;;72.80;112.70;181.60;240.90;41.70
LA CROIX CHALON;CHATEAU RENAULT;;68.90;106.20;169.90;226.90;39.60
LA CROIX CHALON;ESCRENNES;;49.00;76.60;124.30;165.50;28.80
LA CROIX CHALON;ESVRES;;77.20;120.20;192.80;253.30;44.20
LA CROIX CHALON;FONTENAY SUR LOING;;40.80;62.90;99.10;135.30;24.20
LA CROIX CHALON;GIDY;;59.60;92.00;148.10;197.70;33.70
LA CROIX CHALON;GONDREVILLE LA FRANCHE NORD;;42.60;66.10;103.30;139.50;24.70
LA CROIX CHALON;GONDREVILLE LA FRANCHE SUD;;47.10;72.90;114.00;153.70;27.50
LA CROIX CHALON;JANVILLE ALLAINES;;60.20;93.10;149.70;200.00;34.30
LA CROIX CHALON;LAMOTTE BEUVRON;;64.70;99.90;160.70;214.10;37.00
LA CROIX CHALON;MER;;64.60;98.90;159.00;211.60;36.80
LA CROIX CHALON;MEUNG;;62.50;96.30;153.70;205.70;35.50
LA CROIX CHALON;OLIVET;;61.30;94.60;152.20;202.10;35.00
LA CROIX CHALON;ORLEANS CENTRE;;60.60;93.70;150.40;199.70;34.40
LA CROIX CHALON;ORLEANS NORD;;59.80;92.30;148.40;198.00;34.00
LA CROIX CHALON;PARIS LA FOLIE BESSIN;;68.40;104.70;170.50;226.60;39.20
LA CROIX CHALON;ROMORANTIN;;70.30;109.20;174.30;231.80;39.90
LA CROIX CHALON;SAINT AIGNAN SUR CHER;;73.00;113.60;180.90;241.40;41.50
LA CROIX CHALON;SAINT HILAIRE LES ANDRESIS;;35.80;56.30;88.50;122.20;21.80
LA CROIX CHALON;SALBRIS;;66.30;102.90;165.10;221.00;37.80
LA CROIX CHALON;SAVIGNY SUR CLAIRIS;;34.80;54.70;85.70;118.80;21.30
LA CROIX CHALON;SELLES SUR CHER;;72.10;112.00;178.30;237.50;40.90
LA CROIX CHALON;TOURS CENTRE MONNAIE;;73.50;112.70;179.40;239.70;42.10
LA CROIX CHALON;VEIGNE;;79.40;123.70;198.70;261.40;45.40
LA CROIX CHALON;VIERZON EST;;69.20;106.50;172.40;228.60;39.60
LA CROIX CHALON;VIERZON NORD;;68.60;106.10;171.80;228.20;39.00
LA FERTE BERNARD;ABLIS;;11.10;17.80;27.60;37.80;6.60
LA FERTE BERNARD;ALENCON NORD;;9.30;16.00;24.50;32.80;5.60
LA FERTE BERNARD;ALENCON SUD;;8.60;14.80;22.80;31.40;5.30
LA FERTE BERNARD;PEAGE DE CORZE;;15.70;23.60;37.50;45.00;9.30
LA FERTE BERNARD;ARGENTAN;;20.10;34.70;52.10;69.20;12.00
LA FERTE BERNARD;AUVOURS LE MANS ZI SUD;;4.80;7.50;12.10;16.30;3.50
LA FERTE BERNARD;BEAUFORT EN VALLEE;;15.00;23.40;35.00;43.60;9.20
LA FERTE BERNARD;BEAUMONT SUR SARTHE;;6.90;11.20;17.10;22.60;4.30
LA FERTE BERNARD;BERNAY;;29.40;48.30;72.90;99.30;18.00
LA FERTE BERNARD;BOURGUEIL;;19.60;29.40;45.90;57.40;12.00
LA FERTE BERNARD;BRIONNE;;35.00;57.60;83.30;112.20;21.70
LA FERTE BERNARD;BROU;;2.60;4.00;5.90;7.00;1.40
LA FERTE BERNARD;CHARTRES EST;;7.80;13.90;21.30;27.30;4.60
LA FERTE BERNARD;CHARTRES THIVARS;;6.10;9.60;16.90;19.80;4.00
LA FERTE BERNARD;CHATEAU DU LOIR MONTABON;;8.90;13.80;23.00;31.00;5.60
LA FERTE BERNARD;CONNERRE;;2.50;4.00;6.40;8.50;1.70
LA FERTE BERNARD;DURTAL;;10.60;16.10;26.70;32.10;6.40
LA FERTE BERNARD;ECOMMOY;;7.10;11.50;18.60;24.00;4.40
LA FERTE BERNARD;EVRON;;11.40;18.10;29.00;39.90;6.90
LA FERTE BERNARD;GACE;;20.00;33.40;48.90;65.50;12.40
LA FERTE BERNARD;ILLIERS COMBRAY;;5.20;7.00;12.20;13.90;3.00
LA FERTE BERNARD;LAVAL EST;;13.50;21.10;33.60;45.80;8.20
LA FERTE BERNARD;LAVAL OUEST;;14.50;23.00;36.60;48.10;8.70
LA FERTE BERNARD;LE MANS CENTRE UNIVERSITE;;5.50;8.20;14.70;16.90;3.40
LA FERTE BERNARD;LE MANS SUD;;6.50;9.90;17.20;20.40;4.00
LA FERTE BERNARD;LE MANS ZI NORD;;5.30;8.00;12.10;14.60;3.30
LA FERTE BERNARD;LONGUE JUMELLES;;16.00;24.50;37.70;46.50;9.80
LA FERTE BERNARD;ORBEC;;25.00;41.70;61.60;82.80;15.50
LA FERTE BERNARD;PARIGNE L EVEQUE;;5.50;8.50;12.90;17.00;3.70
LA FERTE BERNARD;PARIS LA FOLIE BESSIN;;16.20;24.70;37.70;53.00;10.00
LA FERTE BERNARD;RESTIGNE;;23.60;35.50;53.70;68.80;14.30
LA FERTE BERNARD;ROUMOIS;;44.40;72.10;103.10;141.10;26.20
LA FERTE BERNARD;SABLE LA FLECHE;;9.60;14.20;23.70;29.30;5.60
LA FERTE BERNARD;SAUMUR VIVY;;17.40;27.00;42.30;52.20;10.80
LA FERTE BERNARD;SEES;;16.00;27.00;40.20;53.70;9.70
LA FERTE BERNARD;SEICHES;;13.30;19.90;31.30;38.40;7.80
LA FERTE BERNARD;SILLE LE GUILLAUME MAMERS;;7.50;12.60;19.00;25.60;4.70
LA FERTE BERNARD;SILLE LE GUILLAUME SABLE;;7.80;13.40;21.30;27.70;5.10
LA FERTE BERNARD;TOURS CENTRE SAINT CHRISTOPHE;;13.50;23.20;37.00;46.70;8.60
LA FERTE BERNARD;VITRE LA GRAVELLE;;16.60;26.80;38.50;58.80;10.20
LA ROCHE SUR YON;CHATELLERAULT NORD;;20.80;32.00;47.30;62.60;13.30
LA ROCHE SUR YON;CHATELLERAULT SUD;;20.00;30.40;42.60;57.90;12.30
LA ROCHE SUR YON;FUTUROSCOPE;;17.80;27.20;38.80;52.10;11.10
LA ROCHE SUR YON;POITIERS NORD;;17.10;26.40;37.00;50.30;10.80
LA ROCHE SUR YON;POITIERS SUD;;16.00;24.20;33.80;47.00;10.00
LA ROCHE SUR YON;SAINTE MAURE;;24.20;37.40;54.30;74.40;15.30
LA ROCHE SUR YON;TOURS CENTRE SORIGNY;;30.90;46.20;69.10;94.30;19.10
LA ROCHELLE NIORT SUD;CHATELLERAULT NORD;;12.90;19.70;28.90;37.20;7.90
LA ROCHELLE NIORT SUD;CHATELLERAULT SUD;;12.10;18.10;24.20;32.50;6.90
LA ROCHELLE NIORT SUD;FUTUROSCOPE;;9.90;14.90;20.40;26.70;5.70
LA ROCHELLE NIORT SUD;POITIERS NORD;;9.20;14.10;18.60;24.90;5.40
LA ROCHELLE NIORT SUD;POITIERS SUD;;8.10;11.90;15.40;21.60;4.60
LA ROCHELLE NIORT SUD;SAINTE MAURE;;16.30;25.10;35.90;49.00;9.90
LA ROCHELLE NIORT SUD;TOURS CENTRE SORIGNY;;23.00;33.90;50.70;68.90;13.70
LA VERRIE;CHATELLERAULT NORD;;21.50;34.40;50.40;65.00;13.50
LA VERRIE;CHATELLERAULT SUD;;20.70;32.80;45.70;60.30;12.50
LA VERRIE;FUTUROSCOPE;;18.50;29.60;41.90;54.50;11.30
LA VERRIE;POITIERS NORD;;17.80;28.80;40.10;52.70;11.00
LA VERRIE;POITIERS SUD;;16.70;26.60;36.90;49.40;10.20
LA VERRIE;SAINTE MAURE;;24.90;39.80;57.40;76.80;15.50
LA VERRIE;TOURS CENTRE SORIGNY;;31.60;48.60;72.20;96.70;19.30
LAMOTTE BEUVRON;ALLAINVILLE;;13.30;21.10;32.50;42.20;8.10
LAMOTTE BEUVRON;AMBERIEU EN BUGEY;;62.70;95.90;154.00;204.80;35.50
LAMOTTE BEUVRON;ARLAY;;56.80;87.70;142.70;188.00;31.80
LAMOTTE BEUVRON;ARTENAY;;7.30;12.20;19.50;27.00;4.70
LAMOTTE BEUVRON;AUXERRE NORD;;34.60;52.30;86.30;110.80;18.30
LAMOTTE BEUVRON;AUXERRE SUD;;34.60;52.30;86.30;110.80;18.30
LAMOTTE BEUVRON;AUXY;;17.40;25.60;42.40;54.50;9.10
LAMOTTE BEUVRON;AVALLON;;38.80;59.00;97.30;126.50;21.20
LAMOTTE BEUVRON;BALAN;;63.60;98.00;156.80;208.10;36.10
LAMOTTE BEUVRON;BARRIERE DE MONTREUIL AUX LIONS;;63.80;95.80;153.90;201.00;35.50
LAMOTTE BEUVRON;BAUME LES DAMES;;59.90;92.40;149.10;198.20;34.00
LAMOTTE BEUVRON;BEAUMONT;;64.10;97.20;156.70;204.30;35.20
LAMOTTE BEUVRON;BEAUNE NORD;;47.30;72.80;118.10;154.20;26.30
LAMOTTE BEUVRON;BEAUNE SUD;;48.60;74.30;120.70;158.30;26.90
LAMOTTE BEUVRON;BEAUPONT;;60.10;92.90;150.60;199.60;34.30
LAMOTTE BEUVRON;BEAUREPAIRE;;58.00;89.40;144.80;192.50;32.50
LAMOTTE BEUVRON;BELLEGARDE;;69.60;107.70;172.50;230.20;39.90
LAMOTTE BEUVRON;BELLEVILLE SUR SAONE;;58.10;89.30;143.40;190.10;32.50
LAMOTTE BEUVRON;BERSAILLIN;;56.60;86.20;141.20;186.30;31.70
LAMOTTE BEUVRON;BESANCON EST;;57.10;88.80;143.60;190.80;32.30
LAMOTTE BEUVRON;BESANCON NORD;;57.10;87.70;142.00;187.80;31.90
LAMOTTE BEUVRON;BESANCON OUEST;;57.10;87.10;141.50;186.70;31.80
LAMOTTE BEUVRON;BEYNOST;;66.10;102.10;163.00;217.10;38.10
LAMOTTE BEUVRON;BIERRE LES SEMUR;;40.90;61.90;101.90;132.80;22.40
LAMOTTE BEUVRON;BLERE;;12.90;19.40;30.40;40.50;7.90
LAMOTTE BEUVRON;BLOIS;;11.00;16.40;27.50;34.60;6.10
LAMOTTE BEUVRON;BOURG NORD;;58.30;89.80;143.60;190.80;32.90
LAMOTTE BEUVRON;BOURG SUD;;59.60;92.10;147.70;196.00;34.30
LAMOTTE BEUVRON;BOURGES;;7.40;11.80;20.00;23.50;4.10
LAMOTTE BEUVRON;BULGNEVILLE;;51.60;79.10;127.40;169.10;28.50
LAMOTTE BEUVRON;CHALON CENTRE;;51.00;78.50;125.70;165.70;28.20
LAMOTTE BEUVRON;CHALON NORD;;51.00;78.50;125.70;165.70;28.20
LAMOTTE BEUVRON;CHALON SUD;;51.00;78.50;125.70;165.70;28.20
LAMOTTE BEUVRON;CHALONS LA VEUVE;;50.10;75.80;125.00;161.20;27.60
LAMOTTE BEUVRON;CHARMONT;;42.00;64.00;104.70;136.70;22.90
LAMOTTE BEUVRON;CHATEAU RENAULT;;13.30;21.00;34.80;44.60;8.00
LAMOTTE BEUVRON;CHATEAU THIERRY;;59.00;88.80;143.70;189.10;32.70
LAMOTTE BEUVRON;CHATENOIS;;52.20;79.80;129.20;171.10;29.10
LAMOTTE BEUVRON;CHATILLON LABORDE;;37.90;57.60;94.20;122.20;20.70
LAMOTTE BEUVRON;CHAUMONT SEMOUTIERS;;44.60;67.90;111.10;145.70;24.40
LAMOTTE BEUVRON;CHOISEY;;53.40;81.40;132.60;175.00;29.60
LAMOTTE BEUVRON;CLERMONT;;26.20;40.20;66.80;89.00;15.10
LAMOTTE BEUVRON;CLERMONT EN ARGONNE;;53.40;82.50;133.60;174.00;30.10
LAMOTTE BEUVRON;COLOMBEY LES BELLES;;55.00;83.70;135.60;180.80;30.40
LAMOTTE BEUVRON;COMBRONDE;;21.50;32.90;53.80;71.00;12.20
LAMOTTE BEUVRON;COURTENAY;;30.10;45.40;75.40;95.80;15.80
LAMOTTE BEUVRON;CRIMOLOIS;;52.20;79.50;129.70;170.10;29.10
LAMOTTE BEUVRON;DEUX CHAISES;;17.90;28.10;46.30;60.40;10.40
LAMOTTE BEUVRON;DIJON SUD;;51.20;78.90;127.00;167.30;28.30
LAMOTTE BEUVRON;DIJON ARC SUR TILLE;;52.90;81.30;130.90;172.70;29.40
LAMOTTE BEUVRON;DOLE;;53.40;81.40;132.60;175.00;29.60
LAMOTTE BEUVRON;DORMANS;;56.20;85.20;138.00;180.40;31.40
LAMOTTE BEUVRON;EGLETONS;;36.00;55.40;84.90;115.30;21.00
LAMOTTE BEUVRON;ELOISE ANNECY;;71.00;110.20;175.90;235.20;40.90
LAMOTTE BEUVRON;EPERNAY;;53.70;80.70;131.80;171.20;29.20
LAMOTTE BEUVRON;ESCRENNES;;12.90;19.60;30.40;40.60;7.10
LAMOTTE BEUVRON;ESVRES;;14.40;22.10;35.80;46.40;8.80
LAMOTTE BEUVRON;FEILLENS;;55.70;85.80;138.70;183.90;31.60
LAMOTTE BEUVRON;FLEURY EN BIERE;;36.50;55.50;90.60;116.70;19.60
LAMOTTE BEUVRON;FONTAINEBLEAU;;33.80;51.10;84.40;107.30;18.00
LAMOTTE BEUVRON;FONTENAY SUR LOING;;21.20;32.80;56.40;70.60;11.30
LAMOTTE BEUVRON;FORET DE TRONCAIS;;13.80;21.70;34.80;43.80;7.90
LAMOTTE BEUVRON;FORGES;;35.50;53.30;87.60;113.30;18.60
LAMOTTE BEUVRON;FRESNES EN WOEVRE;;58.70;90.00;145.50;189.20;32.60
LAMOTTE BEUVRON;GANNAT;;21.20;32.80;53.00;70.30;12.10
LAMOTTE BEUVRON;GENDREY;;54.50;83.70;136.10;180.40;30.70
LAMOTTE BEUVRON;GERZAT;;23.10;35.80;57.40;74.60;13.30
LAMOTTE BEUVRON;GIDY;;5.90;9.00;14.50;19.00;3.80
LAMOTTE BEUVRON;GONDREVILLE LA FRANCHE NORD;;20.90;30.30;51.00;66.10;10.80
LAMOTTE BEUVRON;GONDREVILLE LA FRANCHE SUD;;25.40;37.10;61.70;80.30;13.60
LAMOTTE BEUVRON;GROISSIAT;;66.50;102.70;165.10;219.90;38.30
LAMOTTE BEUVRON;GYE;;57.30;87.00;139.90;186.20;31.70
LAMOTTE BEUVRON;JANVILLE ALLAINES;;8.80;14.30;22.20;29.90;5.50
LAMOTTE BEUVRON;JARNY;;60.00;92.90;148.30;191.20;33.70
LAMOTTE BEUVRON;JOIGNY;;31.80;47.80;78.90;100.90;16.80
LAMOTTE BEUVRON;L ISLE SUR LE DOUBS;;61.50;94.70;152.60;202.80;34.80
LAMOTTE BEUVRON;LA BOISSE;;67.60;104.40;167.20;222.90;38.90
LAMOTTE BEUVRON;LA BOISSE MONTLUEL;;65.20;100.10;158.10;210.00;37.30
LAMOTTE BEUVRON;LA COTIERE;;66.00;101.30;162.40;214.40;38.00
LAMOTTE BEUVRON;LA CROIX CHALON;;64.70;99.90;160.70;214.10;37.00
LAMOTTE BEUVRON;LANGRES NORD;;46.70;70.70;113.90;150.70;25.60
LAMOTTE BEUVRON;LANGRES SUD;;47.50;72.10;116.70;153.60;26.30
LAMOTTE BEUVRON;LE MIROIR;;59.10;90.90;147.30;194.80;33.40
LAMOTTE BEUVRON;LES EPRUNES;;39.00;59.90;98.10;128.10;21.60
LAMOTTE BEUVRON;MACON NORD;;55.60;85.40;136.70;181.00;31.20
LAMOTTE BEUVRON;MACON SUD;;56.50;86.90;139.20;184.20;31.70
LAMOTTE BEUVRON;MAGNANT;;41.10;62.40;101.80;133.50;22.40
LAMOTTE BEUVRON;MANZAT;;23.10;36.20;57.50;75.30;13.40
LAMOTTE BEUVRON;MAROLLES SUR SEINE;;35.50;53.30;87.60;113.30;18.60
LAMOTTE BEUVRON;MER;;8.30;13.50;22.00;29.00;4.90
LAMOTTE BEUVRON;MEUNG;;6.40;9.50;15.50;20.30;3.90
LAMOTTE BEUVRON;MONT CHOISY;;47.60;72.90;120.00;155.90;26.50
LAMOTTE BEUVRON;MONTIGNY LE ROI;;48.40;73.20;119.20;157.60;26.70
LAMOTTE BEUVRON;MONTLUCON;;16.20;25.30;40.70;53.00;9.20
LAMOTTE BEUVRON;MONTMARAULT;;17.50;27.40;44.90;59.10;10.00
LAMOTTE BEUVRON;MONTREUIL AUX LIONS;;61.60;92.30;148.50;192.60;34.00
LAMOTTE BEUVRON;NEMOURS;;33.80;51.10;84.40;107.30;18.00
LAMOTTE BEUVRON;NITRY;;36.90;55.90;91.70;119.30;19.80
LAMOTTE BEUVRON;NUITS SAINT GEORGES;;49.50;75.90;123.40;162.20;27.40
LAMOTTE BEUVRON;OLIVET;;2.80;4.10;6.90;8.70;1.80
LAMOTTE BEUVRON;ORLEANS CENTRE;;3.80;6.10;9.80;10.80;2.40
LAMOTTE BEUVRON;ORLEANS NORD;;5.60;8.20;13.30;17.40;3.70
LAMOTTE BEUVRON;ORMES;;55.20;82.80;134.90;175.30;30.00
LAMOTTE BEUVRON;PARIS LA FOLIE BESSIN;;17.90;26.80;43.60;58.00;11.20
LAMOTTE BEUVRON;PEROUGES;;63.60;98.00;156.80;208.10;36.10
LAMOTTE BEUVRON;PONT D AIN;;61.00;94.50;152.50;201.80;34.90
LAMOTTE BEUVRON;POUILLY EN AUXOIS;;44.70;68.10;110.70;146.00;24.30
LAMOTTE BEUVRON;REIMS TAISSY;;53.90;81.20;133.20;172.90;29.50
LAMOTTE BEUVRON;REIMS TINQUEUX;;55.60;83.60;135.50;177.30;30.40
LAMOTTE BEUVRON;REPLONGES;;55.70;85.80;138.70;183.90;31.60
LAMOTTE BEUVRON;RIOM;;22.90;35.60;56.80;74.40;13.10
LAMOTTE BEUVRON;ROBECOURT;;50.10;76.80;124.00;164.20;27.80
LAMOTTE BEUVRON;ROMORANTIN;;5.70;8.30;11.80;18.30;3.90
LAMOTTE BEUVRON;SAINT AIGNAN SUR CHER;;9.00;13.90;20.90;30.00;5.80
LAMOTTE BEUVRON;SAINT AMAND;;11.20;17.70;29.00;35.40;6.30
LAMOTTE BEUVRON;SAINT DENIS LES SENS;;32.50;49.20;80.80;103.00;17.20
LAMOTTE BEUVRON;SAINT ETIENNE AU TEMPLE;;49.50;76.10;125.40;163.80;27.70
LAMOTTE BEUVRON;SAINT GENIS;;60.20;92.50;147.00;194.30;33.90
LAMOTTE BEUVRON;SAINT GERMAIN LAXIS;;37.90;57.60;94.20;122.20;20.70
LAMOTTE BEUVRON;SAINT GIBRIEN;;48.70;74.20;121.70;158.70;27.00
LAMOTTE BEUVRON;SAINT HILAIRE LES ANDRESIS;;26.00;39.20;64.80;81.30;13.70
LAMOTTE BEUVRON;SAINT MARTIN DU FRESNE;;64.40;99.80;159.20;212.30;37.00
LAMOTTE BEUVRON;SAINT MAURICE;;66.20;102.00;165.10;220.60;38.10
LAMOTTE BEUVRON;SAINT THIBAULT;;38.40;58.40;96.30;125.50;21.10
LAMOTTE BEUVRON;SAINTE MENEHOULD;;51.80;79.90;131.40;171.60;29.20
LAMOTTE BEUVRON;SALBRIS;;1.40;2.40;3.00;4.90;0.80
LAMOTTE BEUVRON;SAVIGNY SUR CLAIRIS;;26.60;39.40;65.60;84.20;14.00
LAMOTTE BEUVRON;SELLES SUR CHER;;7.60;11.60;16.70;25.60;4.90
LAMOTTE BEUVRON;SEURRE;;50.70;78.10;125.60;165.90;28.10
LAMOTTE BEUVRON;SOIRANS;;52.10;79.40;130.60;171.20;29.40
LAMOTTE BEUVRON;SOMMESOUS;;45.30;69.40;114.00;148.60;25.00
LAMOTTE BEUVRON;ST GERMAIN LES VERGNES;;41.30;63.90;96.50;130.60;24.30
LAMOTTE BEUVRON;ST JULIEN SANCY;;28.10;43.90;68.80;90.60;16.50
LAMOTTE BEUVRON;SYLANS;;65.10;100.80;160.80;214.50;37.40
LAMOTTE BEUVRON;THENNELIERES;;39.80;60.70;98.00;127.60;22.00
LAMOTTE BEUVRON;TIL CHATEL;;50.00;75.60;123.80;163.90;27.60
LAMOTTE BEUVRON;TORVILLIERS;;37.90;57.60;94.50;122.50;20.70
LAMOTTE BEUVRON;TOURNUS;;52.70;81.00;130.40;171.50;29.40
LAMOTTE BEUVRON;TOURS CENTRE MONNAIE;;18.20;28.50;45.00;58.70;10.80
LAMOTTE BEUVRON;TULLE EST;;38.90;60.00;91.70;121.80;22.60
LAMOTTE BEUVRON;TULLE NORD;;39.60;61.30;92.50;126.90;22.90
LAMOTTE BEUVRON;URY;;34.60;52.20;85.70;109.50;18.50
LAMOTTE BEUVRON;USSEL EST;;30.90;48.50;75.50;100.50;17.90
LAMOTTE BEUVRON;USSEL OUEST;;33.00;50.50;79.10;106.00;19.20
LAMOTTE BEUVRON;VAL DE SAONE;;63.00;95.20;154.60;205.40;35.20
LAMOTTE BEUVRON;VALLEE DE L AUBE;;43.20;66.10;107.90;140.90;23.70
LAMOTTE BEUVRON;VATRY;;46.10;70.10;114.10;150.00;25.20
LAMOTTE BEUVRON;VEIGNE;;16.60;25.70;39.30;51.70;9.50
LAMOTTE BEUVRON;VERDUN;;58.70;90.00;145.50;189.20;32.60
LAMOTTE BEUVRON;VIERZON EST;;3.40;5.90;9.30;10.00;2.40
LAMOTTE BEUVRON;VIERZON NORD;;3.30;5.80;8.60;9.70;2.30
LAMOTTE BEUVRON;VILLE SOUS LA FERTE;;42.70;65.20;107.00;139.80;23.30
LAMOTTE BEUVRON;VILLEFRANCHE NORD;;59.10;90.20;146.70;194.20;33.50
LAMOTTE BEUVRON;VILLEFRANCHE LIMAS;;63.30;96.90;155.20;206.20;35.50
LAMOTTE BEUVRON;VILLEFRANCHE VILLE;;59.70;91.80;147.50;195.30;33.80
LAMOTTE BEUVRON;VILLENEUVE DONDAGRE;;31.20;47.20;77.90;99.40;16.50
LAMOTTE BEUVRON;VIRIAT;;58.40;89.90;144.20;191.80;33.60
LAMOTTE BEUVRON;VIRY;;75.40;117.70;187.60;250.40;43.80
LAMOTTE BEUVRON;VOIE SACREE;;55.90;86.00;137.40;180.20;31.20
LAMOTTE BEUVRON;VULAINES;;35.80;53.30;87.60;113.20;18.70
LAMOTTE BEUVRON;VULCANIA BROMONT;;25.50;39.60;62.90;82.90;14.80
LANGRES NORD;ALLAINVILLE;;45.20;69.20;112.40;147.10;24.60
LANGRES NORD;ARTENAY;;41.10;62.00;100.40;133.20;22.10
LANGRES NORD;AUXY;;26.50;40.70;65.00;86.70;15.00
LANGRES NORD;BLERE;;57.90;88.80;142.20;185.70;32.30
LANGRES NORD;BLOIS;;48.00;72.90;117.50;154.80;26.20
LANGRES NORD;BOURGES;;54.80;83.50;134.80;177.50;30.30
LANGRES NORD;CHATEAU RENAULT;;50.90;77.00;123.10;163.50;28.20
LANGRES NORD;ESCRENNES;;31.00;47.40;77.50;102.10;17.40
LANGRES NORD;ESVRES;;59.20;91.00;146.00;189.90;32.80
LANGRES NORD;FONTENAY SUR LOING;;22.80;33.70;52.30;71.90;12.80
LANGRES NORD;GIDY;;41.60;62.80;101.30;134.30;22.30
LANGRES NORD;GONDREVILLE LA FRANCHE NORD;;24.60;36.90;56.50;76.10;13.30
LANGRES NORD;GONDREVILLE LA FRANCHE SUD;;29.10;43.70;67.20;90.30;16.10
LANGRES NORD;JANVILLE ALLAINES;;42.20;63.90;102.90;136.60;22.90
LANGRES NORD;LAMOTTE BEUVRON;;46.70;70.70;113.90;150.70;25.60
LANGRES NORD;MER;;46.60;69.70;112.20;148.20;25.40
LANGRES NORD;MEUNG;;44.50;67.10;106.90;142.30;24.10
LANGRES NORD;OLIVET;;43.30;65.40;105.40;138.70;23.60
LANGRES NORD;ORLEANS CENTRE;;42.60;64.50;103.60;136.30;23.00
LANGRES NORD;ORLEANS NORD;;41.80;63.10;101.60;134.60;22.60
LANGRES NORD;PARIS LA FOLIE BESSIN;;50.40;75.50;123.70;163.20;27.80
LANGRES NORD;ROMORANTIN;;52.30;80.00;127.50;168.40;28.50
LANGRES NORD;SAINT AIGNAN SUR CHER;;55.00;84.40;134.10;178.00;30.10
LANGRES NORD;SAINT HILAIRE LES ANDRESIS;;17.80;27.10;41.70;58.80;10.40
LANGRES NORD;SALBRIS;;48.30;73.70;118.30;157.60;26.40
LANGRES NORD;SAVIGNY SUR CLAIRIS;;16.80;25.50;38.90;55.40;9.90
LANGRES NORD;SELLES SUR CHER;;54.10;82.80;131.50;174.10;29.50
LANGRES NORD;TOURS CENTRE MONNAIE;;55.50;83.50;132.60;176.30;30.70
LANGRES NORD;VEIGNE;;61.40;94.50;151.90;198.00;34.00
LANGRES NORD;VIERZON EST;;51.20;77.30;125.60;165.20;28.20
LANGRES NORD;VIERZON NORD;;50.60;76.90;125.00;164.80;27.60
LANGRES SUD;ALLAINVILLE;;46.00;70.60;115.20;150.00;25.30
LANGRES SUD;ARTENAY;;41.90;63.40;103.20;136.10;22.80
LANGRES SUD;AUXY;;27.30;42.10;67.80;89.60;15.70
LANGRES SUD;BLERE;;58.70;90.20;145.00;188.60;33.00
LANGRES SUD;BLOIS;;48.80;74.30;120.30;157.70;26.90
LANGRES SUD;BOURGES;;55.60;84.90;137.60;180.40;31.00
LANGRES SUD;CHATEAU RENAULT;;51.70;78.40;125.90;166.40;28.90
LANGRES SUD;ESCRENNES;;31.80;48.80;80.30;105.00;18.10
LANGRES SUD;ESVRES;;60.00;92.40;148.80;192.80;33.50
LANGRES SUD;FONTENAY SUR LOING;;23.60;35.10;55.10;74.80;13.50
LANGRES SUD;GIDY;;42.40;64.20;104.10;137.20;23.00
LANGRES SUD;GONDREVILLE LA FRANCHE NORD;;25.40;38.30;59.30;79.00;14.00
LANGRES SUD;GONDREVILLE LA FRANCHE SUD;;29.90;45.10;70.00;93.20;16.80
LANGRES SUD;JANVILLE ALLAINES;;43.00;65.30;105.70;139.50;23.60
LANGRES SUD;LAMOTTE BEUVRON;;47.50;72.10;116.70;153.60;26.30
LANGRES SUD;MER;;47.40;71.10;115.00;151.10;26.10
LANGRES SUD;MEUNG;;45.30;68.50;109.70;145.20;24.80
LANGRES SUD;OLIVET;;44.10;66.80;108.20;141.60;24.30
LANGRES SUD;ORLEANS CENTRE;;43.40;65.90;106.40;139.20;23.70
LANGRES SUD;ORLEANS NORD;;42.60;64.50;104.40;137.50;23.30
LANGRES SUD;PARIS LA FOLIE BESSIN;;51.20;76.90;126.50;166.10;28.50
LANGRES SUD;ROMORANTIN;;53.10;81.40;130.30;171.30;29.20
LANGRES SUD;SAINT AIGNAN SUR CHER;;55.80;85.80;136.90;180.90;30.80
LANGRES SUD;SAINT HILAIRE LES ANDRESIS;;18.60;28.50;44.50;61.70;11.10
LANGRES SUD;SALBRIS;;49.10;75.10;121.10;160.50;27.10
LANGRES SUD;SAVIGNY SUR CLAIRIS;;17.60;26.90;41.70;58.30;10.60
LANGRES SUD;SELLES SUR CHER;;54.90;84.20;134.30;177.00;30.20
LANGRES SUD;TOURS CENTRE MONNAIE;;56.30;84.90;135.40;179.20;31.40
LANGRES SUD;VEIGNE;;62.20;95.90;154.70;200.90;34.70
LANGRES SUD;VIERZON EST;;52.00;78.70;128.40;168.10;28.90
LANGRES SUD;VIERZON NORD;;51.40;78.30;127.80;167.70;28.30
LAVAL EST;ABLIS;;26.90;41.50;63.00;85.70;16.30
LAVAL EST;ALENCON NORD;;12.60;20.20;31.90;42.30;7.60
LAVAL EST;ALENCON SUD;;12.40;19.50;30.80;39.80;7.50
LAVAL EST;PEAGE DE CORZE;;18.90;27.80;42.90;53.50;11.10
LAVAL EST;ARGENTAN;;23.60;39.40;59.60;78.90;14.00
LAVAL EST;AUVOURS LE MANS ZI SUD;;10.20;15.10;25.20;31.10;6.20
LAVAL EST;BEAUFORT EN VALLEE;;18.20;27.60;40.40;52.10;11.00
LAVAL EST;BEAUMONT SUR SARTHE;;10.10;16.40;26.20;33.70;5.90
LAVAL EST;BERNAY;;32.90;53.00;80.40;109.00;20.00
LAVAL EST;BOURGUEIL;;22.80;33.60;51.30;65.90;13.80
LAVAL EST;BRIONNE;;38.50;62.30;90.80;121.90;23.70
LAVAL EST;BROU;;17.70;26.60;41.80;55.40;10.70
LAVAL EST;CHARTRES EST;;23.00;36.90;56.30;74.50;14.20
LAVAL EST;CHARTRES THIVARS;;21.50;33.80;50.70;67.60;13.60
LAVAL EST;CHATEAU DU LOIR MONTABON;;14.00;21.80;36.40;44.60;8.60
LAVAL EST;CONNERRE;;12.20;18.70;29.70;38.50;7.20
LAVAL EST;DURTAL;;13.80;20.30;32.10;40.60;8.20
LAVAL EST;ECOMMOY;;12.70;19.60;32.00;38.50;7.70
LAVAL EST;EVRON;;2.40;3.20;4.80;6.10;1.40
LAVAL EST;GACE;;23.50;38.10;56.40;75.20;14.40
LAVAL EST;ILLIERS COMBRAY;;19.80;30.70;50.00;67.20;11.80
LAVAL EST;LA FERTE BERNARD;;13.50;21.10;33.60;45.80;8.20
LAVAL EST;LAVAL OUEST;;0.90;1.40;2.50;3.10;0.70
LAVAL EST;LE MANS CENTRE UNIVERSITE;;8.70;12.40;20.10;25.40;5.20
LAVAL EST;LE MANS SUD;;9.70;14.10;22.60;28.90;5.80
LAVAL EST;LE MANS ZI NORD;;8.90;13.60;21.20;28.70;5.50
LAVAL EST;LONGUE JUMELLES;;19.20;28.70;43.10;55.00;11.60
LAVAL EST;ORBEC;;28.50;46.40;69.10;92.50;17.50
LAVAL EST;PARIGNE L EVEQUE;;11.00;16.40;27.20;32.20;6.40
LAVAL EST;PARIS LA FOLIE BESSIN;;31.20;47.80;71.70;100.30;19.40
LAVAL EST;RESTIGNE;;26.80;39.70;59.10;77.30;16.10
LAVAL EST;ROUMOIS;;47.90;76.80;110.60;150.80;28.20
LAVAL EST;SABLE LA FLECHE;;12.80;18.40;29.10;37.80;7.40
LAVAL EST;SAUMUR VIVY;;20.60;31.20;47.70;60.70;12.60
LAVAL EST;SEES;;19.50;31.70;47.70;63.40;11.70
LAVAL EST;SEICHES;;16.50;24.10;36.70;46.90;9.60
LAVAL EST;SILLE LE GUILLAUME MAMERS;;11.10;17.30;27.00;35.90;6.40
LAVAL EST;SILLE LE GUILLAUME SABLE;;3.80;5.40;9.00;11.30;2.50
LAVAL EST;TOURS CENTRE SAINT CHRISTOPHE;;19.50;31.30;49.90;60.80;11.80
LAVAL EST;VITRE LA GRAVELLE;;3.00;5.40;8.10;10.30;2.00
LAVAL OUEST;ABLIS;;27.80;42.60;65.80;87.90;17.00
LAVAL OUEST;ALENCON NORD;;13.50;21.70;34.40;45.10;8.30
LAVAL OUEST;ALENCON SUD;;13.10;20.50;33.50;42.10;8.20
LAVAL OUEST;PEAGE DE CORZE;;19.00;30.10;45.70;57.80;11.30
LAVAL OUEST;ARGENTAN;;24.10;40.20;61.70;81.10;14.50
LAVAL OUEST;AUVOURS LE MANS ZI SUD;;11.10;17.30;29.10;36.40;6.70
LAVAL OUEST;BEAUFORT EN VALLEE;;18.30;29.90;43.20;56.40;11.20
LAVAL OUEST;BEAUMONT SUR SARTHE;;11.50;18.00;29.20;36.80;7.20
LAVAL OUEST;BERNAY;;33.40;53.80;82.50;111.20;20.50
LAVAL OUEST;BOURGUEIL;;22.90;35.90;54.10;70.20;14.00
LAVAL OUEST;BRIONNE;;39.00;63.10;92.90;124.10;24.20
LAVAL OUEST;BROU;;18.30;28.20;45.10;58.20;11.20
LAVAL OUEST;CHARTRES EST;;23.60;38.10;59.70;77.60;14.60
LAVAL OUEST;CHARTRES THIVARS;;22.10;34.80;55.10;71.80;13.80
LAVAL OUEST;CHATEAU DU LOIR MONTABON;;15.20;23.90;39.80;48.40;8.90
LAVAL OUEST;CONNERRE;;13.20;20.80;33.70;42.80;8.00
LAVAL OUEST;DURTAL;;13.90;22.60;34.90;44.90;8.40
LAVAL OUEST;ECOMMOY;;13.70;21.10;35.70;43.50;8.10
LAVAL OUEST;EVRON;;2.50;4.10;7.20;8.70;1.90
LAVAL OUEST;GACE;;24.00;38.90;58.50;77.40;14.90
LAVAL OUEST;ILLIERS COMBRAY;;21.30;32.80;54.30;71.30;12.50
LAVAL OUEST;LA FERTE BERNARD;;14.50;23.00;36.60;48.10;8.70
LAVAL OUEST;LAVAL EST;;0.90;1.40;2.50;3.10;0.70
LAVAL OUEST;LE MANS CENTRE UNIVERSITE;;8.80;14.70;22.90;29.70;5.40
LAVAL OUEST;LE MANS SUD;;9.80;16.40;25.40;33.20;6.00
LAVAL OUEST;LE MANS ZI NORD;;9.80;15.50;24.40;32.10;5.90
LAVAL OUEST;LONGUE JUMELLES;;19.30;31.00;45.90;59.30;11.80
LAVAL OUEST;ORBEC;;29.00;47.20;71.20;94.70;18.00
LAVAL OUEST;PARIGNE L EVEQUE;;11.40;18.30;30.90;37.20;7.30
LAVAL OUEST;PARIS LA FOLIE BESSIN;;31.70;48.60;74.80;102.60;20.00
LAVAL OUEST;RESTIGNE;;26.90;42.00;61.90;81.60;16.30
LAVAL OUEST;ROUMOIS;;48.40;77.60;112.70;153.00;28.70
LAVAL OUEST;SABLE LA FLECHE;;12.90;20.70;31.90;42.10;7.60
LAVAL OUEST;SAUMUR VIVY;;20.70;33.50;50.50;65.00;12.80
LAVAL OUEST;SEES;;20.00;32.50;49.80;65.60;12.20
LAVAL OUEST;SEICHES;;16.60;26.40;39.50;51.20;9.80
LAVAL OUEST;SILLE LE GUILLAUME MAMERS;;13.00;18.80;31.90;40.80;8.10
LAVAL OUEST;SILLE LE GUILLAUME SABLE;;5.10;6.80;11.40;13.60;3.00
LAVAL OUEST;TOURS CENTRE SAINT CHRISTOPHE;;19.60;31.60;52.20;66.20;12.40
LAVAL OUEST;VITRE LA GRAVELLE;;2.20;4.10;5.30;6.30;1.50
LE BIGNON;CHATELLERAULT NORD;;22.30;34.50;52.00;66.60;14.40
LE BIGNON;CHATELLERAULT SUD;;21.50;32.90;47.30;61.90;13.40
LE BIGNON;FUTUROSCOPE;;19.30;29.70;43.50;56.10;12.20
LE BIGNON;POITIERS NORD;;18.60;28.90;41.70;54.30;11.90
LE BIGNON;POITIERS SUD;;17.50;26.70;38.50;51.00;11.10
LE BIGNON;SAINTE MAURE;;25.70;39.90;59.00;78.40;16.40
LE BIGNON;TOURS CENTRE SORIGNY;;32.40;48.70;73.80;98.30;20.20
LE MANS CENTRE UNIVERSITE;ABLIS;;18.30;27.20;43.60;59.30;11.20
LE MANS CENTRE UNIVERSITE;ALENCON NORD;;5.60;9.00;13.70;19.70;3.40
LE MANS CENTRE UNIVERSITE;ALENCON SUD;;5.30;8.10;11.50;16.50;3.30
LE MANS CENTRE UNIVERSITE;PEAGE DE CORZE;;10.20;15.40;22.80;28.10;5.90
LE MANS CENTRE UNIVERSITE;ARGENTAN;;17.20;28.00;41.60;55.90;10.10
LE MANS CENTRE UNIVERSITE;AUVOURS LE MANS ZI SUD;;2.60;4.20;5.10;7.10;1.80
LE MANS CENTRE UNIVERSITE;BEAUFORT EN VALLEE;;9.50;15.20;20.30;26.70;5.80
LE MANS CENTRE UNIVERSITE;BEAUMONT SUR SARTHE;;3.20;5.00;6.90;8.20;2.20
LE MANS CENTRE UNIVERSITE;BERNAY;;26.50;41.60;62.40;86.00;16.10
LE MANS CENTRE UNIVERSITE;BOURGUEIL;;14.10;21.20;31.20;40.50;8.60
LE MANS CENTRE UNIVERSITE;BRIONNE;;32.10;50.90;72.80;98.90;19.80
LE MANS CENTRE UNIVERSITE;BROU;;8.60;13.60;21.00;27.90;5.20
LE MANS CENTRE UNIVERSITE;CHARTRES EST;;15.80;23.30;36.70;47.80;9.30
LE MANS CENTRE UNIVERSITE;CHARTRES THIVARS;;13.90;19.80;30.80;41.40;8.10
LE MANS CENTRE UNIVERSITE;CHATEAU DU LOIR MONTABON;;6.60;9.50;15.50;19.80;4.10
LE MANS CENTRE UNIVERSITE;CONNERRE;;3.90;6.90;10.10;12.70;2.60
LE MANS CENTRE UNIVERSITE;DURTAL;;5.10;7.90;12.00;15.20;3.00
LE MANS CENTRE UNIVERSITE;ECOMMOY;;4.50;6.90;11.60;13.30;3.00
LE MANS CENTRE UNIVERSITE;EVRON;;6.60;9.40;15.50;19.50;3.90
LE MANS CENTRE UNIVERSITE;GACE;;17.10;26.70;38.40;52.20;10.50
LE MANS CENTRE UNIVERSITE;ILLIERS COMBRAY;;11.60;17.20;29.00;36.70;6.80
LE MANS CENTRE UNIVERSITE;LA FERTE BERNARD;;5.50;8.20;14.70;16.90;3.40
LE MANS CENTRE UNIVERSITE;LAVAL EST;;8.70;12.40;20.10;25.40;5.20
LE MANS CENTRE UNIVERSITE;LAVAL OUEST;;8.80;14.70;22.90;29.70;5.40
LE MANS CENTRE UNIVERSITE;LE MANS SUD;;1.00;1.70;2.50;3.50;0.60
LE MANS CENTRE UNIVERSITE;LE MANS ZI NORD;;0.70;2.00;2.20;2.50;0.50
LE MANS CENTRE UNIVERSITE;LONGUE JUMELLES;;10.50;16.30;23.00;29.60;6.40
LE MANS CENTRE UNIVERSITE;ORBEC;;22.10;35.00;51.10;69.50;13.60
LE MANS CENTRE UNIVERSITE;PARIGNE L EVEQUE;;3.10;4.80;6.70;8.00;2.10
LE MANS CENTRE UNIVERSITE;PARIS LA FOLIE BESSIN;;22.70;35.40;56.10;72.00;14.30
LE MANS CENTRE UNIVERSITE;RESTIGNE;;18.10;27.30;39.00;51.90;10.90
LE MANS CENTRE UNIVERSITE;ROUMOIS;;41.50;65.40;92.60;127.80;24.30
LE MANS CENTRE UNIVERSITE;SABLE LA FLECHE;;4.10;6.00;9.00;12.40;2.20
LE MANS CENTRE UNIVERSITE;SAUMUR VIVY;;11.90;18.80;27.60;35.30;7.40
LE MANS CENTRE UNIVERSITE;SEES;;13.10;20.30;29.70;40.40;7.80
LE MANS CENTRE UNIVERSITE;SEICHES;;7.80;11.70;16.60;21.50;4.40
LE MANS CENTRE UNIVERSITE;SILLE LE GUILLAUME MAMERS;;4.10;6.20;9.00;11.60;2.70
LE MANS CENTRE UNIVERSITE;SILLE LE GUILLAUME SABLE;;4.00;5.70;8.50;11.10;2.60
LE MANS CENTRE UNIVERSITE;TOURS CENTRE SAINT CHRISTOPHE;;11.20;17.90;29.50;38.00;6.90
LE MANS CENTRE UNIVERSITE;VITRE LA GRAVELLE;;12.60;18.50;31.50;41.70;8.00
LE MANS SUD;ABLIS;;19.30;28.90;46.10;62.80;11.80
LE MANS SUD;ALENCON NORD;;6.60;10.70;16.20;23.20;4.00
LE MANS SUD;ALENCON SUD;;6.30;9.80;14.00;20.00;3.90
LE MANS SUD;AUVOURS LE MANS ZI SUD;;3.60;5.90;7.60;10.60;2.40
LE MANS SUD;BEAUFORT EN VALLEE;;8.20;13.10;17.90;25.20;5.30
LE MANS SUD;BEAUMONT SUR SARTHE;;4.20;6.70;9.40;11.70;2.80
LE MANS SUD;BOURGUEIL;;12.80;19.10;28.80;39.00;8.10
LE MANS SUD;BROU;;9.60;15.30;23.50;31.40;5.80
LE MANS SUD;CHARTRES EST;;16.80;25.00;39.20;51.30;9.90
LE MANS SUD;CHARTRES THIVARS;;14.90;21.50;33.30;44.90;8.70
LE MANS SUD;CHATEAU DU LOIR MONTABON;;7.60;11.20;18.00;23.30;4.70
LE MANS SUD;CONNERRE;;4.90;8.60;12.60;16.20;3.20
LE MANS SUD;ECOMMOY;;5.50;8.60;14.10;16.80;3.60
LE MANS SUD;EVRON;;7.60;11.10;18.00;23.00;4.50
LE MANS SUD;ILLIERS COMBRAY;;12.60;18.90;31.50;40.20;7.40
LE MANS SUD;LA FERTE BERNARD;;6.50;9.90;17.20;20.40;4.00
LE MANS SUD;LAVAL EST;;9.70;14.10;22.60;28.90;5.80
LE MANS SUD;LAVAL OUEST;;9.80;16.40;25.40;33.20;6.00
LE MANS SUD;LE MANS CENTRE UNIVERSITE;;1.00;1.70;2.50;3.50;0.60
LE MANS SUD;LE MANS ZI NORD;;1.70;3.70;4.70;6.00;1.10
LE MANS SUD;LONGUE JUMELLES;;9.20;14.20;20.60;28.10;5.90
LE MANS SUD;PARIGNE L EVEQUE;;4.10;6.50;9.20;11.50;2.70
LE MANS SUD;PARIS LA FOLIE BESSIN;;23.70;37.10;58.60;75.50;14.90
LE MANS SUD;RESTIGNE;;16.80;25.20;36.60;50.40;10.40
LE MANS SUD;SAUMUR VIVY;;10.60;16.70;25.20;33.80;6.90
LE MANS SUD;SILLE LE GUILLAUME MAMERS;;5.10;7.90;11.50;15.10;3.30
LE MANS SUD;SILLE LE GUILLAUME SABLE;;5.00;7.40;11.00;14.60;3.20
LE MANS SUD;TOURS CENTRE SAINT CHRISTOPHE;;12.20;19.60;32.00;41.50;7.50
LE MANS SUD;VITRE LA GRAVELLE;;13.60;20.20;34.00;45.20;8.60
LE MANS ZI NORD;ABLIS;;17.20;25.40;37.70;57.20;10.30
LE MANS ZI NORD;ALENCON NORD;;4.40;7.40;11.40;12.80;2.80
LE MANS ZI NORD;ALENCON SUD;;4.00;6.50;8.40;12.10;2.20
LE MANS ZI NORD;PEAGE DE CORZE;;10.90;17.40;25.00;30.60;6.40
LE MANS ZI NORD;ARGENTAN;;15.60;26.40;39.70;49.60;9.40
LE MANS ZI NORD;AUVOURS LE MANS ZI SUD;;1.30;2.30;3.90;5.60;1.00
LE MANS ZI NORD;BEAUFORT EN VALLEE;;10.20;17.20;22.50;29.20;6.30
LE MANS ZI NORD;BEAUMONT SUR SARTHE;;1.80;2.70;4.40;5.90;1.10
LE MANS ZI NORD;BERNAY;;24.90;40.00;60.50;79.70;15.40
LE MANS ZI NORD;BOURGUEIL;;14.80;23.20;33.40;43.00;9.10
LE MANS ZI NORD;BRIONNE;;30.50;49.30;70.90;92.60;19.10
LE MANS ZI NORD;BROU;;7.50;10.70;19.60;26.50;4.10
LE MANS ZI NORD;CHARTRES EST;;13.60;20.60;34.70;43.90;7.80
LE MANS ZI NORD;CHARTRES THIVARS;;11.90;18.60;28.20;37.90;6.80
LE MANS ZI NORD;CHATEAU DU LOIR MONTABON;;5.00;7.70;13.10;16.60;3.40
LE MANS ZI NORD;CONNERRE;;3.10;4.90;7.60;9.90;2.00
LE MANS ZI NORD;DURTAL;;5.80;9.90;14.20;17.70;3.50
LE MANS ZI NORD;ECOMMOY;;3.30;5.00;8.70;11.80;2.10
LE MANS ZI NORD;EVRON;;6.80;10.60;16.60;22.20;4.20
LE MANS ZI NORD;GACE;;15.50;25.10;36.50;45.90;9.80
LE MANS ZI NORD;ILLIERS COMBRAY;;9.50;13.70;27.50;33.80;5.70
LE MANS ZI NORD;LA FERTE BERNARD;;5.30;8.00;12.10;14.60;3.30
LE MANS ZI NORD;LAVAL EST;;8.90;13.60;21.20;28.70;5.50
LE MANS ZI NORD;LAVAL OUEST;;9.80;15.50;24.40;32.10;5.90
LE MANS ZI NORD;LE MANS CENTRE UNIVERSITE;;0.70;2.00;2.20;2.50;0.50
LE MANS ZI NORD;LE MANS SUD;;1.70;3.70;4.70;6.00;1.10
LE MANS ZI NORD;LONGUE JUMELLES;;11.20;18.30;25.20;32.10;6.90
LE MANS ZI NORD;ORBEC;;20.50;33.40;49.20;63.20;12.90
LE MANS ZI NORD;PARIGNE L EVEQUE;;1.80;3.10;4.70;6.20;1.20
LE MANS ZI NORD;PARIS LA FOLIE BESSIN;;21.60;33.20;52.00;71.50;13.60
LE MANS ZI NORD;RESTIGNE;;18.80;29.30;41.20;54.40;11.40
LE MANS ZI NORD;ROUMOIS;;39.90;63.80;90.70;121.50;23.60
LE MANS ZI NORD;SABLE LA FLECHE;;4.80;8.00;11.20;14.90;2.70
LE MANS ZI NORD;SAUMUR VIVY;;12.60;20.80;29.80;37.80;7.90
LE MANS ZI NORD;SEES;;11.50;18.70;27.80;34.10;7.10
LE MANS ZI NORD;SEICHES;;8.50;13.70;18.80;24.00;4.90
LE MANS ZI NORD;SILLE LE GUILLAUME MAMERS;;3.00;4.30;6.10;8.70;1.80
LE MANS ZI NORD;SILLE LE GUILLAUME SABLE;;4.30;6.10;9.60;11.80;2.60
LE MANS ZI NORD;TOURS CENTRE SAINT CHRISTOPHE;;10.60;17.50;27.70;37.80;6.80
LE MANS ZI NORD;VITRE LA GRAVELLE;;13.40;20.20;29.00;43.60;8.10
LE MIROIR;ALLAINVILLE;;57.60;89.40;145.80;191.20;32.40
LE MIROIR;ARTENAY;;53.50;82.20;133.80;177.30;29.90
LE MIROIR;AUXY;;38.90;60.90;98.40;130.80;22.80
LE MIROIR;BLERE;;70.30;109.00;175.60;229.80;40.10
LE MIROIR;BLOIS;;60.40;93.10;150.90;198.90;34.00
LE MIROIR;BOURGES;;67.20;103.70;168.20;221.60;38.10
LE MIROIR;CHATEAU RENAULT;;63.30;97.20;156.50;207.60;36.00
LE MIROIR;ESCRENNES;;43.40;67.60;110.90;146.20;25.20
LE MIROIR;ESVRES;;71.60;111.20;179.40;234.00;40.60
LE MIROIR;FONTENAY SUR LOING;;35.20;53.90;85.70;116.00;20.60
LE MIROIR;GIDY;;54.00;83.00;134.70;178.40;30.10
LE MIROIR;GONDREVILLE LA FRANCHE NORD;;37.00;57.10;89.90;120.20;21.10
LE MIROIR;GONDREVILLE LA FRANCHE SUD;;41.50;63.90;100.60;134.40;23.90
LE MIROIR;JANVILLE ALLAINES;;54.60;84.10;136.30;180.70;30.70
LE MIROIR;LAMOTTE BEUVRON;;59.10;90.90;147.30;194.80;33.40
LE MIROIR;MER;;59.00;89.90;145.60;192.30;33.20
LE MIROIR;MEUNG;;56.90;87.30;140.30;186.40;31.90
LE MIROIR;OLIVET;;55.70;85.60;138.80;182.80;31.40
LE MIROIR;ORLEANS CENTRE;;55.00;84.70;137.00;180.40;30.80
LE MIROIR;ORLEANS NORD;;54.20;83.30;135.00;178.70;30.40
LE MIROIR;PARIS LA FOLIE BESSIN;;62.80;95.70;157.10;207.30;35.60
LE MIROIR;ROMORANTIN;;64.70;100.20;160.90;212.50;36.30
LE MIROIR;SAINT AIGNAN SUR CHER;;67.40;104.60;167.50;222.10;37.90
LE MIROIR;SAINT HILAIRE LES ANDRESIS;;30.20;47.30;75.10;102.90;18.20
LE MIROIR;SALBRIS;;60.70;93.90;151.70;201.70;34.20
LE MIROIR;SAVIGNY SUR CLAIRIS;;29.20;45.70;72.30;99.50;17.70
LE MIROIR;SELLES SUR CHER;;66.50;103.00;164.90;218.20;37.30
LE MIROIR;TOURS CENTRE MONNAIE;;67.90;103.70;166.00;220.40;38.50
LE MIROIR;VEIGNE;;73.80;114.70;185.30;242.10;41.80
LE MIROIR;VIERZON EST;;63.60;97.50;159.00;209.30;36.00
LE MIROIR;VIERZON NORD;;63.00;97.10;158.40;208.90;35.40
LES EPRUNES;ALLAINVILLE;;37.50;58.40;96.60;124.50;20.60
LES EPRUNES;ARTENAY;;33.40;51.20;84.60;110.60;18.10
LES EPRUNES;AUXY;;18.80;29.90;49.20;64.10;11.00
LES EPRUNES;BLERE;;50.20;78.00;126.40;163.10;28.30
LES EPRUNES;BLOIS;;40.30;62.10;101.70;132.20;22.20
LES EPRUNES;BOURGES;;47.10;72.70;119.00;154.90;26.30
LES EPRUNES;CHATEAU RENAULT;;43.20;66.20;107.30;140.90;24.20
LES EPRUNES;ESCRENNES;;23.30;36.60;61.70;79.50;13.40
LES EPRUNES;ESVRES;;51.50;80.20;130.20;167.30;28.80
LES EPRUNES;FONTENAY SUR LOING;;15.10;22.90;36.50;49.30;8.80
LES EPRUNES;GIDY;;33.90;52.00;85.50;111.70;18.30
LES EPRUNES;GONDREVILLE LA FRANCHE NORD;;16.90;26.10;40.70;53.50;9.30
LES EPRUNES;GONDREVILLE LA FRANCHE SUD;;21.40;32.90;51.40;67.70;12.10
LES EPRUNES;JANVILLE ALLAINES;;34.50;53.10;87.10;114.00;18.90
LES EPRUNES;LAMOTTE BEUVRON;;39.00;59.90;98.10;128.10;21.60
LES EPRUNES;MER;;38.90;58.90;96.40;125.60;21.40
LES EPRUNES;MEUNG;;36.80;56.30;91.10;119.70;20.10
LES EPRUNES;OLIVET;;35.60;54.60;89.60;116.10;19.60
LES EPRUNES;ORLEANS CENTRE;;34.90;53.70;87.80;113.70;19.00
LES EPRUNES;ORLEANS NORD;;34.10;52.30;85.80;112.00;18.60
LES EPRUNES;PARIS LA FOLIE BESSIN;;42.70;64.70;107.90;140.60;23.80
LES EPRUNES;ROMORANTIN;;44.60;69.20;111.70;145.80;24.50
LES EPRUNES;SAINT AIGNAN SUR CHER;;47.30;73.60;118.30;155.40;26.10
LES EPRUNES;SAINT HILAIRE LES ANDRESIS;;10.10;16.30;25.90;36.20;6.40
LES EPRUNES;SALBRIS;;40.60;62.90;102.50;135.00;22.40
LES EPRUNES;SAVIGNY SUR CLAIRIS;;9.10;14.70;23.10;32.80;5.90
LES EPRUNES;SELLES SUR CHER;;46.40;72.00;115.70;151.50;25.50
LES EPRUNES;TOURS CENTRE MONNAIE;;47.80;72.70;116.80;153.70;26.70
LES EPRUNES;VEIGNE;;53.70;83.70;136.10;175.40;30.00
LES EPRUNES;VIERZON EST;;43.50;66.50;109.80;142.60;24.20
LES EPRUNES;VIERZON NORD;;42.90;66.10;109.20;142.20;23.60
LES ESSARTS;CHATELLERAULT NORD;;20.50;31.50;47.00;62.00;13.00
LES ESSARTS;CHATELLERAULT SUD;;19.70;29.90;42.30;57.30;12.00
LES ESSARTS;FUTUROSCOPE;;17.50;26.70;38.50;51.50;10.80
LES ESSARTS;POITIERS NORD;;16.80;25.90;36.70;49.70;10.50
LES ESSARTS;POITIERS SUD;;15.70;23.70;33.50;46.40;9.70
LES ESSARTS;SAINTE MAURE;;23.90;36.90;54.00;73.80;15.00
LES ESSARTS;TOURS CENTRE SORIGNY;;30.60;45.70;68.80;93.70;18.80
LES HERBIERS;CHATELLERAULT NORD;;21.30;34.20;50.20;64.80;13.30
LES HERBIERS;CHATELLERAULT SUD;;20.50;32.60;45.50;60.10;12.30
LES HERBIERS;FUTUROSCOPE;;18.30;29.40;41.70;54.30;11.10
LES HERBIERS;POITIERS NORD;;17.60;28.60;39.90;52.50;10.80
LES HERBIERS;POITIERS SUD;;16.50;26.40;36.70;49.20;10.00
LES HERBIERS;SAINTE MAURE;;24.70;39.60;57.20;76.60;15.30
LES HERBIERS;TOURS CENTRE SORIGNY;;31.40;48.40;72.00;96.50;19.10
LONGUE JUMELLES;ABLIS;;28.80;43.50;66.60;88.90;17.60
LONGUE JUMELLES;ALENCON NORD;;16.10;25.30;36.70;49.30;9.80
LONGUE JUMELLES;ALENCON SUD;;15.80;24.40;34.50;46.10;9.70
LONGUE JUMELLES;PEAGE DE CORZE;;5.10;7.50;10.90;14.00;3.00
LONGUE JUMELLES;ARGENTAN;;27.70;44.30;64.60;85.50;16.50
LONGUE JUMELLES;AUVOURS LE MANS ZI SUD;;13.10;20.50;28.10;36.70;8.20
LONGUE JUMELLES;BEAUFORT EN VALLEE;;0.80;1.10;1.80;2.60;0.50
LONGUE JUMELLES;BEAUMONT SUR SARTHE;;13.70;21.30;29.90;37.80;8.60
LONGUE JUMELLES;BERNAY;;37.00;57.90;85.40;115.60;22.50
LONGUE JUMELLES;BOURGUEIL;;2.40;3.40;5.30;8.30;1.50
LONGUE JUMELLES;BRIONNE;;42.60;67.20;95.80;128.50;26.20
LONGUE JUMELLES;BROU;;19.10;29.90;44.00;57.50;11.60
LONGUE JUMELLES;CHARTRES EST;;26.30;39.60;59.70;77.40;15.70
LONGUE JUMELLES;CHARTRES THIVARS;;24.40;36.10;53.80;71.00;14.50
LONGUE JUMELLES;CHATEAU DU LOIR MONTABON;;17.10;25.80;38.50;49.40;10.50
LONGUE JUMELLES;CONNERRE;;14.40;23.20;33.10;42.30;9.00
LONGUE JUMELLES;DURTAL;;4.00;6.60;9.40;12.50;2.50
LONGUE JUMELLES;ECOMMOY;;15.00;23.20;34.60;42.90;9.40
LONGUE JUMELLES;EVRON;;17.10;25.70;38.50;49.10;10.30
LONGUE JUMELLES;GACE;;27.60;43.00;61.40;81.80;16.90
LONGUE JUMELLES;ILLIERS COMBRAY;;22.10;33.50;52.00;66.30;13.20
LONGUE JUMELLES;LA FERTE BERNARD;;16.00;24.50;37.70;46.50;9.80
LONGUE JUMELLES;LAVAL EST;;19.20;28.70;43.10;55.00;11.60
LONGUE JUMELLES;LAVAL OUEST;;19.30;31.00;45.90;59.30;11.80
LONGUE JUMELLES;LE MANS CENTRE UNIVERSITE;;10.50;16.30;23.00;29.60;6.40
LONGUE JUMELLES;LE MANS SUD;;9.20;14.20;20.60;28.10;5.90
LONGUE JUMELLES;LE MANS ZI NORD;;11.20;18.30;25.20;32.10;6.90
LONGUE JUMELLES;ORBEC;;32.60;51.30;74.10;99.10;20.00
LONGUE JUMELLES;PARIGNE L EVEQUE;;13.60;21.10;29.70;37.60;8.50
LONGUE JUMELLES;PARIS LA FOLIE BESSIN;;33.20;51.70;79.10;101.60;20.70
LONGUE JUMELLES;RESTIGNE;;5.50;8.70;13.10;17.20;3.40
LONGUE JUMELLES;ROUMOIS;;52.00;81.70;115.60;157.40;30.70
LONGUE JUMELLES;SABLE LA FLECHE;;5.90;8.90;13.00;17.00;3.30
LONGUE JUMELLES;SAUMUR VIVY;;1.00;2.10;2.60;3.50;0.70
LONGUE JUMELLES;SEES;;23.60;36.60;52.70;70.00;14.20
LONGUE JUMELLES;SEICHES;;2.90;4.50;6.60;8.90;1.90
LONGUE JUMELLES;SILLE LE GUILLAUME MAMERS;;14.60;22.50;32.00;41.20;9.10
LONGUE JUMELLES;SILLE LE GUILLAUME SABLE;;14.50;22.00;31.50;40.70;9.00
LONGUE JUMELLES;TOURS CENTRE SAINT CHRISTOPHE;;21.70;34.20;52.50;67.60;13.30
LONGUE JUMELLES;VITRE LA GRAVELLE;;23.10;34.80;54.50;71.30;14.40
MACON NORD;ALLAINVILLE;;54.10;83.90;135.20;177.40;30.20
MACON NORD;ARTENAY;;50.00;76.70;123.20;163.50;27.70
MACON NORD;AUXY;;35.40;55.40;87.80;117.00;20.60
MACON NORD;BLERE;;66.80;103.50;165.00;216.00;37.90
MACON NORD;BLOIS;;56.90;87.60;140.30;185.10;31.80
MACON NORD;BOURGES;;63.70;98.20;157.60;207.80;35.90
MACON NORD;CHATEAU RENAULT;;59.80;91.70;145.90;193.80;33.80
MACON NORD;ESCRENNES;;39.90;62.10;100.30;132.40;23.00
MACON NORD;ESVRES;;68.10;105.70;168.80;220.20;38.40
MACON NORD;FONTENAY SUR LOING;;31.70;48.40;75.10;102.20;18.40
MACON NORD;GIDY;;50.50;77.50;124.10;164.60;27.90
MACON NORD;GONDREVILLE LA FRANCHE NORD;;33.50;51.60;79.30;106.40;18.90
MACON NORD;GONDREVILLE LA FRANCHE SUD;;38.00;58.40;90.00;120.60;21.70
MACON NORD;JANVILLE ALLAINES;;51.10;78.60;125.70;166.90;28.50
MACON NORD;LAMOTTE BEUVRON;;55.60;85.40;136.70;181.00;31.20
MACON NORD;MER;;55.50;84.40;135.00;178.50;31.00
MACON NORD;MEUNG;;53.40;81.80;129.70;172.60;29.70
MACON NORD;OLIVET;;52.20;80.10;128.20;169.00;29.20
MACON NORD;ORLEANS CENTRE;;51.50;79.20;126.40;166.60;28.60
MACON NORD;ORLEANS NORD;;50.70;77.80;124.40;164.90;28.20
MACON NORD;PARIS LA FOLIE BESSIN;;59.30;90.20;146.50;193.50;33.40
MACON NORD;ROMORANTIN;;61.20;94.70;150.30;198.70;34.10
MACON NORD;SAINT AIGNAN SUR CHER;;63.90;99.10;156.90;208.30;35.70
MACON NORD;SAINT HILAIRE LES ANDRESIS;;26.70;41.80;64.50;89.10;16.00
MACON NORD;SALBRIS;;57.20;88.40;141.10;187.90;32.00
MACON NORD;SAVIGNY SUR CLAIRIS;;25.70;40.20;61.70;85.70;15.50
MACON NORD;SELLES SUR CHER;;63.00;97.50;154.30;204.40;35.10
MACON NORD;TOURS CENTRE MONNAIE;;64.40;98.20;155.40;206.60;36.30
MACON NORD;VEIGNE;;70.30;109.20;174.70;228.30;39.60
MACON NORD;VIERZON EST;;60.10;92.00;148.40;195.50;33.80
MACON NORD;VIERZON NORD;;59.50;91.60;147.80;195.10;33.20
MACON SUD;ALLAINVILLE;;55.00;85.40;137.70;180.60;30.70
MACON SUD;ARTENAY;;50.90;78.20;125.70;166.70;28.20
MACON SUD;AUXY;;36.30;56.90;90.30;120.20;21.10
MACON SUD;BLERE;;67.70;105.00;167.50;219.20;38.40
MACON SUD;BLOIS;;57.80;89.10;142.80;188.30;32.30
MACON SUD;BOURGES;;64.60;99.70;160.10;211.00;36.40
MACON SUD;CHATEAU RENAULT;;60.70;93.20;148.40;197.00;34.30
MACON SUD;ESCRENNES;;40.80;63.60;102.80;135.60;23.50
MACON SUD;ESVRES;;69.00;107.20;171.30;223.40;38.90
MACON SUD;FONTENAY SUR LOING;;32.60;49.90;77.60;105.40;18.90
MACON SUD;GIDY;;51.40;79.00;126.60;167.80;28.40
MACON SUD;GONDREVILLE LA FRANCHE NORD;;34.40;53.10;81.80;109.60;19.40
MACON SUD;GONDREVILLE LA FRANCHE SUD;;38.90;59.90;92.50;123.80;22.20
MACON SUD;JANVILLE ALLAINES;;52.00;80.10;128.20;170.10;29.00
MACON SUD;LAMOTTE BEUVRON;;56.50;86.90;139.20;184.20;31.70
MACON SUD;MER;;56.40;85.90;137.50;181.70;31.50
MACON SUD;MEUNG;;54.30;83.30;132.20;175.80;30.20
MACON SUD;OLIVET;;53.10;81.60;130.70;172.20;29.70
MACON SUD;ORLEANS CENTRE;;52.40;80.70;128.90;169.80;29.10
MACON SUD;ORLEANS NORD;;51.60;79.30;126.90;168.10;28.70
MACON SUD;PARIS LA FOLIE BESSIN;;60.20;91.70;149.00;196.70;33.90
MACON SUD;ROMORANTIN;;62.10;96.20;152.80;201.90;34.60
MACON SUD;SAINT AIGNAN SUR CHER;;64.80;100.60;159.40;211.50;36.20
MACON SUD;SAINT HILAIRE LES ANDRESIS;;27.60;43.30;67.00;92.30;16.50
MACON SUD;SALBRIS;;58.10;89.90;143.60;191.10;32.50
MACON SUD;SAVIGNY SUR CLAIRIS;;26.60;41.70;64.20;88.90;16.00
MACON SUD;SELLES SUR CHER;;63.90;99.00;156.80;207.60;35.60
MACON SUD;TOURS CENTRE MONNAIE;;65.30;99.70;157.90;209.80;36.80
MACON SUD;VEIGNE;;71.20;110.70;177.20;231.50;40.10
MACON SUD;VIERZON EST;;61.00;93.50;150.90;198.70;34.30
MACON SUD;VIERZON NORD;;60.40;93.10;150.30;198.30;33.70
MAGNANT;ALLAINVILLE;;39.60;60.90;100.30;129.90;21.40
MAGNANT;ARTENAY;;35.50;53.70;88.30;116.00;18.90
MAGNANT;AUXY;;20.90;32.40;52.90;69.50;11.80
MAGNANT;BLERE;;52.30;80.50;130.10;168.50;29.10
MAGNANT;BLOIS;;42.40;64.60;105.40;137.60;23.00
MAGNANT;BOURGES;;49.20;75.20;122.70;160.30;27.10
MAGNANT;CHATEAU RENAULT;;45.30;68.70;111.00;146.30;25.00
MAGNANT;ESCRENNES;;25.40;39.10;65.40;84.90;14.20
MAGNANT;ESVRES;;53.60;82.70;133.90;172.70;29.60
MAGNANT;FONTENAY SUR LOING;;17.20;25.40;40.20;54.70;9.60
MAGNANT;GIDY;;36.00;54.50;89.20;117.10;19.10
MAGNANT;GONDREVILLE LA FRANCHE NORD;;19.00;28.60;44.40;58.90;10.10
MAGNANT;GONDREVILLE LA FRANCHE SUD;;23.50;35.40;55.10;73.10;12.90
MAGNANT;JANVILLE ALLAINES;;36.60;55.60;90.80;119.40;19.70
MAGNANT;LAMOTTE BEUVRON;;41.10;62.40;101.80;133.50;22.40
MAGNANT;MER;;41.00;61.40;100.10;131.00;22.20
MAGNANT;MEUNG;;38.90;58.80;94.80;125.10;20.90
MAGNANT;OLIVET;;37.70;57.10;93.30;121.50;20.40
MAGNANT;ORLEANS CENTRE;;37.00;56.20;91.50;119.10;19.80
MAGNANT;ORLEANS NORD;;36.20;54.80;89.50;117.40;19.40
MAGNANT;PARIS LA FOLIE BESSIN;;44.80;67.20;111.60;146.00;24.60
MAGNANT;ROMORANTIN;;46.70;71.70;115.40;151.20;25.30
MAGNANT;SAINT AIGNAN SUR CHER;;49.40;76.10;122.00;160.80;26.90
MAGNANT;SAINT HILAIRE LES ANDRESIS;;12.20;18.80;29.60;41.60;7.20
MAGNANT;SALBRIS;;42.70;65.40;106.20;140.40;23.20
MAGNANT;SAVIGNY SUR CLAIRIS;;11.20;17.20;26.80;38.20;6.70
MAGNANT;SELLES SUR CHER;;48.50;74.50;119.40;156.90;26.30
MAGNANT;TOURS CENTRE MONNAIE;;49.90;75.20;120.50;159.10;27.50
MAGNANT;VEIGNE;;55.80;86.20;139.80;180.80;30.80
MAGNANT;VIERZON EST;;45.60;69.00;113.50;148.00;25.00
MAGNANT;VIERZON NORD;;45.00;68.60;112.90;147.60;24.40
MANZAT;ALLAINVILLE;;38.30;59.90;91.40;123.30;22.50
MANZAT;ARTENAY;;31.80;50.90;78.10;105.20;19.30
MANZAT;AUXY;;41.20;62.80;100.80;133.10;23.10
MANZAT;BLERE;;29.70;47.10;72.70;97.50;17.90
MANZAT;BLOIS;;35.20;54.70;86.40;112.10;21.20
MANZAT;BOURGES;;15.70;24.40;37.50;51.80;9.30
MANZAT;CHATEAU RENAULT;;36.90;59.00;91.00;123.30;22.50
MANZAT;ESCRENNES;;36.70;56.80;88.80;119.20;21.10
MANZAT;ESVRES;;32.10;50.90;78.80;102.80;19.10
MANZAT;FONTENAY SUR LOING;;45.00;70.00;114.80;149.20;25.30
MANZAT;GIDY;;29.90;46.70;73.30;97.80;17.80
MANZAT;GONDREVILLE LA FRANCHE NORD;;44.70;67.50;109.40;144.70;24.80
MANZAT;GONDREVILLE LA FRANCHE SUD;;49.20;74.30;120.10;158.90;27.60
MANZAT;JANVILLE ALLAINES;;34.10;54.10;82.90;111.10;20.60
MANZAT;LAMOTTE BEUVRON;;23.10;36.20;57.50;75.30;13.40
MANZAT;MER;;33.30;52.50;81.00;108.90;19.50
MANZAT;MEUNG;;30.90;49.20;74.40;102.00;18.50
MANZAT;OLIVET;;27.80;42.90;66.50;89.00;16.20
MANZAT;ORLEANS CENTRE;;28.00;44.40;70.80;90.80;16.50
MANZAT;ORLEANS NORD;;29.70;46.10;71.90;96.30;17.50
MANZAT;PARIS LA FOLIE BESSIN;;40.30;64.00;101.90;134.30;25.00
MANZAT;ROMORANTIN;;22.40;35.80;55.20;73.90;13.70
MANZAT;SAINT AIGNAN SUR CHER;;26.20;41.40;64.60;87.90;15.40
MANZAT;SAINT HILAIRE LES ANDRESIS;;49.80;76.40;123.20;159.90;27.70
MANZAT;SALBRIS;;21.00;33.40;52.00;68.20;12.80
MANZAT;SAVIGNY SUR CLAIRIS;;50.40;76.60;124.00;162.80;28.00
MANZAT;SELLES SUR CHER;;24.40;38.50;58.60;80.70;14.80
MANZAT;TOURS CENTRE MONNAIE;;41.80;66.80;100.50;136.50;24.70
MANZAT;VEIGNE;;32.40;52.40;82.20;108.50;20.30
MANZAT;VIERZON EST;;18.70;29.60;44.60;61.00;11.60
MANZAT;VIERZON NORD;;18.90;29.80;46.90;62.90;11.70
MAROLLES SUR SEINE;ALLAINVILLE;;34.00;51.80;86.10;109.70;17.60
MAROLLES SUR SEINE;ARTENAY;;29.90;44.60;74.10;95.80;15.10
MAROLLES SUR SEINE;AUXY;;15.30;23.30;38.70;49.30;8.00
MAROLLES SUR SEINE;BLERE;;46.70;71.40;115.90;148.30;25.30
MAROLLES SUR SEINE;BLOIS;;36.80;55.50;91.20;117.40;19.20
MAROLLES SUR SEINE;BOURGES;;43.60;66.10;108.50;140.10;23.30
MAROLLES SUR SEINE;CHATEAU RENAULT;;39.70;59.60;96.80;126.10;21.20
MAROLLES SUR SEINE;ESCRENNES;;19.80;30.00;51.20;64.70;10.40
MAROLLES SUR SEINE;ESVRES;;48.00;73.60;119.70;152.50;25.80
MAROLLES SUR SEINE;FONTENAY SUR LOING;;11.60;16.30;26.00;34.50;5.80
MAROLLES SUR SEINE;GIDY;;30.40;45.40;75.00;96.90;15.30
MAROLLES SUR SEINE;GONDREVILLE LA FRANCHE NORD;;13.40;19.50;30.20;38.70;6.30
MAROLLES SUR SEINE;GONDREVILLE LA FRANCHE SUD;;17.90;26.30;40.90;52.90;9.10
MAROLLES SUR SEINE;JANVILLE ALLAINES;;31.00;46.50;76.60;99.20;15.90
MAROLLES SUR SEINE;LAMOTTE BEUVRON;;35.50;53.30;87.60;113.30;18.60
MAROLLES SUR SEINE;MER;;35.40;52.30;85.90;110.80;18.40
MAROLLES SUR SEINE;MEUNG;;33.30;49.70;80.60;104.90;17.10
MAROLLES SUR SEINE;OLIVET;;32.10;48.00;79.10;101.30;16.60
MAROLLES SUR SEINE;ORLEANS CENTRE;;31.40;47.10;77.30;98.90;16.00
MAROLLES SUR SEINE;ORLEANS NORD;;30.60;45.70;75.30;97.20;15.60
MAROLLES SUR SEINE;PARIS LA FOLIE BESSIN;;39.20;58.10;97.40;125.80;20.80
MAROLLES SUR SEINE;ROMORANTIN;;41.10;62.60;101.20;131.00;21.50
MAROLLES SUR SEINE;SAINT AIGNAN SUR CHER;;43.80;67.00;107.80;140.60;23.10
MAROLLES SUR SEINE;SAINT HILAIRE LES ANDRESIS;;6.60;9.70;15.40;21.40;3.40
MAROLLES SUR SEINE;SALBRIS;;37.10;56.30;92.00;120.20;19.40
MAROLLES SUR SEINE;SAVIGNY SUR CLAIRIS;;5.60;8.10;12.60;18.00;2.90
MAROLLES SUR SEINE;SELLES SUR CHER;;42.90;65.40;105.20;136.70;22.50
MAROLLES SUR SEINE;TOURS CENTRE MONNAIE;;44.30;66.10;106.30;138.90;23.70
MAROLLES SUR SEINE;VEIGNE;;50.20;77.10;125.60;160.60;27.00
MAROLLES SUR SEINE;VIERZON EST;;40.00;59.90;99.30;127.80;21.20
MAROLLES SUR SEINE;VIERZON NORD;;39.40;59.50;98.70;127.40;20.60
MER;ALLAINVILLE;;12.50;19.60;30.70;40.00;8.10
MER;AMBERIEU EN BUGEY;;62.60;94.90;152.30;202.30;35.30
MER;ARLAY;;56.70;86.70;141.00;185.50;31.60
MER;ARTENAY;;6.90;10.40;16.90;22.30;4.20
MER;AUXERRE NORD;;34.50;51.30;84.60;108.30;18.10
MER;AUXERRE SUD;;34.50;51.30;84.60;108.30;18.10
MER;AUXY;;17.30;24.60;40.70;52.00;8.90
MER;AVALLON;;38.70;58.00;95.60;124.00;21.00
MER;BALAN;;63.50;97.00;155.10;205.60;35.90
MER;BARRIERE DE MONTREUIL AUX LIONS;;63.70;94.80;152.20;198.50;35.30
MER;BAUME LES DAMES;;59.80;91.40;147.40;195.70;33.80
MER;BEAUMONT;;64.00;96.20;155.00;201.80;35.00
MER;BEAUNE NORD;;47.20;71.80;116.40;151.70;26.10
MER;BEAUNE SUD;;48.50;73.30;119.00;155.80;26.70
MER;BEAUPONT;;60.00;91.90;148.90;197.10;34.10
MER;BEAUREPAIRE;;57.90;88.40;143.10;190.00;32.30
MER;BELLEGARDE;;69.50;106.70;170.80;227.70;39.70
MER;BELLEVILLE SUR SAONE;;58.00;88.30;141.70;187.60;32.30
MER;BERSAILLIN;;56.50;85.20;139.50;183.80;31.50
MER;BESANCON EST;;57.00;87.80;141.90;188.30;32.10
MER;BESANCON NORD;;57.00;86.70;140.30;185.30;31.70
MER;BESANCON OUEST;;57.00;86.10;139.80;184.20;31.60
MER;BEYNOST;;66.00;101.10;161.30;214.60;37.90
MER;BIERRE LES SEMUR;;40.80;60.90;100.20;130.30;22.20
MER;BLERE;;20.70;34.10;51.40;67.20;12.70
MER;BLOIS;;1.80;3.30;4.80;5.80;1.30
MER;BOURG NORD;;58.20;88.80;141.90;188.30;32.70
MER;BOURG SUD;;59.50;91.10;146.00;193.50;34.10
MER;BOURGES;;17.60;28.10;43.50;57.10;10.20
MER;BULGNEVILLE;;51.50;78.10;125.70;166.60;28.30
MER;CHALON CENTRE;;50.90;77.50;124.00;163.20;28.00
MER;CHALON NORD;;50.90;77.50;124.00;163.20;28.00
MER;CHALON SUD;;50.90;77.50;124.00;163.20;28.00
MER;CHALONS LA VEUVE;;50.00;74.80;123.30;158.70;27.40
MER;CHARMONT;;41.90;63.00;103.00;134.20;22.70
MER;CHATEAU RENAULT;;4.90;8.10;13.10;15.30;3.00
MER;CHATEAU THIERRY;;58.90;87.80;142.00;186.60;32.50
MER;CHATENOIS;;52.10;78.80;127.50;168.60;28.90
MER;CHATILLON LABORDE;;37.80;56.60;92.50;119.70;20.50
MER;CHAUMONT SEMOUTIERS;;44.50;66.90;109.40;143.20;24.20
MER;CHOISEY;;53.30;80.40;130.90;172.50;29.40
MER;CLERMONT;;36.40;56.50;90.30;122.60;21.20
MER;CLERMONT EN ARGONNE;;53.30;81.50;131.90;171.50;29.90
MER;COLOMBEY LES BELLES;;54.90;82.70;133.90;178.30;30.20
MER;COMBRONDE;;31.70;49.20;77.30;104.60;18.30
MER;COURTENAY;;30.00;44.40;73.70;93.30;15.60
MER;CRIMOLOIS;;52.10;78.50;128.00;167.60;28.90
MER;DEUX CHAISES;;28.10;44.40;69.80;94.00;16.50
MER;DIJON SUD;;51.10;77.90;125.30;164.80;28.10
MER;DIJON ARC SUR TILLE;;52.80;80.30;129.20;170.20;29.20
MER;DOLE;;53.30;80.40;130.90;172.50;29.40
MER;DORMANS;;56.10;84.20;136.30;177.90;31.20
MER;EGLETONS;;46.20;71.70;108.40;148.90;27.10
MER;ELOISE ANNECY;;70.90;109.20;174.20;232.70;40.70
MER;EPERNAY;;53.60;79.70;130.10;168.70;29.00
MER;ESCRENNES;;12.80;18.60;28.70;38.10;6.90
MER;ESVRES;;22.50;36.10;55.30;71.50;13.80
MER;FEILLENS;;55.60;84.80;137.00;181.40;31.40
MER;FLEURY EN BIERE;;36.40;54.50;88.90;114.20;19.40
MER;FONTAINEBLEAU;;33.70;50.10;82.70;104.80;17.80
MER;FONTENAY SUR LOING;;21.10;31.80;54.70;68.10;11.10
MER;FORET DE TRONCAIS;;24.00;38.00;58.30;77.40;14.00
MER;FORGES;;35.40;52.30;85.90;110.80;18.40
MER;FRESNES EN WOEVRE;;58.60;89.00;143.80;186.70;32.40
MER;GANNAT;;31.40;49.10;76.50;103.90;18.20
MER;GENDREY;;54.40;82.70;134.40;177.90;30.50
MER;GERZAT;;33.30;52.10;80.90;108.20;19.40
MER;GIDY;;5.60;8.30;12.70;16.60;3.60
MER;GONDREVILLE LA FRANCHE NORD;;20.80;29.30;49.30;63.60;10.60
MER;GONDREVILLE LA FRANCHE SUD;;25.30;36.10;60.00;77.80;13.40
MER;GROISSIAT;;66.40;101.70;163.40;217.40;38.10
MER;GYE;;57.20;86.00;138.20;183.70;31.50
MER;JANVILLE ALLAINES;;7.80;13.40;20.90;27.50;4.70
MER;JARNY;;59.90;91.90;146.60;188.70;33.50
MER;JOIGNY;;31.70;46.80;77.20;98.40;16.60
MER;L ISLE SUR LE DOUBS;;61.40;93.70;150.90;200.30;34.60
MER;LA BOISSE;;67.50;103.40;165.50;220.40;38.70
MER;LA BOISSE MONTLUEL;;65.10;99.10;156.40;207.50;37.10
MER;LA COTIERE;;65.90;100.30;160.70;211.90;37.80
MER;LA CROIX CHALON;;64.60;98.90;159.00;211.60;36.80
MER;LAMOTTE BEUVRON;;8.30;13.50;22.00;29.00;4.90
MER;LANGRES NORD;;46.60;69.70;112.20;148.20;25.40
MER;LANGRES SUD;;47.40;71.10;115.00;151.10;26.10
MER;LE MIROIR;;59.00;89.90;145.60;192.30;33.20
MER;LES EPRUNES;;38.90;58.90;96.40;125.60;21.40
MER;MACON NORD;;55.50;84.40;135.00;178.50;31.00
MER;MACON SUD;;56.40;85.90;137.50;181.70;31.50
MER;MAGNANT;;41.00;61.40;100.10;131.00;22.20
MER;MANZAT;;33.30;52.50;81.00;108.90;19.50
MER;MAROLLES SUR SEINE;;35.40;52.30;85.90;110.80;18.40
MER;MEUNG;;1.40;2.40;3.60;4.30;0.90
MER;MONT CHOISY;;47.50;71.90;118.30;153.40;26.30
MER;MONTIGNY LE ROI;;48.30;72.20;117.50;155.10;26.50
MER;MONTLUCON;;26.40;41.60;64.20;86.60;15.30
MER;MONTMARAULT;;27.70;43.70;68.40;92.70;16.10
MER;MONTREUIL AUX LIONS;;61.50;91.30;146.80;190.10;33.80
MER;NEMOURS;;33.70;50.10;82.70;104.80;17.80
MER;NITRY;;36.80;54.90;90.00;116.80;19.60
MER;NUITS SAINT GEORGES;;49.40;74.90;121.70;159.70;27.20
MER;OLIVET;;5.10;7.30;12.10;15.80;3.20
MER;ORLEANS CENTRE;;4.50;6.30;11.10;13.20;2.70
MER;ORLEANS NORD;;5.30;7.20;11.10;15.10;3.40
MER;ORMES;;55.10;81.80;133.20;172.80;29.80
MER;PARIS LA FOLIE BESSIN;;17.90;26.30;43.60;57.50;10.80
MER;PEROUGES;;63.50;97.00;155.10;205.60;35.90
MER;PONT D AIN;;60.90;93.50;150.80;199.30;34.70
MER;POUILLY EN AUXOIS;;44.60;67.10;109.00;143.50;24.10
MER;REIMS TAISSY;;53.80;80.20;131.50;170.40;29.30
MER;REIMS TINQUEUX;;55.50;82.60;133.80;174.80;30.20
MER;REPLONGES;;55.60;84.80;137.00;181.40;31.40
MER;RIOM;;33.10;51.90;80.30;108.00;19.20
MER;ROBECOURT;;50.00;75.80;122.30;161.70;27.60
MER;ROMORANTIN;;15.00;24.20;33.70;48.20;9.00
MER;SAINT AIGNAN SUR CHER;;18.20;29.20;42.30;59.30;11.00
MER;SAINT AMAND;;21.40;34.00;52.50;69.00;12.40
MER;SAINT DENIS LES SENS;;32.40;48.20;79.10;100.50;17.00
MER;SAINT ETIENNE AU TEMPLE;;49.40;75.10;123.70;161.30;27.50
MER;SAINT GENIS;;60.10;91.50;145.30;191.80;33.70
MER;SAINT GERMAIN LAXIS;;37.80;56.60;92.50;119.70;20.50
MER;SAINT GIBRIEN;;48.60;73.20;120.00;156.20;26.80
MER;SAINT HILAIRE LES ANDRESIS;;25.90;38.20;63.10;78.80;13.50
MER;SAINT MARTIN DU FRESNE;;64.30;98.80;157.50;209.80;36.80
MER;SAINT MAURICE;;66.10;101.00;163.40;218.10;37.90
MER;SAINT THIBAULT;;38.30;57.40;94.60;123.00;20.90
MER;SAINTE MENEHOULD;;51.70;78.90;129.70;169.10;29.00
MER;SALBRIS;;10.60;16.70;26.70;36.30;6.30
MER;SAVIGNY SUR CLAIRIS;;26.50;38.40;63.90;81.70;13.80
MER;SELLES SUR CHER;;17.30;27.40;37.80;54.80;10.50
MER;SEURRE;;50.60;77.10;123.90;163.40;27.90
MER;SOIRANS;;52.00;78.40;128.90;168.70;29.20
MER;SOMMESOUS;;45.20;68.40;112.30;146.10;24.80
MER;ST GERMAIN LES VERGNES;;51.50;80.20;120.00;164.20;30.40
MER;ST JULIEN SANCY;;38.30;60.20;92.30;124.20;22.60
MER;SYLANS;;65.00;99.80;159.10;212.00;37.20
MER;THENNELIERES;;39.70;59.70;96.30;125.10;21.80
MER;TIL CHATEL;;49.90;74.60;122.10;161.40;27.40
MER;TORVILLIERS;;37.80;56.60;92.80;120.00;20.50
MER;TOURNUS;;52.60;80.00;128.70;169.00;29.20
MER;TOURS CENTRE MONNAIE;;9.40;15.20;24.20;29.40;5.50
MER;TULLE EST;;49.10;76.30;115.20;155.40;28.70
MER;TULLE NORD;;49.80;77.60;116.00;160.50;29.00
MER;URY;;34.50;51.20;84.00;107.00;18.30
MER;USSEL EST;;41.10;64.80;99.00;134.10;24.00
MER;USSEL OUEST;;43.20;66.80;102.60;139.60;25.30
MER;VAL DE SAONE;;62.90;94.20;152.90;202.90;35.00
MER;VALLEE DE L AUBE;;43.10;65.10;106.20;138.40;23.50
MER;VATRY;;46.00;69.10;112.40;147.50;25.00
MER;VEIGNE;;23.70;38.80;61.30;78.10;14.40
MER;VERDUN;;58.60;89.00;143.80;186.70;32.40
MER;VIERZON EST;;13.60;20.40;34.90;44.30;8.20
MER;VIERZON NORD;;13.20;19.90;33.30;43.20;7.90
MER;VILLE SOUS LA FERTE;;42.60;64.20;105.30;137.30;23.10
MER;VILLEFRANCHE NORD;;59.00;89.20;145.00;191.70;33.30
MER;VILLEFRANCHE LIMAS;;63.20;95.90;153.50;203.70;35.30
MER;VILLEFRANCHE VILLE;;59.60;90.80;145.80;192.80;33.60
MER;VILLENEUVE DONDAGRE;;31.10;46.20;76.20;96.90;16.30
MER;VIRIAT;;58.30;88.90;142.50;189.30;33.40
MER;VIRY;;75.30;116.70;185.90;247.90;43.60
MER;VOIE SACREE;;55.80;85.00;135.70;177.70;31.00
MER;VULAINES;;35.70;52.30;85.90;110.70;18.50
MER;VULCANIA BROMONT;;35.70;55.90;86.40;116.50;20.90
MEUNG;ALLAINVILLE;;9.10;13.60;23.10;30.30;5.70
MEUNG;AMBERIEU EN BUGEY;;60.50;92.30;147.00;196.40;34.00
MEUNG;ARLAY;;54.60;84.10;135.70;179.60;30.30
MEUNG;ARTENAY;;4.70;7.50;11.20;14.40;2.90
MEUNG;AUXERRE NORD;;32.40;48.70;79.30;102.40;16.80
MEUNG;AUXERRE SUD;;32.40;48.70;79.30;102.40;16.80
MEUNG;AUXY;;15.20;22.00;35.40;46.10;7.60
MEUNG;AVALLON;;36.60;55.40;90.30;118.10;19.70
MEUNG;BALAN;;61.40;94.40;149.80;199.70;34.60
MEUNG;BARRIERE DE MONTREUIL AUX LIONS;;61.60;92.20;146.90;192.60;34.00
MEUNG;BAUME LES DAMES;;57.70;88.80;142.10;189.80;32.50
MEUNG;BEAUMONT;;61.90;93.60;149.70;195.90;33.70
MEUNG;BEAUNE NORD;;45.10;69.20;111.10;145.80;24.80
MEUNG;BEAUNE SUD;;46.40;70.70;113.70;149.90;25.40
MEUNG;BEAUPONT;;57.90;89.30;143.60;191.20;32.80
MEUNG;BEAUREPAIRE;;55.80;85.80;137.80;184.10;31.00
MEUNG;BELLEGARDE;;67.40;104.10;165.50;221.80;38.40
MEUNG;BELLEVILLE SUR SAONE;;55.90;85.70;136.40;181.70;31.00
MEUNG;BERSAILLIN;;54.40;82.60;134.20;177.90;30.20
MEUNG;BESANCON EST;;54.90;85.20;136.60;182.40;30.80
MEUNG;BESANCON NORD;;54.90;84.10;135.00;179.40;30.40
MEUNG;BESANCON OUEST;;54.90;83.50;134.50;178.30;30.30
MEUNG;BEYNOST;;63.90;98.50;156.00;208.70;36.60
MEUNG;BIERRE LES SEMUR;;38.70;58.30;94.90;124.40;20.90
MEUNG;BLERE;;18.40;30.00;46.10;59.10;11.10
MEUNG;BLOIS;;3.20;5.70;9.60;11.20;1.90
MEUNG;BOURG NORD;;56.10;86.20;136.60;182.40;31.40
MEUNG;BOURG SUD;;57.40;88.50;140.70;187.60;32.80
MEUNG;BOURGES;;15.20;24.80;36.90;50.20;9.20
MEUNG;BULGNEVILLE;;49.40;75.50;120.40;160.70;27.00
MEUNG;CHALON CENTRE;;48.80;74.90;118.70;157.30;26.70
MEUNG;CHALON NORD;;48.80;74.90;118.70;157.30;26.70
MEUNG;CHALON SUD;;48.80;74.90;118.70;157.30;26.70
MEUNG;CHALONS LA VEUVE;;47.90;72.20;118.00;152.80;26.10
MEUNG;CHARMONT;;39.80;60.40;97.70;128.30;21.40
MEUNG;CHATEAU RENAULT;;5.60;8.60;15.00;17.60;3.50
MEUNG;CHATEAU THIERRY;;56.80;85.20;136.70;180.70;31.20
MEUNG;CHATENOIS;;50.00;76.20;122.20;162.70;27.60
MEUNG;CHATILLON LABORDE;;35.70;54.00;87.20;113.80;19.20
MEUNG;CHAUMONT SEMOUTIERS;;42.40;64.30;104.10;137.30;22.90
MEUNG;CHOISEY;;51.20;77.80;125.60;166.60;28.10
MEUNG;CLERMONT;;34.00;53.20;83.70;115.70;20.20
MEUNG;CLERMONT EN ARGONNE;;51.20;78.90;126.60;165.60;28.60
MEUNG;COLOMBEY LES BELLES;;52.80;80.10;128.60;172.40;28.90
MEUNG;COMBRONDE;;29.30;45.90;70.70;97.70;17.30
MEUNG;COURTENAY;;27.90;41.80;68.40;87.40;14.30
MEUNG;CRIMOLOIS;;50.00;75.90;122.70;161.70;27.60
MEUNG;DEUX CHAISES;;25.70;41.10;63.20;87.10;15.50
MEUNG;DIJON SUD;;49.00;75.30;120.00;158.90;26.80
MEUNG;DIJON ARC SUR TILLE;;50.70;77.70;123.90;164.30;27.90
MEUNG;DOLE;;51.20;77.80;125.60;166.60;28.10
MEUNG;DORMANS;;54.00;81.60;131.00;172.00;29.90
MEUNG;EGLETONS;;43.80;68.40;101.80;142.00;26.10
MEUNG;ELOISE ANNECY;;68.80;106.60;168.90;226.80;39.40
MEUNG;EPERNAY;;51.50;77.10;124.80;162.80;27.70
MEUNG;ESCRENNES;;10.70;16.00;23.40;32.20;5.60
MEUNG;ESVRES;;20.00;31.70;50.20;63.70;12.30
MEUNG;FEILLENS;;53.50;82.20;131.70;175.50;30.10
MEUNG;FLEURY EN BIERE;;34.30;51.90;83.60;108.30;18.10
MEUNG;FONTAINEBLEAU;;31.60;47.50;77.40;98.90;16.50
MEUNG;FONTENAY SUR LOING;;19.00;29.20;49.40;62.20;9.80
MEUNG;FORET DE TRONCAIS;;21.60;34.70;51.70;70.50;13.00
MEUNG;FORGES;;33.30;49.70;80.60;104.90;17.10
MEUNG;FRESNES EN WOEVRE;;56.50;86.40;138.50;180.80;31.10
MEUNG;GANNAT;;29.00;45.80;69.90;97.00;17.20
MEUNG;GENDREY;;52.30;80.10;129.10;172.00;29.20
MEUNG;GERZAT;;30.90;48.80;74.30;101.30;18.40
MEUNG;GIDY;;3.00;4.90;6.80;9.30;1.50
MEUNG;GONDREVILLE LA FRANCHE NORD;;18.70;26.70;44.00;57.70;9.30
MEUNG;GONDREVILLE LA FRANCHE SUD;;23.20;33.50;54.70;71.90;12.10
MEUNG;GROISSIAT;;64.30;99.10;158.10;211.50;36.80
MEUNG;GYE;;55.10;83.40;132.90;177.80;30.20
MEUNG;JANVILLE ALLAINES;;5.70;8.80;14.60;17.80;3.80
MEUNG;JARNY;;57.80;89.30;141.30;182.80;32.20
MEUNG;JOIGNY;;29.60;44.20;71.90;92.50;15.30
MEUNG;L ISLE SUR LE DOUBS;;59.30;91.10;145.60;194.40;33.30
MEUNG;LA BOISSE;;65.40;100.80;160.20;214.50;37.40
MEUNG;LA BOISSE MONTLUEL;;63.00;96.50;151.10;201.60;35.80
MEUNG;LA COTIERE;;63.80;97.70;155.40;206.00;36.50
MEUNG;LA CROIX CHALON;;62.50;96.30;153.70;205.70;35.50
MEUNG;LAMOTTE BEUVRON;;6.40;9.50;15.50;20.30;3.90
MEUNG;LANGRES NORD;;44.50;67.10;106.90;142.30;24.10
MEUNG;LANGRES SUD;;45.30;68.50;109.70;145.20;24.80
MEUNG;LE MIROIR;;56.90;87.30;140.30;186.40;31.90
MEUNG;LES EPRUNES;;36.80;56.30;91.10;119.70;20.10
MEUNG;MACON NORD;;53.40;81.80;129.70;172.60;29.70
MEUNG;MACON SUD;;54.30;83.30;132.20;175.80;30.20
MEUNG;MAGNANT;;38.90;58.80;94.80;125.10;20.90
MEUNG;MANZAT;;30.90;49.20;74.40;102.00;18.50
MEUNG;MAROLLES SUR SEINE;;33.30;49.70;80.60;104.90;17.10
MEUNG;MER;;1.40;2.40;3.60;4.30;0.90
MEUNG;MONT CHOISY;;45.40;69.30;113.00;147.50;25.00
MEUNG;MONTIGNY LE ROI;;46.20;69.60;112.20;149.20;25.20
MEUNG;MONTLUCON;;24.00;38.30;57.60;79.70;14.30
MEUNG;MONTMARAULT;;25.30;40.40;61.80;85.80;15.10
MEUNG;MONTREUIL AUX LIONS;;59.40;88.70;141.50;184.20;32.50
MEUNG;NEMOURS;;31.60;47.50;77.40;98.90;16.50
MEUNG;NITRY;;34.70;52.30;84.70;110.90;18.30
MEUNG;NUITS SAINT GEORGES;;47.30;72.30;116.40;153.80;25.90
MEUNG;OLIVET;;3.10;4.40;5.80;9.10;2.10
MEUNG;ORLEANS CENTRE;;2.00;3.80;5.00;5.30;1.40
MEUNG;ORLEANS NORD;;2.70;4.10;5.50;7.70;1.30
MEUNG;ORMES;;53.00;79.20;127.90;166.90;28.50
MEUNG;PARIS LA FOLIE BESSIN;;14.90;22.40;36.80;47.20;9.10
MEUNG;PEROUGES;;61.40;94.40;149.80;199.70;34.60
MEUNG;PONT D AIN;;58.80;90.90;145.50;193.40;33.40
MEUNG;POUILLY EN AUXOIS;;42.50;64.50;103.70;137.60;22.80
MEUNG;REIMS TAISSY;;51.70;77.60;126.20;164.50;28.00
MEUNG;REIMS TINQUEUX;;53.40;80.00;128.50;168.90;28.90
MEUNG;REPLONGES;;53.50;82.20;131.70;175.50;30.10
MEUNG;RIOM;;30.70;48.60;73.70;101.10;18.20
MEUNG;ROBECOURT;;47.90;73.20;117.00;155.80;26.30
MEUNG;ROMORANTIN;;12.10;19.70;29.00;39.00;7.30
MEUNG;SAINT AIGNAN SUR CHER;;14.80;24.10;37.10;50.50;9.10
MEUNG;SAINT AMAND;;19.00;30.70;45.90;62.10;11.40
MEUNG;SAINT DENIS LES SENS;;30.30;45.60;73.80;94.60;15.70
MEUNG;SAINT ETIENNE AU TEMPLE;;47.30;72.50;118.40;155.40;26.20
MEUNG;SAINT GENIS;;58.00;88.90;140.00;185.90;32.40
MEUNG;SAINT GERMAIN LAXIS;;35.70;54.00;87.20;113.80;19.20
MEUNG;SAINT GIBRIEN;;46.50;70.60;114.70;150.30;25.50
MEUNG;SAINT HILAIRE LES ANDRESIS;;23.80;35.60;57.80;72.90;12.20
MEUNG;SAINT MARTIN DU FRESNE;;62.20;96.20;152.20;203.90;35.50
MEUNG;SAINT MAURICE;;64.00;98.40;158.10;212.20;36.60
MEUNG;SAINT THIBAULT;;36.20;54.80;89.30;117.10;19.60
MEUNG;SAINTE MENEHOULD;;49.60;76.30;124.40;163.20;27.70
MEUNG;SALBRIS;;7.60;12.60;20.10;27.00;4.50
MEUNG;SAVIGNY SUR CLAIRIS;;24.40;35.80;58.60;75.80;12.50
MEUNG;SELLES SUR CHER;;14.00;22.90;32.40;44.70;8.50
MEUNG;SEURRE;;48.50;74.50;118.60;157.50;26.60
MEUNG;SOIRANS;;49.90;75.80;123.60;162.80;27.90
MEUNG;SOMMESOUS;;43.10;65.80;107.00;140.20;23.50
MEUNG;ST GERMAIN LES VERGNES;;49.10;76.90;113.40;157.30;29.40
MEUNG;ST JULIEN SANCY;;35.90;56.90;85.70;117.30;21.60
MEUNG;SYLANS;;62.90;97.20;153.80;206.10;35.90
MEUNG;THENNELIERES;;37.60;57.10;91.00;119.20;20.50
MEUNG;TIL CHATEL;;47.80;72.00;116.80;155.50;26.10
MEUNG;TORVILLIERS;;35.70;54.00;87.50;114.10;19.20
MEUNG;TOURNUS;;50.50;77.40;123.40;163.10;27.90
MEUNG;TOURS CENTRE MONNAIE;;10.70;15.90;26.50;32.60;6.80
MEUNG;TULLE EST;;46.70;73.00;108.60;148.50;27.70
MEUNG;TULLE NORD;;47.40;74.30;109.40;153.60;28.00
MEUNG;URY;;32.40;48.60;78.70;101.10;17.00
MEUNG;USSEL EST;;38.70;61.50;92.40;127.20;23.00
MEUNG;USSEL OUEST;;40.80;63.50;96.00;132.70;24.30
MEUNG;VAL DE SAONE;;60.80;91.60;147.60;197.00;33.70
MEUNG;VALLEE DE L AUBE;;41.00;62.50;100.90;132.50;22.20
MEUNG;VATRY;;43.90;66.50;107.10;141.60;23.70
MEUNG;VEIGNE;;21.00;34.80;55.40;68.40;13.20
MEUNG;VERDUN;;56.50;86.40;138.50;180.80;31.10
MEUNG;VIERZON EST;;11.30;17.70;29.20;35.80;7.00
MEUNG;VIERZON NORD;;11.10;17.60;27.00;35.40;6.50
MEUNG;VILLE SOUS LA FERTE;;40.50;61.60;100.00;131.40;21.80
MEUNG;VILLEFRANCHE NORD;;56.90;86.60;139.70;185.80;32.00
MEUNG;VILLEFRANCHE LIMAS;;61.10;93.30;148.20;197.80;34.00
MEUNG;VILLEFRANCHE VILLE;;57.50;88.20;140.50;186.90;32.30
MEUNG;VILLENEUVE DONDAGRE;;29.00;43.60;70.90;91.00;15.00
MEUNG;VIRIAT;;56.20;86.30;137.20;183.40;32.10
MEUNG;VIRY;;73.20;114.10;180.60;242.00;42.30
MEUNG;VOIE SACREE;;53.70;82.40;130.40;171.80;29.70
MEUNG;VULAINES;;33.60;49.70;80.60;104.80;17.20
MEUNG;VULCANIA BROMONT;;33.30;52.60;79.80;109.60;19.90
MIRAMBEAU;CHATELLERAULT NORD;;22.50;36.70;53.10;68.90;14.30
MIRAMBEAU;CHATELLERAULT SUD;;21.70;35.10;48.40;64.20;13.30
MIRAMBEAU;FUTUROSCOPE;;19.50;31.90;44.60;58.40;12.10
MIRAMBEAU;POITIERS NORD;;18.80;31.10;42.80;56.60;11.80
MIRAMBEAU;POITIERS SUD;;17.70;28.90;39.60;53.30;11.00
MIRAMBEAU;SAINTE MAURE;;25.90;42.10;60.10;80.70;16.30
MIRAMBEAU;TOURS CENTRE SORIGNY;;32.60;50.90;74.90;100.60;20.10
MONT CHOISY;ALLAINVILLE;;46.10;71.40;118.50;152.30;25.50
MONT CHOISY;ARTENAY;;42.00;64.20;106.50;138.40;23.00
MONT CHOISY;AUXY;;27.40;42.90;71.10;91.90;15.90
MONT CHOISY;BLERE;;58.80;91.00;148.30;190.90;33.20
MONT CHOISY;BLOIS;;48.90;75.10;123.60;160.00;27.10
MONT CHOISY;BOURGES;;55.70;85.70;140.90;182.70;31.20
MONT CHOISY;CHATEAU RENAULT;;51.80;79.20;129.20;168.70;29.10
MONT CHOISY;ESCRENNES;;31.90;49.60;83.60;107.30;18.30
MONT CHOISY;ESVRES;;60.10;93.20;152.10;195.10;33.70
MONT CHOISY;FONTENAY SUR LOING;;23.70;35.90;58.40;77.10;13.70
MONT CHOISY;GIDY;;42.50;65.00;107.40;139.50;23.20
MONT CHOISY;GONDREVILLE LA FRANCHE NORD;;25.50;39.10;62.60;81.30;14.20
MONT CHOISY;GONDREVILLE LA FRANCHE SUD;;30.00;45.90;73.30;95.50;17.00
MONT CHOISY;JANVILLE ALLAINES;;43.10;66.10;109.00;141.80;23.80
MONT CHOISY;LAMOTTE BEUVRON;;47.60;72.90;120.00;155.90;26.50
MONT CHOISY;MER;;47.50;71.90;118.30;153.40;26.30
MONT CHOISY;MEUNG;;45.40;69.30;113.00;147.50;25.00
MONT CHOISY;OLIVET;;44.20;67.60;111.50;143.90;24.50
MONT CHOISY;ORLEANS CENTRE;;43.50;66.70;109.70;141.50;23.90
MONT CHOISY;ORLEANS NORD;;42.70;65.30;107.70;139.80;23.50
MONT CHOISY;PARIS LA FOLIE BESSIN;;51.30;77.70;129.80;168.40;28.70
MONT CHOISY;ROMORANTIN;;53.20;82.20;133.60;173.60;29.40
MONT CHOISY;SAINT AIGNAN SUR CHER;;55.90;86.60;140.20;183.20;31.00
MONT CHOISY;SAINT HILAIRE LES ANDRESIS;;18.70;29.30;47.80;64.00;11.30
MONT CHOISY;SALBRIS;;49.20;75.90;124.40;162.80;27.30
MONT CHOISY;SAVIGNY SUR CLAIRIS;;17.70;27.70;45.00;60.60;10.80
MONT CHOISY;SELLES SUR CHER;;55.00;85.00;137.60;179.30;30.40
MONT CHOISY;TOURS CENTRE MONNAIE;;56.40;85.70;138.70;181.50;31.60
MONT CHOISY;VEIGNE;;62.30;96.70;158.00;203.20;34.90
MONT CHOISY;VIERZON EST;;52.10;79.50;131.70;170.40;29.10
MONT CHOISY;VIERZON NORD;;51.50;79.10;131.10;170.00;28.50
MONTAIGU;CHATELLERAULT NORD;;21.90;34.10;51.60;66.20;14.00
MONTAIGU;CHATELLERAULT SUD;;21.10;32.50;46.90;61.50;13.00
MONTAIGU;FUTUROSCOPE;;18.90;29.30;43.10;55.70;11.80
MONTAIGU;POITIERS NORD;;18.20;28.50;41.30;53.90;11.50
MONTAIGU;POITIERS SUD;;17.10;26.30;38.10;50.60;10.70
MONTAIGU;SAINTE MAURE;;25.30;39.50;58.60;78.00;16.00
MONTAIGU;TOURS CENTRE SORIGNY;;32.00;48.30;73.40;97.90;19.80
MONTIGNY LE ROI;ALLAINVILLE;;46.90;71.70;117.70;154.00;25.70
MONTIGNY LE ROI;ARTENAY;;42.80;64.50;105.70;140.10;23.20
MONTIGNY LE ROI;AUXY;;28.20;43.20;70.30;93.60;16.10
MONTIGNY LE ROI;BLERE;;59.60;91.30;147.50;192.60;33.40
MONTIGNY LE ROI;BLOIS;;49.70;75.40;122.80;161.70;27.30
MONTIGNY LE ROI;BOURGES;;56.50;86.00;140.10;184.40;31.40
MONTIGNY LE ROI;CHATEAU RENAULT;;52.60;79.50;128.40;170.40;29.30
MONTIGNY LE ROI;ESCRENNES;;32.70;49.90;82.80;109.00;18.50
MONTIGNY LE ROI;ESVRES;;60.90;93.50;151.30;196.80;33.90
MONTIGNY LE ROI;FONTENAY SUR LOING;;24.50;36.20;57.60;78.80;13.90
MONTIGNY LE ROI;GIDY;;43.30;65.30;106.60;141.20;23.40
MONTIGNY LE ROI;GONDREVILLE LA FRANCHE NORD;;26.30;39.40;61.80;83.00;14.40
MONTIGNY LE ROI;GONDREVILLE LA FRANCHE SUD;;30.80;46.20;72.50;97.20;17.20
MONTIGNY LE ROI;JANVILLE ALLAINES;;43.90;66.40;108.20;143.50;24.00
MONTIGNY LE ROI;LAMOTTE BEUVRON;;48.40;73.20;119.20;157.60;26.70
MONTIGNY LE ROI;MER;;48.30;72.20;117.50;155.10;26.50
MONTIGNY LE ROI;MEUNG;;46.20;69.60;112.20;149.20;25.20
MONTIGNY LE ROI;OLIVET;;45.00;67.90;110.70;145.60;24.70
MONTIGNY LE ROI;ORLEANS CENTRE;;44.30;67.00;108.90;143.20;24.10
MONTIGNY LE ROI;ORLEANS NORD;;43.50;65.60;106.90;141.50;23.70
MONTIGNY LE ROI;PARIS LA FOLIE BESSIN;;52.10;78.00;129.00;170.10;28.90
MONTIGNY LE ROI;ROMORANTIN;;54.00;82.50;132.80;175.30;29.60
MONTIGNY LE ROI;SAINT AIGNAN SUR CHER;;56.70;86.90;139.40;184.90;31.20
MONTIGNY LE ROI;SAINT HILAIRE LES ANDRESIS;;19.50;29.60;47.00;65.70;11.50
MONTIGNY LE ROI;SALBRIS;;50.00;76.20;123.60;164.50;27.50
MONTIGNY LE ROI;SAVIGNY SUR CLAIRIS;;18.50;28.00;44.20;62.30;11.00
MONTIGNY LE ROI;SELLES SUR CHER;;55.80;85.30;136.80;181.00;30.60
MONTIGNY LE ROI;TOURS CENTRE MONNAIE;;57.20;86.00;137.90;183.20;31.80
MONTIGNY LE ROI;VEIGNE;;63.10;97.00;157.20;204.90;35.10
MONTIGNY LE ROI;VIERZON EST;;52.90;79.80;130.90;172.10;29.30
MONTIGNY LE ROI;VIERZON NORD;;52.30;79.40;130.30;171.70;28.70
MONTLUCON;ALLAINVILLE;;31.40;49.00;74.60;101.00;18.30
MONTLUCON;ARTENAY;;24.90;40.00;61.30;82.90;15.10
MONTLUCON;AUXY;;34.30;51.90;84.00;110.80;18.90
MONTLUCON;BLERE;;22.80;36.20;55.90;75.20;13.70
MONTLUCON;BLOIS;;28.30;43.80;69.60;89.80;17.00
MONTLUCON;BOURGES;;8.80;13.50;20.70;29.50;5.10
MONTLUCON;CHATEAU RENAULT;;30.00;48.10;74.20;101.00;18.30
MONTLUCON;ESCRENNES;;29.80;45.90;72.00;96.90;16.90
MONTLUCON;ESVRES;;25.20;40.00;62.00;80.50;14.90
MONTLUCON;FONTENAY SUR LOING;;38.10;59.10;98.00;126.90;21.10
MONTLUCON;GIDY;;23.00;35.80;56.50;75.50;13.60
MONTLUCON;GONDREVILLE LA FRANCHE NORD;;37.80;56.60;92.60;122.40;20.60
MONTLUCON;GONDREVILLE LA FRANCHE SUD;;42.30;63.40;103.30;136.60;23.40
MONTLUCON;JANVILLE ALLAINES;;27.20;43.20;66.10;88.80;16.40
MONTLUCON;LAMOTTE BEUVRON;;16.20;25.30;40.70;53.00;9.20
MONTLUCON;MER;;26.40;41.60;64.20;86.60;15.30
MONTLUCON;MEUNG;;24.00;38.30;57.60;79.70;14.30
MONTLUCON;OLIVET;;20.90;32.00;49.70;66.70;12.00
MONTLUCON;ORLEANS CENTRE;;21.10;33.50;54.00;68.50;12.30
MONTLUCON;ORLEANS NORD;;22.80;35.20;55.10;74.00;13.30
MONTLUCON;PARIS LA FOLIE BESSIN;;33.40;53.10;85.10;112.00;20.80
MONTLUCON;ROMORANTIN;;15.50;24.90;38.40;51.60;9.50
MONTLUCON;SAINT AIGNAN SUR CHER;;19.30;30.50;47.80;65.60;11.20
MONTLUCON;SAINT HILAIRE LES ANDRESIS;;42.90;65.50;106.40;137.60;23.50
MONTLUCON;SALBRIS;;14.10;22.50;35.20;45.90;8.60
MONTLUCON;SAVIGNY SUR CLAIRIS;;43.50;65.70;107.20;140.50;23.80
MONTLUCON;SELLES SUR CHER;;17.50;27.60;41.80;58.40;10.60
MONTLUCON;TOURS CENTRE MONNAIE;;34.90;55.90;83.70;114.20;20.50
MONTLUCON;VEIGNE;;25.50;41.50;65.40;86.20;16.10
MONTLUCON;VIERZON EST;;11.80;18.70;27.80;38.70;7.40
MONTLUCON;VIERZON NORD;;12.00;18.90;30.10;40.60;7.50
MONTMARAULT;ALLAINVILLE;;32.70;51.10;78.80;107.10;19.10
MONTMARAULT;ARTENAY;;26.20;42.10;65.50;89.00;15.90
MONTMARAULT;AUXY;;35.60;54.00;88.20;116.90;19.70
MONTMARAULT;BLERE;;24.10;38.30;60.10;81.30;14.50
MONTMARAULT;BLOIS;;29.60;45.90;73.80;95.90;17.80
MONTMARAULT;BOURGES;;10.10;15.60;24.90;35.60;5.90
MONTMARAULT;CHATEAU RENAULT;;31.30;50.20;78.40;107.10;19.10
MONTMARAULT;ESCRENNES;;31.10;48.00;76.20;103.00;17.70
MONTMARAULT;ESVRES;;26.50;42.10;66.20;86.60;15.70
MONTMARAULT;FONTENAY SUR LOING;;39.40;61.20;102.20;133.00;21.90
MONTMARAULT;GIDY;;24.30;37.90;60.70;81.60;14.40
MONTMARAULT;GONDREVILLE LA FRANCHE NORD;;39.10;58.70;96.80;128.50;21.40
MONTMARAULT;GONDREVILLE LA FRANCHE SUD;;43.60;65.50;107.50;142.70;24.20
MONTMARAULT;JANVILLE ALLAINES;;28.50;45.30;70.30;94.90;17.20
MONTMARAULT;LAMOTTE BEUVRON;;17.50;27.40;44.90;59.10;10.00
MONTMARAULT;MER;;27.70;43.70;68.40;92.70;16.10
MONTMARAULT;MEUNG;;25.30;40.40;61.80;85.80;15.10
MONTMARAULT;OLIVET;;22.20;34.10;53.90;72.80;12.80
MONTMARAULT;ORLEANS CENTRE;;22.40;35.60;58.20;74.60;13.10
MONTMARAULT;ORLEANS NORD;;24.10;37.30;59.30;80.10;14.10
MONTMARAULT;PARIS LA FOLIE BESSIN;;34.70;55.20;89.30;118.10;21.60
MONTMARAULT;ROMORANTIN;;16.80;27.00;42.60;57.70;10.30
MONTMARAULT;SAINT AIGNAN SUR CHER;;20.60;32.60;52.00;71.70;12.00
MONTMARAULT;SAINT HILAIRE LES ANDRESIS;;44.20;67.60;110.60;143.70;24.30
MONTMARAULT;SALBRIS;;15.40;24.60;39.40;52.00;9.40
MONTMARAULT;SAVIGNY SUR CLAIRIS;;44.80;67.80;111.40;146.60;24.60
MONTMARAULT;SELLES SUR CHER;;18.80;29.70;46.00;64.50;11.40
MONTMARAULT;TOURS CENTRE MONNAIE;;36.20;58.00;87.90;120.30;21.30
MONTMARAULT;VEIGNE;;26.80;43.60;69.60;92.30;16.90
MONTMARAULT;VIERZON EST;;13.10;20.80;32.00;44.80;8.20
MONTMARAULT;VIERZON NORD;;13.30;21.00;34.30;46.70;8.30
MONTREUIL AUX LIONS;ALLAINVILLE;;60.10;90.80;147.00;189.00;33.00
MONTREUIL AUX LIONS;ARTENAY;;56.00;83.60;135.00;175.10;30.50
MONTREUIL AUX LIONS;AUXY;;41.40;62.30;99.60;128.60;23.40
MONTREUIL AUX LIONS;BLERE;;72.80;110.40;176.80;227.60;40.70
MONTREUIL AUX LIONS;BLOIS;;62.90;94.50;152.10;196.70;34.60
MONTREUIL AUX LIONS;BOURGES;;69.70;105.10;169.40;219.40;38.70
MONTREUIL AUX LIONS;CHATEAU RENAULT;;65.80;98.60;157.70;205.40;36.60
MONTREUIL AUX LIONS;ESCRENNES;;45.90;69.00;112.10;144.00;25.80
MONTREUIL AUX LIONS;ESVRES;;74.10;112.60;180.60;231.80;41.20
MONTREUIL AUX LIONS;FONTENAY SUR LOING;;37.70;55.30;86.90;113.80;21.20
MONTREUIL AUX LIONS;GIDY;;56.50;84.40;135.90;176.20;30.70
MONTREUIL AUX LIONS;GONDREVILLE LA FRANCHE NORD;;39.50;58.50;91.10;118.00;21.70
MONTREUIL AUX LIONS;GONDREVILLE LA FRANCHE SUD;;44.00;65.30;101.80;132.20;24.50
MONTREUIL AUX LIONS;JANVILLE ALLAINES;;57.10;85.50;137.50;178.50;31.30
MONTREUIL AUX LIONS;LAMOTTE BEUVRON;;61.60;92.30;148.50;192.60;34.00
MONTREUIL AUX LIONS;MER;;61.50;91.30;146.80;190.10;33.80
MONTREUIL AUX LIONS;MEUNG;;59.40;88.70;141.50;184.20;32.50
MONTREUIL AUX LIONS;OLIVET;;58.20;87.00;140.00;180.60;32.00
MONTREUIL AUX LIONS;ORLEANS CENTRE;;57.50;86.10;138.20;178.20;31.40
MONTREUIL AUX LIONS;ORLEANS NORD;;56.70;84.70;136.20;176.50;31.00
MONTREUIL AUX LIONS;PARIS LA FOLIE BESSIN;;65.30;97.10;158.30;205.10;36.20
MONTREUIL AUX LIONS;ROMORANTIN;;67.20;101.60;162.10;210.30;36.90
MONTREUIL AUX LIONS;SAINT AIGNAN SUR CHER;;69.90;106.00;168.70;219.90;38.50
MONTREUIL AUX LIONS;SAINT HILAIRE LES ANDRESIS;;32.70;48.70;76.30;100.70;18.80
MONTREUIL AUX LIONS;SALBRIS;;63.20;95.30;152.90;199.50;34.80
MONTREUIL AUX LIONS;SAVIGNY SUR CLAIRIS;;31.70;47.10;73.50;97.30;18.30
MONTREUIL AUX LIONS;SELLES SUR CHER;;69.00;104.40;166.10;216.00;37.90
MONTREUIL AUX LIONS;TOURS CENTRE MONNAIE;;70.40;105.10;167.20;218.20;39.10
MONTREUIL AUX LIONS;VEIGNE;;76.30;116.10;186.50;239.90;42.40
MONTREUIL AUX LIONS;VIERZON EST;;66.10;98.90;160.20;207.10;36.60
MONTREUIL AUX LIONS;VIERZON NORD;;65.50;98.50;159.60;206.70;36.00
MONTS SORIGNY;TOURS CENTRE;;2.00;2.70;4.40;5.00;1.40
NANTES;ANCENIS;;3.60;6.20;8.40;11.20;2.20
NANTES;VIEILLEVILLE;;0.70;2.00;2.10;2.20;0.50
NEMOURS;ALLAINVILLE;;32.30;49.60;82.90;103.70;17.00
NEMOURS;ARTENAY;;28.20;42.40;70.90;89.80;14.50
NEMOURS;AUXY;;13.60;21.10;35.50;43.30;7.40
NEMOURS;BLERE;;45.00;69.20;112.70;142.30;24.70
NEMOURS;BLOIS;;35.10;53.30;88.00;111.40;18.60
NEMOURS;BOURGES;;41.90;63.90;105.30;134.10;22.70
NEMOURS;CHATEAU RENAULT;;38.00;57.40;93.60;120.10;20.60
NEMOURS;ESCRENNES;;18.10;27.80;48.00;58.70;9.80
NEMOURS;ESVRES;;46.30;71.40;116.50;146.50;25.20
NEMOURS;FONTENAY SUR LOING;;9.90;14.10;22.80;28.50;5.20
NEMOURS;GIDY;;28.70;43.20;71.80;90.90;14.70
NEMOURS;GONDREVILLE LA FRANCHE NORD;;11.70;17.30;27.00;32.70;5.70
NEMOURS;GONDREVILLE LA FRANCHE SUD;;16.20;24.10;37.70;46.90;8.50
NEMOURS;JANVILLE ALLAINES;;29.30;44.30;73.40;93.20;15.30
NEMOURS;LAMOTTE BEUVRON;;33.80;51.10;84.40;107.30;18.00
NEMOURS;MER;;33.70;50.10;82.70;104.80;17.80
NEMOURS;MEUNG;;31.60;47.50;77.40;98.90;16.50
NEMOURS;OLIVET;;30.40;45.80;75.90;95.30;16.00
NEMOURS;ORLEANS CENTRE;;29.70;44.90;74.10;92.90;15.40
NEMOURS;ORLEANS NORD;;28.90;43.50;72.10;91.20;15.00
NEMOURS;PARIS LA FOLIE BESSIN;;37.50;55.90;94.20;119.80;20.20
NEMOURS;ROMORANTIN;;39.40;60.40;98.00;125.00;20.90
NEMOURS;SAINT AIGNAN SUR CHER;;42.10;64.80;104.60;134.60;22.50
NEMOURS;SAINT HILAIRE LES ANDRESIS;;4.90;7.50;12.20;15.40;2.80
NEMOURS;SALBRIS;;35.40;54.10;88.80;114.20;18.80
NEMOURS;SAVIGNY SUR CLAIRIS;;3.90;5.90;9.40;12.00;2.30
NEMOURS;SELLES SUR CHER;;41.20;63.20;102.00;130.70;21.90
NEMOURS;TOURS CENTRE MONNAIE;;42.60;63.90;103.10;132.90;23.10
NEMOURS;VEIGNE;;48.50;74.90;122.40;154.60;26.40
NEMOURS;VIERZON EST;;38.30;57.70;96.10;121.80;20.60
NEMOURS;VIERZON NORD;;37.70;57.30;95.50;121.40;20.00
NEUILLE PONT PIERRE;TOURS CENTRE;;1.70;3.10;4.50;5.00;1.30
NIORT EST;CHATELLERAULT NORD;;10.40;16.70;27.00;33.70;6.80
NIORT EST;CHATELLERAULT SUD;;9.60;15.10;22.30;29.00;5.80
NIORT EST;FUTUROSCOPE;;7.40;11.90;18.50;23.20;4.60
NIORT EST;POITIERS NORD;;6.70;11.10;16.70;21.40;4.30
NIORT EST;POITIERS SUD;;5.60;8.90;13.50;18.10;3.50
NIORT EST;SAINTE MAURE;;13.80;22.10;34.00;45.50;8.80
NIORT EST;TOURS CENTRE SORIGNY;;20.50;30.90;48.80;65.40;12.60
NIORT NORD;CHATELLERAULT NORD;;11.40;18.20;28.50;35.70;7.50
NIORT NORD;CHATELLERAULT SUD;;10.60;16.60;23.80;31.00;6.50
NIORT NORD;FUTUROSCOPE;;8.40;13.40;20.00;25.20;5.30
NIORT NORD;POITIERS NORD;;7.70;12.60;18.20;23.40;5.00
NIORT NORD;POITIERS SUD;;6.60;10.40;15.00;20.10;4.20
NIORT NORD;SAINTE MAURE;;14.80;23.60;35.50;47.50;9.50
NIORT NORD;TOURS CENTRE SORIGNY;;21.50;32.40;50.30;67.40;13.30
NIORT OUEST;CHATELLERAULT NORD;;13.70;20.20;32.10;40.20;8.70
NIORT OUEST;CHATELLERAULT SUD;;12.90;18.60;27.40;35.50;7.70
NIORT OUEST;FUTUROSCOPE;;10.70;15.40;23.60;29.70;6.50
NIORT OUEST;POITIERS NORD;;10.00;14.60;21.80;27.90;6.20
NIORT OUEST;POITIERS SUD;;8.90;12.40;18.60;24.60;5.40
NIORT OUEST;SAINTE MAURE;;17.10;25.60;39.10;52.00;10.70
NIORT OUEST;TOURS CENTRE SORIGNY;;23.80;34.40;53.90;71.90;14.50
NITRY;ALLAINVILLE;;35.40;54.40;90.20;115.70;18.80
NITRY;ARTENAY;;31.30;47.20;78.20;101.80;16.30
NITRY;AUXY;;16.70;25.90;42.80;55.30;9.20
NITRY;BLERE;;48.10;74.00;120.00;154.30;26.50
NITRY;BLOIS;;38.20;58.10;95.30;123.40;20.40
NITRY;BOURGES;;45.00;68.70;112.60;146.10;24.50
NITRY;CHATEAU RENAULT;;41.10;62.20;100.90;132.10;22.40
NITRY;ESCRENNES;;21.20;32.60;55.30;70.70;11.60
NITRY;ESVRES;;49.40;76.20;123.80;158.50;27.00
NITRY;FONTENAY SUR LOING;;13.00;18.90;30.10;40.50;7.00
NITRY;GIDY;;31.80;48.00;79.10;102.90;16.50
NITRY;GONDREVILLE LA FRANCHE NORD;;14.80;22.10;34.30;44.70;7.50
NITRY;GONDREVILLE LA FRANCHE SUD;;19.30;28.90;45.00;58.90;10.30
NITRY;JANVILLE ALLAINES;;32.40;49.10;80.70;105.20;17.10
NITRY;LAMOTTE BEUVRON;;36.90;55.90;91.70;119.30;19.80
NITRY;MER;;36.80;54.90;90.00;116.80;19.60
NITRY;MEUNG;;34.70;52.30;84.70;110.90;18.30
NITRY;OLIVET;;33.50;50.60;83.20;107.30;17.80
NITRY;ORLEANS CENTRE;;32.80;49.70;81.40;104.90;17.20
NITRY;ORLEANS NORD;;32.00;48.30;79.40;103.20;16.80
NITRY;PARIS LA FOLIE BESSIN;;40.60;60.70;101.50;131.80;22.00
NITRY;ROMORANTIN;;42.50;65.20;105.30;137.00;22.70
NITRY;SAINT AIGNAN SUR CHER;;45.20;69.60;111.90;146.60;24.30
NITRY;SAINT HILAIRE LES ANDRESIS;;8.00;12.30;19.50;27.40;4.60
NITRY;SALBRIS;;38.50;58.90;96.10;126.20;20.60
NITRY;SAVIGNY SUR CLAIRIS;;7.00;10.70;16.70;24.00;4.10
NITRY;SELLES SUR CHER;;44.30;68.00;109.30;142.70;23.70
NITRY;TOURS CENTRE MONNAIE;;45.70;68.70;110.40;144.90;24.90
NITRY;VEIGNE;;51.60;79.70;129.70;166.60;28.20
NITRY;VIERZON EST;;41.40;62.50;103.40;133.80;22.40
NITRY;VIERZON NORD;;40.80;62.10;102.80;133.40;21.80
NUITS SAINT GEORGES;ALLAINVILLE;;48.00;74.40;121.90;158.60;26.40
NUITS SAINT GEORGES;ARTENAY;;43.90;67.20;109.90;144.70;23.90
NUITS SAINT GEORGES;AUXY;;29.30;45.90;74.50;98.20;16.80
NUITS SAINT GEORGES;BLERE;;60.70;94.00;151.70;197.20;34.10
NUITS SAINT GEORGES;BLOIS;;50.80;78.10;127.00;166.30;28.00
NUITS SAINT GEORGES;BOURGES;;57.60;88.70;144.30;189.00;32.10
NUITS SAINT GEORGES;CHATEAU RENAULT;;53.70;82.20;132.60;175.00;30.00
NUITS SAINT GEORGES;ESCRENNES;;33.80;52.60;87.00;113.60;19.20
NUITS SAINT GEORGES;ESVRES;;62.00;96.20;155.50;201.40;34.60
NUITS SAINT GEORGES;FONTENAY SUR LOING;;25.60;38.90;61.80;83.40;14.60
NUITS SAINT GEORGES;GIDY;;44.40;68.00;110.80;145.80;24.10
NUITS SAINT GEORGES;GONDREVILLE LA FRANCHE NORD;;27.40;42.10;66.00;87.60;15.10
NUITS SAINT GEORGES;GONDREVILLE LA FRANCHE SUD;;31.90;48.90;76.70;101.80;17.90
NUITS SAINT GEORGES;JANVILLE ALLAINES;;45.00;69.10;112.40;148.10;24.70
NUITS SAINT GEORGES;LAMOTTE BEUVRON;;49.50;75.90;123.40;162.20;27.40
NUITS SAINT GEORGES;MER;;49.40;74.90;121.70;159.70;27.20
NUITS SAINT GEORGES;MEUNG;;47.30;72.30;116.40;153.80;25.90
NUITS SAINT GEORGES;OLIVET;;46.10;70.60;114.90;150.20;25.40
NUITS SAINT GEORGES;ORLEANS CENTRE;;45.40;69.70;113.10;147.80;24.80
NUITS SAINT GEORGES;ORLEANS NORD;;44.60;68.30;111.10;146.10;24.40
NUITS SAINT GEORGES;PARIS LA FOLIE BESSIN;;53.20;80.70;133.20;174.70;29.60
NUITS SAINT GEORGES;ROMORANTIN;;55.10;85.20;137.00;179.90;30.30
NUITS SAINT GEORGES;SAINT AIGNAN SUR CHER;;57.80;89.60;143.60;189.50;31.90
NUITS SAINT GEORGES;SAINT HILAIRE LES ANDRESIS;;20.60;32.30;51.20;70.30;12.20
NUITS SAINT GEORGES;SALBRIS;;51.10;78.90;127.80;169.10;28.20
NUITS SAINT GEORGES;SAVIGNY SUR CLAIRIS;;19.60;30.70;48.40;66.90;11.70
NUITS SAINT GEORGES;SELLES SUR CHER;;56.90;88.00;141.00;185.60;31.30
NUITS SAINT GEORGES;TOURS CENTRE MONNAIE;;58.30;88.70;142.10;187.80;32.50
NUITS SAINT GEORGES;VEIGNE;;64.20;99.70;161.40;209.50;35.80
NUITS SAINT GEORGES;VIERZON EST;;54.00;82.50;135.10;176.70;30.00
NUITS SAINT GEORGES;VIERZON NORD;;53.40;82.10;134.50;176.30;29.40
OLIVET;ALLAINVILLE;;8.80;14.50;21.50;28.20;5.60
OLIVET;AMBERIEU EN BUGEY;;59.30;90.60;145.50;192.80;33.50
OLIVET;ARLAY;;53.40;82.40;134.20;176.00;29.80
OLIVET;ARTENAY;;4.00;6.30;9.80;13.40;2.50
OLIVET;AUXERRE NORD;;31.20;47.00;77.80;98.80;16.30
OLIVET;AUXERRE SUD;;31.20;47.00;77.80;98.80;16.30
OLIVET;AUXY;;14.00;20.30;33.90;42.50;7.10
OLIVET;AVALLON;;35.40;53.70;88.80;114.50;19.20
OLIVET;BALAN;;60.20;92.70;148.30;196.10;34.10
OLIVET;BARRIERE DE MONTREUIL AUX LIONS;;60.40;90.50;145.40;189.00;33.50
OLIVET;BAUME LES DAMES;;56.50;87.10;140.60;186.20;32.00
OLIVET;BEAUMONT;;60.70;91.90;148.20;192.30;33.20
OLIVET;BEAUNE NORD;;43.90;67.50;109.60;142.20;24.30
OLIVET;BEAUNE SUD;;45.20;69.00;112.20;146.30;24.90
OLIVET;BEAUPONT;;56.70;87.60;142.10;187.60;32.30
OLIVET;BEAUREPAIRE;;54.60;84.10;136.30;180.50;30.50
OLIVET;BELLEGARDE;;66.20;102.40;164.00;218.20;37.90
OLIVET;BELLEVILLE SUR SAONE;;54.70;84.00;134.90;178.10;30.50
OLIVET;BERSAILLIN;;53.20;80.90;132.70;174.30;29.70
OLIVET;BESANCON EST;;53.70;83.50;135.10;178.80;30.30
OLIVET;BESANCON NORD;;53.70;82.40;133.50;175.80;29.90
OLIVET;BESANCON OUEST;;53.70;81.80;133.00;174.70;29.80
OLIVET;BEYNOST;;62.70;96.80;154.50;205.10;36.10
OLIVET;BIERRE LES SEMUR;;37.50;56.60;93.40;120.80;20.40
OLIVET;BLERE;;16.00;24.20;38.90;51.00;9.50
OLIVET;BLOIS;;7.30;11.50;17.50;23.60;4.10
OLIVET;BOURG NORD;;54.90;84.50;135.10;178.80;30.90
OLIVET;BOURG SUD;;56.20;86.80;139.20;184.00;32.30
OLIVET;BOURGES;;12.10;18.50;29.00;37.20;6.90
OLIVET;BULGNEVILLE;;48.20;73.80;118.90;157.10;26.50
OLIVET;CHALON CENTRE;;47.60;73.20;117.20;153.70;26.20
OLIVET;CHALON NORD;;47.60;73.20;117.20;153.70;26.20
OLIVET;CHALON SUD;;47.60;73.20;117.20;153.70;26.20
OLIVET;CHALONS LA VEUVE;;46.70;70.50;116.50;149.20;25.60
OLIVET;CHARMONT;;38.60;58.70;96.20;124.70;20.90
OLIVET;CHATEAU RENAULT;;10.10;15.50;23.60;32.90;6.50
OLIVET;CHATEAU THIERRY;;55.60;83.50;135.20;177.10;30.70
OLIVET;CHATENOIS;;48.80;74.50;120.70;159.10;27.10
OLIVET;CHATILLON LABORDE;;34.50;52.30;85.70;110.20;18.70
OLIVET;CHAUMONT SEMOUTIERS;;41.20;62.60;102.60;133.70;22.40
OLIVET;CHOISEY;;50.00;76.10;124.10;163.00;27.60
OLIVET;CLERMONT;;30.90;46.90;75.80;102.70;17.90
OLIVET;CLERMONT EN ARGONNE;;50.00;77.20;125.10;162.00;28.10
OLIVET;COLOMBEY LES BELLES;;51.60;78.40;127.10;168.80;28.40
OLIVET;COMBRONDE;;26.20;39.60;62.80;84.70;15.00
OLIVET;COURTENAY;;26.70;40.10;66.90;83.80;13.80
OLIVET;CRIMOLOIS;;48.80;74.20;121.20;158.10;27.10
OLIVET;DEUX CHAISES;;22.60;34.80;55.30;74.10;13.20
OLIVET;DIJON SUD;;47.80;73.60;118.50;155.30;26.30
OLIVET;DIJON ARC SUR TILLE;;49.50;76.00;122.40;160.70;27.40
OLIVET;DOLE;;50.00;76.10;124.10;163.00;27.60
OLIVET;DORMANS;;52.80;79.90;129.50;168.40;29.40
OLIVET;EGLETONS;;40.70;62.10;93.90;129.00;23.80
OLIVET;ELOISE ANNECY;;67.60;104.90;167.40;223.20;38.90
OLIVET;EPERNAY;;50.30;75.40;123.30;159.20;27.20
OLIVET;ESCRENNES;;9.50;14.30;21.90;28.60;5.10
OLIVET;ESVRES;;17.00;26.40;42.10;55.40;10.50
OLIVET;FEILLENS;;52.30;80.50;130.20;171.90;29.60
OLIVET;FLEURY EN BIERE;;33.10;50.20;82.10;104.70;17.60
OLIVET;FONTAINEBLEAU;;30.40;45.80;75.90;95.30;16.00
OLIVET;FONTENAY SUR LOING;;17.80;27.50;47.90;58.60;9.30
OLIVET;FORET DE TRONCAIS;;18.50;28.40;43.80;57.50;10.70
OLIVET;FORGES;;32.10;48.00;79.10;101.30;16.60
OLIVET;FRESNES EN WOEVRE;;55.30;84.70;137.00;177.20;30.60
OLIVET;GANNAT;;25.90;39.50;62.00;84.00;14.90
OLIVET;GENDREY;;51.10;78.40;127.60;168.40;28.70
OLIVET;GERZAT;;27.80;42.50;66.40;88.30;16.10
OLIVET;GIDY;;1.60;3.20;4.20;6.00;1.00
OLIVET;GONDREVILLE LA FRANCHE NORD;;17.50;25.00;42.50;54.10;8.80
OLIVET;GONDREVILLE LA FRANCHE SUD;;22.00;31.80;53.20;68.30;11.60
OLIVET;GROISSIAT;;63.10;97.40;156.60;207.90;36.30
OLIVET;GYE;;53.90;81.70;131.40;174.20;29.70
OLIVET;JANVILLE ALLAINES;;5.80;8.60;12.60;16.00;3.40
OLIVET;JARNY;;56.60;87.60;139.80;179.20;31.70
OLIVET;JOIGNY;;28.40;42.50;70.40;88.90;14.80
OLIVET;L ISLE SUR LE DOUBS;;58.10;89.40;144.10;190.80;32.80
OLIVET;LA BOISSE;;64.20;99.10;158.70;210.90;36.90
OLIVET;LA BOISSE MONTLUEL;;61.80;94.80;149.60;198.00;35.30
OLIVET;LA COTIERE;;62.60;96.00;153.90;202.40;36.00
OLIVET;LA CROIX CHALON;;61.30;94.60;152.20;202.10;35.00
OLIVET;LAMOTTE BEUVRON;;2.80;4.10;6.90;8.70;1.80
OLIVET;LANGRES NORD;;43.30;65.40;105.40;138.70;23.60
OLIVET;LANGRES SUD;;44.10;66.80;108.20;141.60;24.30
OLIVET;LE MIROIR;;55.70;85.60;138.80;182.80;31.40
OLIVET;LES EPRUNES;;35.60;54.60;89.60;116.10;19.60
OLIVET;MACON NORD;;52.20;80.10;128.20;169.00;29.20
OLIVET;MACON SUD;;53.10;81.60;130.70;172.20;29.70
OLIVET;MAGNANT;;37.70;57.10;93.30;121.50;20.40
OLIVET;MANZAT;;27.80;42.90;66.50;89.00;16.20
OLIVET;MAROLLES SUR SEINE;;32.10;48.00;79.10;101.30;16.60
OLIVET;MER;;5.10;7.30;12.10;15.80;3.20
OLIVET;MEUNG;;3.10;4.40;5.80;9.10;2.10
OLIVET;MONT CHOISY;;44.20;67.60;111.50;143.90;24.50
OLIVET;MONTIGNY LE ROI;;45.00;67.90;110.70;145.60;24.70
OLIVET;MONTLUCON;;20.90;32.00;49.70;66.70;12.00
OLIVET;MONTMARAULT;;22.20;34.10;53.90;72.80;12.80
OLIVET;MONTREUIL AUX LIONS;;58.20;87.00;140.00;180.60;32.00
OLIVET;NEMOURS;;30.40;45.80;75.90;95.30;16.00
OLIVET;NITRY;;33.50;50.60;83.20;107.30;17.80
OLIVET;NUITS SAINT GEORGES;;46.10;70.60;114.90;150.20;25.40
OLIVET;ORLEANS CENTRE;;0.90;1.50;1.90;2.00;0.60
OLIVET;ORLEANS NORD;;1.40;2.80;3.60;5.00;0.90
OLIVET;ORMES;;51.80;77.50;126.40;163.30;28.00
OLIVET;PARIS LA FOLIE BESSIN;;14.60;21.30;33.60;43.90;8.90
OLIVET;PEROUGES;;60.20;92.70;148.30;196.10;34.10
OLIVET;PONT D AIN;;57.60;89.20;144.00;189.80;32.90
OLIVET;POUILLY EN AUXOIS;;41.30;62.80;102.20;134.00;22.30
OLIVET;REIMS TAISSY;;50.50;75.90;124.70;160.90;27.50
OLIVET;REIMS TINQUEUX;;52.20;78.30;127.00;165.30;28.40
OLIVET;REPLONGES;;52.30;80.50;130.20;171.90;29.60
OLIVET;RIOM;;27.60;42.30;65.80;88.10;15.90
OLIVET;ROBECOURT;;46.70;71.50;115.50;152.20;25.80
OLIVET;ROMORANTIN;;8.80;14.40;20.80;31.30;5.30
OLIVET;SAINT AIGNAN SUR CHER;;12.40;19.20;29.60;42.40;7.50
OLIVET;SAINT AMAND;;15.90;24.40;38.00;49.10;9.10
OLIVET;SAINT DENIS LES SENS;;29.10;43.90;72.30;91.00;15.20
OLIVET;SAINT ETIENNE AU TEMPLE;;46.10;70.80;116.90;151.80;25.70
OLIVET;SAINT GENIS;;56.80;87.20;138.50;182.30;31.90
OLIVET;SAINT GERMAIN LAXIS;;34.50;52.30;85.70;110.20;18.70
OLIVET;SAINT GIBRIEN;;45.30;68.90;113.20;146.70;25.00
OLIVET;SAINT HILAIRE LES ANDRESIS;;22.60;33.90;56.30;69.30;11.70
OLIVET;SAINT MARTIN DU FRESNE;;61.00;94.50;150.70;200.30;35.00
OLIVET;SAINT MAURICE;;62.80;96.70;156.60;208.60;36.10
OLIVET;SAINT THIBAULT;;35.00;53.10;87.80;113.50;19.10
OLIVET;SAINTE MENEHOULD;;48.40;74.60;122.90;159.60;27.20
OLIVET;SALBRIS;;4.70;6.70;13.50;18.10;2.80
OLIVET;SAVIGNY SUR CLAIRIS;;23.20;34.10;57.10;72.20;12.00
OLIVET;SELLES SUR CHER;;11.20;17.40;26.20;38.80;6.90
OLIVET;SEURRE;;47.30;72.80;117.10;153.90;26.10
OLIVET;SOIRANS;;48.70;74.10;122.10;159.20;27.40
OLIVET;SOMMESOUS;;41.90;64.10;105.50;136.60;23.00
OLIVET;ST GERMAIN LES VERGNES;;46.00;70.60;105.50;144.30;27.10
OLIVET;ST JULIEN SANCY;;32.80;50.60;77.80;104.30;19.30
OLIVET;SYLANS;;61.70;95.50;152.30;202.50;35.40
OLIVET;THENNELIERES;;36.40;55.40;89.50;115.60;20.00
OLIVET;TIL CHATEL;;46.60;70.30;115.30;151.90;25.60
OLIVET;TORVILLIERS;;34.50;52.30;86.00;110.50;18.70
OLIVET;TOURNUS;;49.30;75.70;121.90;159.50;27.40
OLIVET;TOURS CENTRE MONNAIE;;15.50;23.20;34.50;47.20;9.10
OLIVET;TULLE EST;;43.60;66.70;100.70;135.50;25.40
OLIVET;TULLE NORD;;44.30;68.00;101.50;140.60;25.70
OLIVET;URY;;31.20;46.90;77.20;97.50;16.50
OLIVET;USSEL EST;;35.60;55.20;84.50;114.20;20.70
OLIVET;USSEL OUEST;;37.70;57.20;88.10;119.70;22.00
OLIVET;VAL DE SAONE;;59.60;89.90;146.10;193.40;33.20
OLIVET;VALLEE DE L AUBE;;39.80;60.80;99.40;128.90;21.70
OLIVET;VATRY;;42.70;64.80;105.60;138.00;23.20
OLIVET;VEIGNE;;18.40;29.30;47.40;60.80;11.30
OLIVET;VERDUN;;55.30;84.70;137.00;177.20;30.60
OLIVET;VIERZON EST;;7.50;10.60;19.30;22.50;4.50
OLIVET;VIERZON NORD;;7.40;10.40;18.40;22.30;4.20
OLIVET;VILLE SOUS LA FERTE;;39.30;59.90;98.50;127.80;21.30
OLIVET;VILLEFRANCHE NORD;;55.70;84.90;138.20;182.20;31.50
OLIVET;VILLEFRANCHE LIMAS;;59.90;91.60;146.70;194.20;33.50
OLIVET;VILLEFRANCHE VILLE;;56.30;86.50;139.00;183.30;31.80
OLIVET;VILLENEUVE DONDAGRE;;27.80;41.90;69.40;87.40;14.50
OLIVET;VIRIAT;;55.00;84.60;135.70;179.80;31.60
OLIVET;VIRY;;72.00;112.40;179.10;238.40;41.80
OLIVET;VOIE SACREE;;52.50;80.70;128.90;168.20;29.20
OLIVET;VULAINES;;32.40;48.00;79.10;101.20;16.70
OLIVET;VULCANIA BROMONT;;30.20;46.30;71.90;96.60;17.60
ORBEC;ABLIS;;37.70;60.60;89.70;123.10;22.90
ORBEC;ALENCON NORD;;15.40;25.40;36.50;49.30;9.60
ORBEC;ALENCON SUD;;16.00;26.50;38.10;51.50;10.10
ORBEC;AUVOURS LE MANS ZI SUD;;21.00;34.90;52.00;67.00;13.50
ORBEC;BEAUFORT EN VALLEE;;31.60;50.20;71.40;96.20;19.40
ORBEC;BEAUMONT SUR SARTHE;;18.00;29.00;41.50;57.80;11.60
ORBEC;BOURGUEIL;;36.20;56.20;82.30;110.00;22.20
ORBEC;BROU;;28.60;46.00;70.30;94.30;17.40
ORBEC;CHARTRES EST;;34.50;56.50;83.20;110.20;21.40
ORBEC;CHARTRES THIVARS;;33.20;52.80;79.40;105.30;20.10
ORBEC;CHATEAU DU LOIR MONTABON;;25.30;40.20;61.30;81.10;15.80
ORBEC;CONNERRE;;24.00;38.50;57.20;73.40;14.90
ORBEC;ECOMMOY;;23.10;37.30;56.60;71.90;14.70
ORBEC;EVRON;;26.40;43.40;64.50;86.60;16.20
ORBEC;ILLIERS COMBRAY;;31.40;50.80;78.00;104.80;18.90
ORBEC;LA FERTE BERNARD;;25.00;41.70;61.60;82.80;15.50
ORBEC;LAVAL EST;;28.50;46.40;69.10;92.50;17.50
ORBEC;LAVAL OUEST;;29.00;47.20;71.20;94.70;18.00
ORBEC;LE MANS CENTRE UNIVERSITE;;22.10;35.00;51.10;69.50;13.60
ORBEC;LE MANS ZI NORD;;20.50;33.40;49.20;63.20;12.90
ORBEC;LONGUE JUMELLES;;32.60;51.30;74.10;99.10;20.00
ORBEC;PARIGNE L EVEQUE;;21.90;35.10;52.10;70.60;13.70
ORBEC;PARIS LA FOLIE BESSIN;;41.50;67.50;101.00;134.80;25.60
ORBEC;RESTIGNE;;40.20;62.30;90.10;121.40;24.50
ORBEC;SAUMUR VIVY;;34.00;53.80;78.70;104.80;21.00
ORBEC;SILLE LE GUILLAUME MAMERS;;16.90;27.80;39.70;54.10;10.80
ORBEC;SILLE LE GUILLAUME SABLE;;22.90;38.40;58.00;78.30;14.70
ORBEC;TOURS CENTRE SAINT CHRISTOPHE;;30.90;50.10;75.80;101.40;19.50
ORBEC;VITRE LA GRAVELLE;;30.40;50.50;75.30;101.40;19.20
ORLEANS CENTRE;ALLAINVILLE;;7.70;12.00;19.10;25.30;4.80
ORLEANS CENTRE;AMBERIEU EN BUGEY;;58.60;89.70;143.70;190.40;32.90
ORLEANS CENTRE;ARLAY;;52.70;81.50;132.40;173.60;29.20
ORLEANS CENTRE;ARTENAY;;2.70;4.40;5.80;8.20;1.50
ORLEANS CENTRE;AUXERRE NORD;;30.50;46.10;76.00;96.40;15.70
ORLEANS CENTRE;AUXERRE SUD;;30.50;46.10;76.00;96.40;15.70
ORLEANS CENTRE;AUXY;;13.30;19.40;32.10;40.10;6.50
ORLEANS CENTRE;AVALLON;;34.70;52.80;87.00;112.10;18.60
ORLEANS CENTRE;BALAN;;59.50;91.80;146.50;193.70;33.50
ORLEANS CENTRE;BARRIERE DE MONTREUIL AUX LIONS;;59.70;89.60;143.60;186.60;32.90
ORLEANS CENTRE;BAUME LES DAMES;;55.80;86.20;138.80;183.80;31.40
ORLEANS CENTRE;BEAUMONT;;60.00;91.00;146.40;189.90;32.60
ORLEANS CENTRE;BEAUNE NORD;;43.20;66.60;107.80;139.80;23.70
ORLEANS CENTRE;BEAUNE SUD;;44.50;68.10;110.40;143.90;24.30
ORLEANS CENTRE;BEAUPONT;;56.00;86.70;140.30;185.20;31.70
ORLEANS CENTRE;BEAUREPAIRE;;53.90;83.20;134.50;178.10;29.90
ORLEANS CENTRE;BELLEGARDE;;65.50;101.50;162.20;215.80;37.30
ORLEANS CENTRE;BELLEVILLE SUR SAONE;;54.00;83.10;133.10;175.70;29.90
ORLEANS CENTRE;BERSAILLIN;;52.50;80.00;130.90;171.90;29.10
ORLEANS CENTRE;BESANCON EST;;53.00;82.60;133.30;176.40;29.70
ORLEANS CENTRE;BESANCON NORD;;53.00;81.50;131.70;173.40;29.30
ORLEANS CENTRE;BESANCON OUEST;;53.00;80.90;131.20;172.30;29.20
ORLEANS CENTRE;BEYNOST;;62.00;95.90;152.70;202.70;35.50
ORLEANS CENTRE;BIERRE LES SEMUR;;36.80;55.70;91.60;118.40;19.80
ORLEANS CENTRE;BLERE;;16.50;26.80;41.60;53.30;10.30
ORLEANS CENTRE;BLOIS;;6.60;10.30;15.90;20.10;4.00
ORLEANS CENTRE;BOURG NORD;;54.20;83.60;133.30;176.40;30.30
ORLEANS CENTRE;BOURG SUD;;55.50;85.90;137.40;181.60;31.70
ORLEANS CENTRE;BOURGES;;12.30;20.00;33.30;39.00;7.20
ORLEANS CENTRE;BULGNEVILLE;;47.50;72.90;117.10;154.70;25.90
ORLEANS CENTRE;CHALON CENTRE;;46.90;72.30;115.40;151.30;25.60
ORLEANS CENTRE;CHALON NORD;;46.90;72.30;115.40;151.30;25.60
ORLEANS CENTRE;CHALON SUD;;46.90;72.30;115.40;151.30;25.60
ORLEANS CENTRE;CHALONS LA VEUVE;;46.00;69.60;114.70;146.80;25.00
ORLEANS CENTRE;CHARMONT;;37.90;57.80;94.40;122.30;20.30
ORLEANS CENTRE;CHATEAU RENAULT;;9.00;15.40;23.50;28.60;5.80
ORLEANS CENTRE;CHATEAU THIERRY;;54.90;82.60;133.40;174.70;30.10
ORLEANS CENTRE;CHATENOIS;;48.10;73.60;118.90;156.70;26.50
ORLEANS CENTRE;CHATILLON LABORDE;;33.80;51.40;83.90;107.80;18.10
ORLEANS CENTRE;CHAUMONT SEMOUTIERS;;40.50;61.70;100.80;131.30;21.80
ORLEANS CENTRE;CHOISEY;;49.30;75.20;122.30;160.60;27.00
ORLEANS CENTRE;CLERMONT;;31.10;48.40;80.10;104.50;18.20
ORLEANS CENTRE;CLERMONT EN ARGONNE;;49.30;76.30;123.30;159.60;27.50
ORLEANS CENTRE;COLOMBEY LES BELLES;;50.90;77.50;125.30;166.40;27.80
ORLEANS CENTRE;COMBRONDE;;26.40;41.10;67.10;86.50;15.30
ORLEANS CENTRE;COURTENAY;;26.00;39.20;65.10;81.40;13.20
ORLEANS CENTRE;CRIMOLOIS;;48.10;73.30;119.40;155.70;26.50
ORLEANS CENTRE;DEUX CHAISES;;22.80;36.30;59.60;75.90;13.50
ORLEANS CENTRE;DIJON SUD;;47.10;72.70;116.70;152.90;25.70
ORLEANS CENTRE;DIJON ARC SUR TILLE;;48.80;75.10;120.60;158.30;26.80
ORLEANS CENTRE;DOLE;;49.30;75.20;122.30;160.60;27.00
ORLEANS CENTRE;DORMANS;;52.10;79.00;127.70;166.00;28.80
ORLEANS CENTRE;EGLETONS;;40.90;63.60;98.20;130.80;24.10
ORLEANS CENTRE;ELOISE ANNECY;;66.90;104.00;165.60;220.80;38.30
ORLEANS CENTRE;EPERNAY;;49.60;74.50;121.50;156.80;26.60
ORLEANS CENTRE;ESCRENNES;;8.80;13.40;20.10;26.20;4.50
ORLEANS CENTRE;ESVRES;;18.30;28.60;46.30;57.60;10.80
ORLEANS CENTRE;FEILLENS;;51.60;79.60;128.40;169.50;29.00
ORLEANS CENTRE;FLEURY EN BIERE;;32.40;49.30;80.30;102.30;17.00
ORLEANS CENTRE;FONTAINEBLEAU;;29.70;44.90;74.10;92.90;15.40
ORLEANS CENTRE;FONTENAY SUR LOING;;17.10;26.60;46.10;56.20;8.70
ORLEANS CENTRE;FORET DE TRONCAIS;;18.70;29.90;48.10;59.30;11.00
ORLEANS CENTRE;FORGES;;31.40;47.10;77.30;98.90;16.00
ORLEANS CENTRE;FRESNES EN WOEVRE;;54.60;83.80;135.20;174.80;30.00
ORLEANS CENTRE;GANNAT;;26.10;41.00;66.30;85.80;15.20
ORLEANS CENTRE;GENDREY;;50.40;77.50;125.80;166.00;28.10
ORLEANS CENTRE;GERZAT;;28.00;44.00;70.70;90.10;16.40
ORLEANS CENTRE;GIDY;;1.00;2.00;2.70;3.30;0.60
ORLEANS CENTRE;GONDREVILLE LA FRANCHE NORD;;16.80;24.10;40.70;51.70;8.20
ORLEANS CENTRE;GONDREVILLE LA FRANCHE SUD;;21.30;30.90;51.40;65.90;11.00
ORLEANS CENTRE;GROISSIAT;;62.40;96.50;154.80;205.50;35.70
ORLEANS CENTRE;GYE;;53.20;80.80;129.60;171.80;29.10
ORLEANS CENTRE;JANVILLE ALLAINES;;5.10;6.60;10.70;12.50;3.10
ORLEANS CENTRE;JARNY;;55.90;86.70;138.00;176.80;31.10
ORLEANS CENTRE;JOIGNY;;27.70;41.60;68.60;86.50;14.20
ORLEANS CENTRE;L ISLE SUR LE DOUBS;;57.40;88.50;142.30;188.40;32.20
ORLEANS CENTRE;LA BOISSE;;63.50;98.20;156.90;208.50;36.30
ORLEANS CENTRE;LA BOISSE MONTLUEL;;61.10;93.90;147.80;195.60;34.70
ORLEANS CENTRE;LA COTIERE;;61.90;95.10;152.10;200.00;35.40
ORLEANS CENTRE;LA CROIX CHALON;;60.60;93.70;150.40;199.70;34.40
ORLEANS CENTRE;LAMOTTE BEUVRON;;3.80;6.10;9.80;10.80;2.40
ORLEANS CENTRE;LANGRES NORD;;42.60;64.50;103.60;136.30;23.00
ORLEANS CENTRE;LANGRES SUD;;43.40;65.90;106.40;139.20;23.70
ORLEANS CENTRE;LE MIROIR;;55.00;84.70;137.00;180.40;30.80
ORLEANS CENTRE;LES EPRUNES;;34.90;53.70;87.80;113.70;19.00
ORLEANS CENTRE;MACON NORD;;51.50;79.20;126.40;166.60;28.60
ORLEANS CENTRE;MACON SUD;;52.40;80.70;128.90;169.80;29.10
ORLEANS CENTRE;MAGNANT;;37.00;56.20;91.50;119.10;19.80
ORLEANS CENTRE;MANZAT;;28.00;44.40;70.80;90.80;16.50
ORLEANS CENTRE;MAROLLES SUR SEINE;;31.40;47.10;77.30;98.90;16.00
ORLEANS CENTRE;MER;;4.50;6.30;11.10;13.20;2.70
ORLEANS CENTRE;MEUNG;;2.00;3.80;5.00;5.30;1.40
ORLEANS CENTRE;MONT CHOISY;;43.50;66.70;109.70;141.50;23.90
ORLEANS CENTRE;MONTIGNY LE ROI;;44.30;67.00;108.90;143.20;24.10
ORLEANS CENTRE;MONTLUCON;;21.10;33.50;54.00;68.50;12.30
ORLEANS CENTRE;MONTMARAULT;;22.40;35.60;58.20;74.60;13.10
ORLEANS CENTRE;MONTREUIL AUX LIONS;;57.50;86.10;138.20;178.20;31.40
ORLEANS CENTRE;NEMOURS;;29.70;44.90;74.10;92.90;15.40
ORLEANS CENTRE;NITRY;;32.80;49.70;81.40;104.90;17.20
ORLEANS CENTRE;NUITS SAINT GEORGES;;45.40;69.70;113.10;147.80;24.80
ORLEANS CENTRE;OLIVET;;0.90;1.50;1.90;2.00;0.60
ORLEANS CENTRE;ORLEANS NORD;;0.80;1.70;2.10;2.50;0.50
ORLEANS CENTRE;ORMES;;51.10;76.60;124.60;160.90;27.40
ORLEANS CENTRE;PARIS LA FOLIE BESSIN;;13.00;20.30;32.80;40.90;7.80
ORLEANS CENTRE;PEROUGES;;59.50;91.80;146.50;193.70;33.50
ORLEANS CENTRE;PONT D AIN;;56.90;88.30;142.20;187.40;32.30
ORLEANS CENTRE;POUILLY EN AUXOIS;;40.60;61.90;100.40;131.60;21.70
ORLEANS CENTRE;REIMS TAISSY;;49.80;75.00;122.90;158.50;26.90
ORLEANS CENTRE;REIMS TINQUEUX;;51.50;77.40;125.20;162.90;27.80
ORLEANS CENTRE;REPLONGES;;51.60;79.60;128.40;169.50;29.00
ORLEANS CENTRE;RIOM;;27.80;43.80;70.10;89.90;16.20
ORLEANS CENTRE;ROBECOURT;;46.00;70.60;113.70;149.80;25.20
ORLEANS CENTRE;ROMORANTIN;;10.80;16.60;23.70;34.20;6.40
ORLEANS CENTRE;SAINT AIGNAN SUR CHER;;13.40;21.70;32.40;45.80;8.10
ORLEANS CENTRE;SAINT AMAND;;16.10;25.90;42.30;50.90;9.40
ORLEANS CENTRE;SAINT DENIS LES SENS;;28.40;43.00;70.50;88.60;14.60
ORLEANS CENTRE;SAINT ETIENNE AU TEMPLE;;45.40;69.90;115.10;149.40;25.10
ORLEANS CENTRE;SAINT GENIS;;56.10;86.30;136.70;179.90;31.30
ORLEANS CENTRE;SAINT GERMAIN LAXIS;;33.80;51.40;83.90;107.80;18.10
ORLEANS CENTRE;SAINT GIBRIEN;;44.60;68.00;111.40;144.30;24.40
ORLEANS CENTRE;SAINT HILAIRE LES ANDRESIS;;21.90;33.00;54.50;66.90;11.10
ORLEANS CENTRE;SAINT MARTIN DU FRESNE;;60.30;93.60;148.90;197.90;34.40
ORLEANS CENTRE;SAINT MAURICE;;62.10;95.80;154.80;206.20;35.50
ORLEANS CENTRE;SAINT THIBAULT;;34.30;52.20;86.00;111.10;18.50
ORLEANS CENTRE;SAINTE MENEHOULD;;47.70;73.70;121.10;157.20;26.60
ORLEANS CENTRE;SALBRIS;;5.50;8.50;16.50;22.10;3.50
ORLEANS CENTRE;SAVIGNY SUR CLAIRIS;;22.50;33.20;55.30;69.80;11.40
ORLEANS CENTRE;SELLES SUR CHER;;12.80;19.30;28.40;41.50;7.50
ORLEANS CENTRE;SEURRE;;46.60;71.90;115.30;151.50;25.50
ORLEANS CENTRE;SOIRANS;;48.00;73.20;120.30;156.80;26.80
ORLEANS CENTRE;SOMMESOUS;;41.20;63.20;103.70;134.20;22.40
ORLEANS CENTRE;ST GERMAIN LES VERGNES;;46.20;72.10;109.80;146.10;27.40
ORLEANS CENTRE;ST JULIEN SANCY;;33.00;52.10;82.10;106.10;19.60
ORLEANS CENTRE;SYLANS;;61.00;94.60;150.50;200.10;34.80
ORLEANS CENTRE;THENNELIERES;;35.70;54.50;87.70;113.20;19.40
ORLEANS CENTRE;TIL CHATEL;;45.90;69.40;113.50;149.50;25.00
ORLEANS CENTRE;TORVILLIERS;;33.80;51.40;84.20;108.10;18.10
ORLEANS CENTRE;TOURNUS;;48.60;74.80;120.10;157.10;26.80
ORLEANS CENTRE;TOURS CENTRE MONNAIE;;13.40;20.00;32.40;41.10;8.10
ORLEANS CENTRE;TULLE EST;;43.80;68.20;105.00;137.30;25.70
ORLEANS CENTRE;TULLE NORD;;44.50;69.50;105.80;142.40;26.00
ORLEANS CENTRE;URY;;30.50;46.00;75.40;95.10;15.90
ORLEANS CENTRE;USSEL EST;;35.80;56.70;88.80;116.00;21.00
ORLEANS CENTRE;USSEL OUEST;;37.90;58.70;92.40;121.50;22.30
ORLEANS CENTRE;VAL DE SAONE;;58.90;89.00;144.30;191.00;32.60
ORLEANS CENTRE;VALLEE DE L AUBE;;39.10;59.90;97.60;126.50;21.10
ORLEANS CENTRE;VATRY;;42.00;63.90;103.80;135.60;22.60
ORLEANS CENTRE;VEIGNE;;19.40;30.60;49.40;62.80;11.60
ORLEANS CENTRE;VERDUN;;54.60;83.80;135.20;174.80;30.00
ORLEANS CENTRE;VIERZON EST;;8.40;14.50;22.60;26.10;5.00
ORLEANS CENTRE;VIERZON NORD;;8.20;14.20;21.60;25.50;4.80
ORLEANS CENTRE;VILLE SOUS LA FERTE;;38.60;59.00;96.70;125.40;20.70
ORLEANS CENTRE;VILLEFRANCHE NORD;;55.00;84.00;136.40;179.80;30.90
ORLEANS CENTRE;VILLEFRANCHE LIMAS;;59.20;90.70;144.90;191.80;32.90
ORLEANS CENTRE;VILLEFRANCHE VILLE;;55.60;85.60;137.20;180.90;31.20
ORLEANS CENTRE;VILLENEUVE DONDAGRE;;27.10;41.00;67.60;85.00;13.90
ORLEANS CENTRE;VIRIAT;;54.30;83.70;133.90;177.40;31.00
ORLEANS CENTRE;VIRY;;71.30;111.50;177.30;236.00;41.20
ORLEANS CENTRE;VOIE SACREE;;51.80;79.80;127.10;165.80;28.60
ORLEANS CENTRE;VULAINES;;31.70;47.10;77.30;98.80;16.10
ORLEANS CENTRE;VULCANIA BROMONT;;30.40;47.80;76.20;98.40;17.90
ORLEANS NORD;ALLAINVILLE;;6.40;10.40;16.80;20.70;3.90
ORLEANS NORD;AMBERIEU EN BUGEY;;57.80;88.30;141.70;188.70;32.50
ORLEANS NORD;ARLAY;;51.90;80.10;130.40;171.90;28.80
ORLEANS NORD;ARTENAY;;2.00;3.20;4.50;5.10;1.30
ORLEANS NORD;AUXERRE NORD;;29.70;44.70;74.00;94.70;15.30
ORLEANS NORD;AUXERRE SUD;;29.70;44.70;74.00;94.70;15.30
ORLEANS NORD;AUXY;;12.50;18.00;30.10;38.40;6.10
ORLEANS NORD;AVALLON;;33.90;51.40;85.00;110.40;18.20
ORLEANS NORD;BALAN;;58.70;90.40;144.50;192.00;33.10
ORLEANS NORD;BARRIERE DE MONTREUIL AUX LIONS;;58.90;88.20;141.60;184.90;32.50
ORLEANS NORD;BAUME LES DAMES;;55.00;84.80;136.80;182.10;31.00
ORLEANS NORD;BEAUMONT;;59.20;89.60;144.40;188.20;32.20
ORLEANS NORD;BEAUNE NORD;;42.40;65.20;105.80;138.10;23.30
ORLEANS NORD;BEAUNE SUD;;43.70;66.70;108.40;142.20;23.90
ORLEANS NORD;BEAUPONT;;55.20;85.30;138.30;183.50;31.30
ORLEANS NORD;BEAUREPAIRE;;53.10;81.80;132.50;176.40;29.50
ORLEANS NORD;BELLEGARDE;;64.70;100.10;160.20;214.10;36.90
ORLEANS NORD;BELLEVILLE SUR SAONE;;53.20;81.70;131.10;174.00;29.50
ORLEANS NORD;BERSAILLIN;;51.70;78.60;128.90;170.20;28.70
ORLEANS NORD;BESANCON EST;;52.20;81.20;131.30;174.70;29.30
ORLEANS NORD;BESANCON NORD;;52.20;80.10;129.70;171.70;28.90
ORLEANS NORD;BESANCON OUEST;;52.20;79.50;129.20;170.60;28.80
ORLEANS NORD;BEYNOST;;61.20;94.50;150.70;201.00;35.10
ORLEANS NORD;BIERRE LES SEMUR;;36.00;54.30;89.60;116.70;19.40
ORLEANS NORD;BLERE;;16.60;27.00;42.60;53.60;10.40
ORLEANS NORD;BLOIS;;7.10;10.50;17.20;21.80;4.30
ORLEANS NORD;BOURG NORD;;53.40;82.20;131.30;174.70;29.90
ORLEANS NORD;BOURG SUD;;54.70;84.50;135.40;179.90;31.30
ORLEANS NORD;BOURGES;;14.00;21.70;34.40;44.50;8.20
ORLEANS NORD;BULGNEVILLE;;46.70;71.50;115.10;153.00;25.50
ORLEANS NORD;CHALON CENTRE;;46.10;70.90;113.40;149.60;25.20
ORLEANS NORD;CHALON NORD;;46.10;70.90;113.40;149.60;25.20
ORLEANS NORD;CHALON SUD;;46.10;70.90;113.40;149.60;25.20
ORLEANS NORD;CHALONS LA VEUVE;;45.20;68.20;112.70;145.10;24.60
ORLEANS NORD;CHARMONT;;37.10;56.40;92.40;120.60;19.90
ORLEANS NORD;CHATEAU RENAULT;;9.30;14.50;23.10;30.50;5.70
ORLEANS NORD;CHATEAU THIERRY;;54.10;81.20;131.40;173.00;29.70
ORLEANS NORD;CHATENOIS;;47.30;72.20;116.90;155.00;26.10
ORLEANS NORD;CHATILLON LABORDE;;33.00;50.00;81.90;106.10;17.70
ORLEANS NORD;CHAUMONT SEMOUTIERS;;39.70;60.30;98.80;129.60;21.40
ORLEANS NORD;CHOISEY;;48.50;73.80;120.30;158.90;26.60
ORLEANS NORD;CLERMONT;;32.80;50.10;81.20;110.00;19.20
ORLEANS NORD;CLERMONT EN ARGONNE;;48.50;74.90;121.30;157.90;27.10
ORLEANS NORD;COLOMBEY LES BELLES;;50.10;76.10;123.30;164.70;27.40
ORLEANS NORD;COMBRONDE;;28.10;42.80;68.20;92.00;16.30
ORLEANS NORD;COURTENAY;;25.20;37.80;63.10;79.70;12.80
ORLEANS NORD;CRIMOLOIS;;47.30;71.90;117.40;154.00;26.10
ORLEANS NORD;DEUX CHAISES;;24.50;38.00;60.70;81.40;14.50
ORLEANS NORD;DIJON SUD;;46.30;71.30;114.70;151.20;25.30
ORLEANS NORD;DIJON ARC SUR TILLE;;48.00;73.70;118.60;156.60;26.40
ORLEANS NORD;DOLE;;48.50;73.80;120.30;158.90;26.60
ORLEANS NORD;DORMANS;;51.30;77.60;125.70;164.30;28.40
ORLEANS NORD;EGLETONS;;42.60;65.30;99.30;136.30;25.10
ORLEANS NORD;ELOISE ANNECY;;66.10;102.60;163.60;219.10;37.90
ORLEANS NORD;EPERNAY;;48.80;73.10;119.50;155.10;26.20
ORLEANS NORD;ESCRENNES;;8.00;12.00;18.10;24.50;4.10
ORLEANS NORD;ESVRES;;18.40;29.50;46.40;57.80;10.90
ORLEANS NORD;FEILLENS;;50.80;78.20;126.40;167.80;28.60
ORLEANS NORD;FLEURY EN BIERE;;31.60;47.90;78.30;100.60;16.60
ORLEANS NORD;FONTAINEBLEAU;;28.90;43.50;72.10;91.20;15.00
ORLEANS NORD;FONTENAY SUR LOING;;16.30;25.20;44.10;54.50;8.30
ORLEANS NORD;FORET DE TRONCAIS;;20.40;31.60;49.20;64.80;12.00
ORLEANS NORD;FORGES;;30.60;45.70;75.30;97.20;15.60
ORLEANS NORD;FRESNES EN WOEVRE;;53.80;82.40;133.20;173.10;29.60
ORLEANS NORD;GANNAT;;27.80;42.70;67.40;91.30;16.20
ORLEANS NORD;GENDREY;;49.60;76.10;123.80;164.30;27.70
ORLEANS NORD;GERZAT;;29.70;45.70;71.80;95.60;17.40
ORLEANS NORD;GIDY;;0.20;0.30;0.50;0.70;0.10
ORLEANS NORD;GONDREVILLE LA FRANCHE NORD;;16.00;22.70;38.70;50.00;7.80
ORLEANS NORD;GONDREVILLE LA FRANCHE SUD;;20.50;29.50;49.40;64.20;10.60
ORLEANS NORD;GROISSIAT;;61.60;95.10;152.80;203.80;35.30
ORLEANS NORD;GYE;;52.40;79.40;127.60;170.10;28.70
ORLEANS NORD;JANVILLE ALLAINES;;3.10;5.00;7.40;9.90;2.10
ORLEANS NORD;JARNY;;55.10;85.30;136.00;175.10;30.70
ORLEANS NORD;JOIGNY;;26.90;40.20;66.60;84.80;13.80
ORLEANS NORD;L ISLE SUR LE DOUBS;;56.60;87.10;140.30;186.70;31.80
ORLEANS NORD;LA BOISSE;;62.70;96.80;154.90;206.80;35.90
ORLEANS NORD;LA BOISSE MONTLUEL;;60.30;92.50;145.80;193.90;34.30
ORLEANS NORD;LA COTIERE;;61.10;93.70;150.10;198.30;35.00
ORLEANS NORD;LA CROIX CHALON;;59.80;92.30;148.40;198.00;34.00
ORLEANS NORD;LAMOTTE BEUVRON;;5.60;8.20;13.30;17.40;3.70
ORLEANS NORD;LANGRES NORD;;41.80;63.10;101.60;134.60;22.60
ORLEANS NORD;LANGRES SUD;;42.60;64.50;104.40;137.50;23.30
ORLEANS NORD;LE MIROIR;;54.20;83.30;135.00;178.70;30.40
ORLEANS NORD;LES EPRUNES;;34.10;52.30;85.80;112.00;18.60
ORLEANS NORD;MACON NORD;;50.70;77.80;124.40;164.90;28.20
ORLEANS NORD;MACON SUD;;51.60;79.30;126.90;168.10;28.70
ORLEANS NORD;MAGNANT;;36.20;54.80;89.50;117.40;19.40
ORLEANS NORD;MANZAT;;29.70;46.10;71.90;96.30;17.50
ORLEANS NORD;MAROLLES SUR SEINE;;30.60;45.70;75.30;97.20;15.60
ORLEANS NORD;MER;;5.30;7.20;11.10;15.10;3.40
ORLEANS NORD;MEUNG;;2.70;4.10;5.50;7.70;1.30
ORLEANS NORD;MONT CHOISY;;42.70;65.30;107.70;139.80;23.50
ORLEANS NORD;MONTIGNY LE ROI;;43.50;65.60;106.90;141.50;23.70
ORLEANS NORD;MONTLUCON;;22.80;35.20;55.10;74.00;13.30
ORLEANS NORD;MONTMARAULT;;24.10;37.30;59.30;80.10;14.10
ORLEANS NORD;MONTREUIL AUX LIONS;;56.70;84.70;136.20;176.50;31.00
ORLEANS NORD;NEMOURS;;28.90;43.50;72.10;91.20;15.00
ORLEANS NORD;NITRY;;32.00;48.30;79.40;103.20;16.80
ORLEANS NORD;NUITS SAINT GEORGES;;44.60;68.30;111.10;146.10;24.40
ORLEANS NORD;OLIVET;;1.40;2.80;3.60;5.00;0.90
ORLEANS NORD;ORLEANS CENTRE;;0.80;1.70;2.10;2.50;0.50
ORLEANS NORD;ORMES;;50.30;75.20;122.60;159.20;27.00
ORLEANS NORD;PARIS LA FOLIE BESSIN;;12.00;17.10;28.20;37.60;6.80
ORLEANS NORD;PEROUGES;;58.70;90.40;144.50;192.00;33.10
ORLEANS NORD;PONT D AIN;;56.10;86.90;140.20;185.70;31.90
ORLEANS NORD;POUILLY EN AUXOIS;;39.80;60.50;98.40;129.90;21.30
ORLEANS NORD;REIMS TAISSY;;49.00;73.60;120.90;156.80;26.50
ORLEANS NORD;REIMS TINQUEUX;;50.70;76.00;123.20;161.20;27.40
ORLEANS NORD;REPLONGES;;50.80;78.20;126.40;167.80;28.60
ORLEANS NORD;RIOM;;29.50;45.50;71.20;95.40;17.20
ORLEANS NORD;ROBECOURT;;45.20;69.20;111.70;148.10;24.80
ORLEANS NORD;ROMORANTIN;;11.10;17.80;27.50;36.50;6.60
ORLEANS NORD;SAINT AIGNAN SUR CHER;;13.90;22.30;34.40;46.00;8.20
ORLEANS NORD;SAINT AMAND;;17.80;27.60;43.40;56.40;10.40
ORLEANS NORD;SAINT DENIS LES SENS;;27.60;41.60;68.50;86.90;14.20
ORLEANS NORD;SAINT ETIENNE AU TEMPLE;;44.60;68.50;113.10;147.70;24.70
ORLEANS NORD;SAINT GENIS;;55.30;84.90;134.70;178.20;30.90
ORLEANS NORD;SAINT GERMAIN LAXIS;;33.00;50.00;81.90;106.10;17.70
ORLEANS NORD;SAINT GIBRIEN;;43.80;66.60;109.40;142.60;24.00
ORLEANS NORD;SAINT HILAIRE LES ANDRESIS;;21.10;31.60;52.50;65.20;10.70
ORLEANS NORD;SAINT MARTIN DU FRESNE;;59.50;92.20;146.90;196.20;34.00
ORLEANS NORD;SAINT MAURICE;;61.30;94.40;152.80;204.50;35.10
ORLEANS NORD;SAINT THIBAULT;;33.50;50.80;84.00;109.40;18.10
ORLEANS NORD;SAINTE MENEHOULD;;46.90;72.30;119.10;155.50;26.20
ORLEANS NORD;SALBRIS;;7.10;11.10;18.60;25.80;4.50
ORLEANS NORD;SAVIGNY SUR CLAIRIS;;21.70;31.80;53.30;68.10;11.00
ORLEANS NORD;SELLES SUR CHER;;12.90;20.60;30.60;42.20;7.60
ORLEANS NORD;SEURRE;;45.80;70.50;113.30;149.80;25.10
ORLEANS NORD;SOIRANS;;47.20;71.80;118.30;155.10;26.40
ORLEANS NORD;SOMMESOUS;;40.40;61.80;101.70;132.50;22.00
ORLEANS NORD;ST GERMAIN LES VERGNES;;47.90;73.80;110.90;151.60;28.40
ORLEANS NORD;ST JULIEN SANCY;;34.70;53.80;83.20;111.60;20.60
ORLEANS NORD;SYLANS;;60.20;93.20;148.50;198.40;34.40
ORLEANS NORD;THENNELIERES;;34.90;53.10;85.70;111.50;19.00
ORLEANS NORD;TIL CHATEL;;45.10;68.00;111.50;147.80;24.60
ORLEANS NORD;TORVILLIERS;;33.00;50.00;82.20;106.40;17.70
ORLEANS NORD;TOURNUS;;47.80;73.40;118.10;155.40;26.40
ORLEANS NORD;TOURS CENTRE MONNAIE;;14.30;21.70;32.60;43.70;8.70
ORLEANS NORD;TULLE EST;;45.50;69.90;106.10;142.80;26.70
ORLEANS NORD;TULLE NORD;;46.20;71.20;106.90;147.90;27.00
ORLEANS NORD;URY;;29.70;44.60;73.40;93.40;15.50
ORLEANS NORD;USSEL EST;;37.50;58.40;89.90;121.50;22.00
ORLEANS NORD;USSEL OUEST;;39.60;60.40;93.50;127.00;23.30
ORLEANS NORD;VAL DE SAONE;;58.10;87.60;142.30;189.30;32.20
ORLEANS NORD;VALLEE DE L AUBE;;38.30;58.50;95.60;124.80;20.70
ORLEANS NORD;VATRY;;41.20;62.50;101.80;133.90;22.20
ORLEANS NORD;VEIGNE;;19.90;31.10;50.30;63.70;11.70
ORLEANS NORD;VERDUN;;53.80;82.40;133.20;173.10;29.60
ORLEANS NORD;VIERZON EST;;9.60;15.10;25.10;31.90;5.80
ORLEANS NORD;VIERZON NORD;;9.50;15.00;24.10;31.70;5.60
ORLEANS NORD;VILLE SOUS LA FERTE;;37.80;57.60;94.70;123.70;20.30
ORLEANS NORD;VILLEFRANCHE NORD;;54.20;82.60;134.40;178.10;30.50
ORLEANS NORD;VILLEFRANCHE LIMAS;;58.40;89.30;142.90;190.10;32.50
ORLEANS NORD;VILLEFRANCHE VILLE;;54.80;84.20;135.20;179.20;30.80
ORLEANS NORD;VILLENEUVE DONDAGRE;;26.30;39.60;65.60;83.30;13.50
ORLEANS NORD;VIRIAT;;53.50;82.30;131.90;175.70;30.60
ORLEANS NORD;VIRY;;70.50;110.10;175.30;234.30;40.80
ORLEANS NORD;VOIE SACREE;;51.00;78.40;125.10;164.10;28.20
ORLEANS NORD;VULAINES;;30.90;45.70;75.30;97.10;15.70
ORLEANS NORD;VULCANIA BROMONT;;32.10;49.50;77.30;103.90;18.90
ORMES;ALLAINVILLE;;53.70;81.30;133.40;171.70;29.00
ORMES;ARTENAY;;49.60;74.10;121.40;157.80;26.50
ORMES;AUXY;;35.00;52.80;86.00;111.30;19.40
ORMES;BLERE;;66.40;100.90;163.20;210.30;36.70
ORMES;BLOIS;;56.50;85.00;138.50;179.40;30.60
ORMES;BOURGES;;63.30;95.60;155.80;202.10;34.70
ORMES;CHATEAU RENAULT;;59.40;89.10;144.10;188.10;32.60
ORMES;ESCRENNES;;39.50;59.50;98.50;126.70;21.80
ORMES;ESVRES;;67.70;103.10;167.00;214.50;37.20
ORMES;FONTENAY SUR LOING;;31.30;45.80;73.30;96.50;17.20
ORMES;GIDY;;50.10;74.90;122.30;158.90;26.70
ORMES;GONDREVILLE LA FRANCHE NORD;;33.10;49.00;77.50;100.70;17.70
ORMES;GONDREVILLE LA FRANCHE SUD;;37.60;55.80;88.20;114.90;20.50
ORMES;JANVILLE ALLAINES;;50.70;76.00;123.90;161.20;27.30
ORMES;LAMOTTE BEUVRON;;55.20;82.80;134.90;175.30;30.00
ORMES;MER;;55.10;81.80;133.20;172.80;29.80
ORMES;MEUNG;;53.00;79.20;127.90;166.90;28.50
ORMES;OLIVET;;51.80;77.50;126.40;163.30;28.00
ORMES;ORLEANS CENTRE;;51.10;76.60;124.60;160.90;27.40
ORMES;ORLEANS NORD;;50.30;75.20;122.60;159.20;27.00
ORMES;PARIS LA FOLIE BESSIN;;58.90;87.60;144.70;187.80;32.20
ORMES;ROMORANTIN;;60.80;92.10;148.50;193.00;32.90
ORMES;SAINT AIGNAN SUR CHER;;63.50;96.50;155.10;202.60;34.50
ORMES;SAINT HILAIRE LES ANDRESIS;;26.30;39.20;62.70;83.40;14.80
ORMES;SALBRIS;;56.80;85.80;139.30;182.20;30.80
ORMES;SAVIGNY SUR CLAIRIS;;25.30;37.60;59.90;80.00;14.30
ORMES;SELLES SUR CHER;;62.60;94.90;152.50;198.70;33.90
ORMES;TOURS CENTRE MONNAIE;;64.00;95.60;153.60;200.90;35.10
ORMES;VEIGNE;;69.90;106.60;172.90;222.60;38.40
ORMES;VIERZON EST;;59.70;89.40;146.60;189.80;32.60
ORMES;VIERZON NORD;;59.10;89.00;146.00;189.40;32.00
PARIGNE L EVEQUE;ABLIS;;18.00;27.60;45.00;59.10;10.90
PARIGNE L EVEQUE;ALENCON NORD;;5.40;8.80;14.70;19.30;3.80
PARIGNE L EVEQUE;ALENCON SUD;;4.90;8.10;11.90;15.00;3.50
PARIGNE L EVEQUE;PEAGE DE CORZE;;13.30;20.20;29.50;36.10;8.00
PARIGNE L EVEQUE;ARGENTAN;;17.00;28.10;42.60;57.00;10.20
PARIGNE L EVEQUE;AUVOURS LE MANS ZI SUD;;0.60;0.90;1.40;1.50;0.40
PARIGNE L EVEQUE;BEAUFORT EN VALLEE;;12.60;20.00;27.00;34.70;7.90
PARIGNE L EVEQUE;BEAUMONT SUR SARTHE;;3.20;5.10;8.60;9.90;2.10
PARIGNE L EVEQUE;BERNAY;;26.30;41.70;63.40;87.10;16.20
PARIGNE L EVEQUE;BOURGUEIL;;17.20;26.00;37.90;48.50;10.70
PARIGNE L EVEQUE;BRIONNE;;31.90;51.00;73.80;100.00;19.90
PARIGNE L EVEQUE;BROU;;8.50;12.60;20.40;26.00;5.10
PARIGNE L EVEQUE;CHARTRES EST;;14.70;23.10;36.90;47.50;8.80
PARIGNE L EVEQUE;CHARTRES THIVARS;;13.10;19.70;31.30;39.60;8.20
PARIGNE L EVEQUE;CHATEAU DU LOIR MONTABON;;3.20;4.70;7.90;10.80;2.10
PARIGNE L EVEQUE;CONNERRE;;3.50;5.20;8.40;10.40;2.10
PARIGNE L EVEQUE;DURTAL;;8.20;12.70;18.70;23.20;5.10
PARIGNE L EVEQUE;ECOMMOY;;1.40;2.40;3.40;4.60;0.90
PARIGNE L EVEQUE;EVRON;;8.90;13.40;22.20;26.00;5.10
PARIGNE L EVEQUE;GACE;;16.90;26.80;39.40;53.30;10.60
PARIGNE L EVEQUE;ILLIERS COMBRAY;;10.90;16.30;27.40;36.30;6.30
PARIGNE L EVEQUE;LA FERTE BERNARD;;5.50;8.50;12.90;17.00;3.70
PARIGNE L EVEQUE;LAVAL EST;;11.00;16.40;27.20;32.20;6.40
PARIGNE L EVEQUE;LAVAL OUEST;;11.40;18.30;30.90;37.20;7.30
PARIGNE L EVEQUE;LE MANS CENTRE UNIVERSITE;;3.10;4.80;6.70;8.00;2.10
PARIGNE L EVEQUE;LE MANS SUD;;4.10;6.50;9.20;11.50;2.70
PARIGNE L EVEQUE;LE MANS ZI NORD;;1.80;3.10;4.70;6.20;1.20
PARIGNE L EVEQUE;LONGUE JUMELLES;;13.60;21.10;29.70;37.60;8.50
PARIGNE L EVEQUE;ORBEC;;21.90;35.10;52.10;70.60;13.70
PARIGNE L EVEQUE;PARIS LA FOLIE BESSIN;;23.00;35.20;56.30;71.00;14.30
PARIGNE L EVEQUE;RESTIGNE;;21.20;32.10;45.70;59.90;13.00
PARIGNE L EVEQUE;ROUMOIS;;41.30;65.50;93.60;128.90;24.40
PARIGNE L EVEQUE;SABLE LA FLECHE;;7.20;10.80;15.70;20.40;4.30
PARIGNE L EVEQUE;SAUMUR VIVY;;15.00;23.60;34.30;43.30;9.50
PARIGNE L EVEQUE;SEES;;12.90;20.40;30.70;41.50;7.90
PARIGNE L EVEQUE;SEICHES;;10.90;16.50;23.30;29.50;6.50
PARIGNE L EVEQUE;SILLE LE GUILLAUME MAMERS;;4.10;6.60;9.90;13.10;3.00
PARIGNE L EVEQUE;SILLE LE GUILLAUME SABLE;;5.90;9.60;14.80;18.50;3.80
PARIGNE L EVEQUE;TOURS CENTRE SAINT CHRISTOPHE;;8.50;13.20;21.70;29.50;5.40
PARIGNE L EVEQUE;VITRE LA GRAVELLE;;14.70;22.90;37.30;45.90;9.10
PARIS LA FOLIE BESSIN;ABLIS;;3.70;5.70;9.90;13.20;2.30
PARIS LA FOLIE BESSIN;ALENCON NORD;;24.90;40.00;62.10;81.80;15.40
PARIS LA FOLIE BESSIN;ALENCON SUD;;24.70;39.40;61.80;79.90;15.20
PARIS LA FOLIE BESSIN;ALLAINVILLE;;4.00;6.10;9.20;13.50;2.60
PARIS LA FOLIE BESSIN;AMBERIEU EN BUGEY;;66.40;100.70;163.80;217.30;37.70
PARIS LA FOLIE BESSIN;PEAGE DE CORZE;;32.90;50.80;78.90;100.10;20.20
PARIS LA FOLIE BESSIN;ARGENTAN;;36.60;60.50;91.50;121.20;22.10
PARIS LA FOLIE BESSIN;ARLAY;;60.50;92.50;152.50;200.50;34.00
PARIS LA FOLIE BESSIN;ARTENAY;;9.50;13.00;23.40;31.30;5.80
PARIS LA FOLIE BESSIN;AUVOURS LE MANS ZI SUD;;21.80;33.40;51.60;70.80;13.70
PARIS LA FOLIE BESSIN;AUXERRE NORD;;38.30;57.10;96.10;123.30;20.50
PARIS LA FOLIE BESSIN;AUXERRE SUD;;38.30;57.10;96.10;123.30;20.50
PARIS LA FOLIE BESSIN;AUXY;;21.10;30.40;52.20;67.00;11.30
PARIS LA FOLIE BESSIN;AVALLON;;42.50;63.80;107.10;139.00;23.40
PARIS LA FOLIE BESSIN;BALAN;;67.30;102.80;166.60;220.60;38.30
PARIS LA FOLIE BESSIN;BARRIERE DE MONTREUIL AUX LIONS;;67.50;100.60;163.70;213.50;37.70
PARIS LA FOLIE BESSIN;BAUME LES DAMES;;63.60;97.20;158.90;210.70;36.20
PARIS LA FOLIE BESSIN;BEAUFORT EN VALLEE;;32.20;50.60;76.40;98.70;20.10
PARIS LA FOLIE BESSIN;BEAUMONT;;67.80;102.00;166.50;216.80;37.40
PARIS LA FOLIE BESSIN;BEAUMONT SUR SARTHE;;23.00;37.20;58.70;76.40;14.50
PARIS LA FOLIE BESSIN;BEAUNE NORD;;51.00;77.60;127.90;166.70;28.50
PARIS LA FOLIE BESSIN;BEAUNE SUD;;52.30;79.10;130.50;170.80;29.10
PARIS LA FOLIE BESSIN;BEAUPONT;;63.80;97.70;160.40;212.10;36.50
PARIS LA FOLIE BESSIN;BEAUREPAIRE;;61.70;94.20;154.60;205.00;34.70
PARIS LA FOLIE BESSIN;BELLEGARDE;;73.30;112.50;182.30;242.70;42.10
PARIS LA FOLIE BESSIN;BELLEVILLE SUR SAONE;;61.80;94.10;153.20;202.60;34.70
PARIS LA FOLIE BESSIN;BERNAY;;45.90;74.10;112.30;151.30;28.10
PARIS LA FOLIE BESSIN;BERSAILLIN;;60.30;91.00;151.00;198.80;33.90
PARIS LA FOLIE BESSIN;BESANCON EST;;60.80;93.60;153.40;203.30;34.50
PARIS LA FOLIE BESSIN;BESANCON NORD;;60.80;92.50;151.80;200.30;34.10
PARIS LA FOLIE BESSIN;BESANCON OUEST;;60.80;91.90;151.30;199.20;34.00
PARIS LA FOLIE BESSIN;BEYNOST;;69.80;106.90;172.80;229.60;40.30
PARIS LA FOLIE BESSIN;BIERRE LES SEMUR;;44.60;66.70;111.70;145.30;24.60
PARIS LA FOLIE BESSIN;BLERE;;29.20;45.40;74.00;91.80;17.60
PARIS LA FOLIE BESSIN;BLOIS;;19.20;30.00;49.70;62.20;11.80
PARIS LA FOLIE BESSIN;BOURG NORD;;62.00;94.60;153.40;203.30;35.10
PARIS LA FOLIE BESSIN;BOURG SUD;;63.30;96.90;157.50;208.50;36.50
PARIS LA FOLIE BESSIN;BOURGES;;24.60;39.60;64.40;82.50;15.70
PARIS LA FOLIE BESSIN;BOURGUEIL;;36.80;56.60;87.30;112.50;22.90
PARIS LA FOLIE BESSIN;BRIONNE;;51.50;83.40;122.70;164.20;31.80
PARIS LA FOLIE BESSIN;BROU;;13.10;20.60;30.60;43.60;8.30
PARIS LA FOLIE BESSIN;BULGNEVILLE;;55.30;83.90;137.20;181.60;30.70
PARIS LA FOLIE BESSIN;CHALON CENTRE;;54.70;83.30;135.50;178.20;30.40
PARIS LA FOLIE BESSIN;CHALON NORD;;54.70;83.30;135.50;178.20;30.40
PARIS LA FOLIE BESSIN;CHALON SUD;;54.70;83.30;135.50;178.20;30.40
PARIS LA FOLIE BESSIN;CHALONS LA VEUVE;;53.80;80.60;134.80;173.70;29.80
PARIS LA FOLIE BESSIN;CHARMONT;;45.70;68.80;114.50;149.20;25.10
PARIS LA FOLIE BESSIN;CHARTRES EST;;8.00;11.80;18.50;27.00;5.10
PARIS LA FOLIE BESSIN;CHARTRES THIVARS;;8.90;13.60;21.70;30.60;5.40
PARIS LA FOLIE BESSIN;CHATEAU DU LOIR MONTABON;;26.30;41.30;65.50;83.80;16.40
PARIS LA FOLIE BESSIN;CHATEAU RENAULT;;22.40;34.60;56.40;73.20;14.20
PARIS LA FOLIE BESSIN;CHATEAU THIERRY;;62.70;93.60;153.50;201.60;34.90
PARIS LA FOLIE BESSIN;CHATENOIS;;55.90;84.60;139.00;183.60;31.30
PARIS LA FOLIE BESSIN;CHATILLON LABORDE;;41.60;62.40;104.00;134.70;22.90
PARIS LA FOLIE BESSIN;CHAUMONT SEMOUTIERS;;48.30;72.70;120.90;158.20;26.60
PARIS LA FOLIE BESSIN;CHOISEY;;57.10;86.20;142.40;187.50;31.80
PARIS LA FOLIE BESSIN;CLERMONT;;43.40;68.00;111.20;148.00;26.70
PARIS LA FOLIE BESSIN;CLERMONT EN ARGONNE;;57.10;87.30;143.40;186.50;32.30
PARIS LA FOLIE BESSIN;COLOMBEY LES BELLES;;58.70;88.50;145.40;193.30;32.60
PARIS LA FOLIE BESSIN;COMBRONDE;;38.70;60.70;98.20;130.00;23.80
PARIS LA FOLIE BESSIN;CONNERRE;;20.30;31.20;49.30;65.70;12.30
PARIS LA FOLIE BESSIN;COURTENAY;;33.80;50.20;85.20;108.30;18.00
PARIS LA FOLIE BESSIN;CRIMOLOIS;;55.90;84.30;139.50;182.60;31.30
PARIS LA FOLIE BESSIN;DEUX CHAISES;;35.10;55.90;90.70;119.40;22.00
PARIS LA FOLIE BESSIN;DIJON SUD;;54.90;83.70;136.80;179.80;30.50
PARIS LA FOLIE BESSIN;DIJON ARC SUR TILLE;;56.60;86.10;140.70;185.20;31.60
PARIS LA FOLIE BESSIN;DOLE;;57.10;86.20;142.40;187.50;31.80
PARIS LA FOLIE BESSIN;DORMANS;;59.90;90.00;147.80;192.90;33.60
PARIS LA FOLIE BESSIN;DOURDAN;;1.70;4.10;4.80;6.40;1.00
PARIS LA FOLIE BESSIN;DURTAL;;27.80;43.30;68.10;87.20;17.30
PARIS LA FOLIE BESSIN;ECOMMOY;;24.30;37.40;58.10;74.80;14.60
PARIS LA FOLIE BESSIN;EGLETONS;;53.20;83.20;129.30;174.30;32.60
PARIS LA FOLIE BESSIN;ELOISE ANNECY;;74.70;115.00;185.70;247.70;43.10
PARIS LA FOLIE BESSIN;EPERNAY;;57.40;85.50;141.60;183.70;31.40
PARIS LA FOLIE BESSIN;ESCRENNES;;16.60;24.40;40.20;53.10;9.30
PARIS LA FOLIE BESSIN;ESVRES;;30.70;47.30;78.40;98.40;18.50
PARIS LA FOLIE BESSIN;EVRON;;29.10;44.80;67.10;94.40;18.10
PARIS LA FOLIE BESSIN;FEILLENS;;59.40;90.60;148.50;196.40;33.80
PARIS LA FOLIE BESSIN;FLEURY EN BIERE;;40.20;60.30;100.40;129.20;21.80
PARIS LA FOLIE BESSIN;FONTAINEBLEAU;;37.50;55.90;94.20;119.80;20.20
PARIS LA FOLIE BESSIN;FONTENAY SUR LOING;;24.90;37.60;66.20;83.10;13.50
PARIS LA FOLIE BESSIN;FORET DE TRONCAIS;;31.00;49.50;79.20;102.80;19.50
PARIS LA FOLIE BESSIN;FORGES;;39.20;58.10;97.40;125.80;20.80
PARIS LA FOLIE BESSIN;FRESNES EN WOEVRE;;62.40;94.80;155.30;201.70;34.80
PARIS LA FOLIE BESSIN;GACE;;36.50;59.20;88.30;117.50;22.50
PARIS LA FOLIE BESSIN;GANNAT;;38.40;60.60;97.40;129.30;23.70
PARIS LA FOLIE BESSIN;GENDREY;;58.20;88.50;145.90;192.90;32.90
PARIS LA FOLIE BESSIN;GERZAT;;40.30;63.60;101.80;133.60;24.90
PARIS LA FOLIE BESSIN;GIDY;;11.90;16.90;28.00;37.50;6.70
PARIS LA FOLIE BESSIN;GONDREVILLE LA FRANCHE NORD;;24.60;35.10;60.80;78.60;13.00
PARIS LA FOLIE BESSIN;GONDREVILLE LA FRANCHE SUD;;29.10;41.90;71.50;92.80;15.80
PARIS LA FOLIE BESSIN;GROISSIAT;;70.20;107.50;174.90;232.40;40.50
PARIS LA FOLIE BESSIN;GYE;;61.00;91.80;149.70;198.70;33.90
PARIS LA FOLIE BESSIN;ILLIERS COMBRAY;;11.30;17.70;28.50;39.60;6.80
PARIS LA FOLIE BESSIN;JANVILLE ALLAINES;;7.70;11.40;17.30;21.00;4.20
PARIS LA FOLIE BESSIN;JARNY;;63.70;97.70;158.10;203.70;35.90
PARIS LA FOLIE BESSIN;JOIGNY;;35.50;52.60;88.70;113.40;19.00
PARIS LA FOLIE BESSIN;L ISLE SUR LE DOUBS;;65.20;99.50;162.40;215.30;37.00
PARIS LA FOLIE BESSIN;LA BOISSE;;71.30;109.20;177.00;235.40;41.10
PARIS LA FOLIE BESSIN;LA BOISSE MONTLUEL;;68.90;104.90;167.90;222.50;39.50
PARIS LA FOLIE BESSIN;LA COTIERE;;69.70;106.10;172.20;226.90;40.20
PARIS LA FOLIE BESSIN;LA CROIX CHALON;;68.40;104.70;170.50;226.60;39.20
PARIS LA FOLIE BESSIN;LA FERTE BERNARD;;16.20;24.70;37.70;53.00;10.00
PARIS LA FOLIE BESSIN;LAMOTTE BEUVRON;;17.90;26.80;43.60;58.00;11.20
PARIS LA FOLIE BESSIN;LANGRES NORD;;50.40;75.50;123.70;163.20;27.80
PARIS LA FOLIE BESSIN;LANGRES SUD;;51.20;76.90;126.50;166.10;28.50
PARIS LA FOLIE BESSIN;LAVAL EST;;31.20;47.80;71.70;100.30;19.40
PARIS LA FOLIE BESSIN;LAVAL OUEST;;31.70;48.60;74.80;102.60;20.00
PARIS LA FOLIE BESSIN;LE MANS CENTRE UNIVERSITE;;22.70;35.40;56.10;72.00;14.30
PARIS LA FOLIE BESSIN;LE MANS SUD;;23.70;37.10;58.60;75.50;14.90
PARIS LA FOLIE BESSIN;LE MANS ZI NORD;;21.60;33.20;52.00;71.50;13.60
PARIS LA FOLIE BESSIN;LE MIROIR;;62.80;95.70;157.10;207.30;35.60
PARIS LA FOLIE BESSIN;LES EPRUNES;;42.70;64.70;107.90;140.60;23.80
PARIS LA FOLIE BESSIN;LONGUE JUMELLES;;33.20;51.70;79.10;101.60;20.70
PARIS LA FOLIE BESSIN;MACON NORD;;59.30;90.20;146.50;193.50;33.40
PARIS LA FOLIE BESSIN;MACON SUD;;60.20;91.70;149.00;196.70;33.90
PARIS LA FOLIE BESSIN;MAGNANT;;44.80;67.20;111.60;146.00;24.60
PARIS LA FOLIE BESSIN;MANZAT;;40.30;64.00;101.90;134.30;25.00
PARIS LA FOLIE BESSIN;MAROLLES SUR SEINE;;39.20;58.10;97.40;125.80;20.80
PARIS LA FOLIE BESSIN;MER;;17.90;26.30;43.60;57.50;10.80
PARIS LA FOLIE BESSIN;MEUNG;;14.90;22.40;36.80;47.20;9.10
PARIS LA FOLIE BESSIN;MONT CHOISY;;51.30;77.70;129.80;168.40;28.70
PARIS LA FOLIE BESSIN;MONTIGNY LE ROI;;52.10;78.00;129.00;170.10;28.90
PARIS LA FOLIE BESSIN;MONTLUCON;;33.40;53.10;85.10;112.00;20.80
PARIS LA FOLIE BESSIN;MONTMARAULT;;34.70;55.20;89.30;118.10;21.60
PARIS LA FOLIE BESSIN;MONTREUIL AUX LIONS;;65.30;97.10;158.30;205.10;36.20
PARIS LA FOLIE BESSIN;NEMOURS;;37.50;55.90;94.20;119.80;20.20
PARIS LA FOLIE BESSIN;NITRY;;40.60;60.70;101.50;131.80;22.00
PARIS LA FOLIE BESSIN;NUITS SAINT GEORGES;;53.20;80.70;133.20;174.70;29.60
PARIS LA FOLIE BESSIN;OLIVET;;14.60;21.30;33.60;43.90;8.90
PARIS LA FOLIE BESSIN;ORBEC;;41.50;67.50;101.00;134.80;25.60
PARIS LA FOLIE BESSIN;ORLEANS CENTRE;;13.00;20.30;32.80;40.90;7.80
PARIS LA FOLIE BESSIN;ORLEANS NORD;;12.00;17.10;28.20;37.60;6.80
PARIS LA FOLIE BESSIN;ORMES;;58.90;87.60;144.70;187.80;32.20
PARIS LA FOLIE BESSIN;PARIGNE L EVEQUE;;23.00;35.20;56.30;71.00;14.30
PARIS LA FOLIE BESSIN;PEROUGES;;67.30;102.80;166.60;220.60;38.30
PARIS LA FOLIE BESSIN;PONT D AIN;;64.70;99.30;162.30;214.30;37.10
PARIS LA FOLIE BESSIN;POUILLY EN AUXOIS;;48.40;72.90;120.50;158.50;26.50
PARIS LA FOLIE BESSIN;REIMS TAISSY;;57.60;86.00;143.00;185.40;31.70
PARIS LA FOLIE BESSIN;REIMS TINQUEUX;;59.30;88.40;145.30;189.80;32.60
PARIS LA FOLIE BESSIN;REPLONGES;;59.40;90.60;148.50;196.40;33.80
PARIS LA FOLIE BESSIN;RESTIGNE;;40.80;62.70;95.10;123.90;25.20
PARIS LA FOLIE BESSIN;RIOM;;40.10;63.40;101.20;133.40;24.70
PARIS LA FOLIE BESSIN;ROBECOURT;;53.80;81.60;133.80;176.70;30.00
PARIS LA FOLIE BESSIN;ROMORANTIN;;23.20;35.80;56.30;74.70;14.40
PARIS LA FOLIE BESSIN;ROUMOIS;;60.90;97.90;142.50;193.10;36.30
PARIS LA FOLIE BESSIN;SABLE LA FLECHE;;26.80;41.40;65.10;84.40;16.50
PARIS LA FOLIE BESSIN;SAINT AIGNAN SUR CHER;;26.00;41.40;66.10;83.50;16.00
PARIS LA FOLIE BESSIN;SAINT AMAND;;28.40;45.50;73.40;94.40;17.90
PARIS LA FOLIE BESSIN;SAINT DENIS LES SENS;;36.20;54.00;90.60;115.50;19.40
PARIS LA FOLIE BESSIN;SAINT ETIENNE AU TEMPLE;;53.20;80.90;135.20;176.30;29.90
PARIS LA FOLIE BESSIN;SAINT GENIS;;63.90;97.30;156.80;206.80;36.10
PARIS LA FOLIE BESSIN;SAINT GERMAIN LAXIS;;41.60;62.40;104.00;134.70;22.90
PARIS LA FOLIE BESSIN;SAINT GIBRIEN;;52.40;79.00;131.50;171.20;29.20
PARIS LA FOLIE BESSIN;SAINT HILAIRE LES ANDRESIS;;29.70;44.00;74.60;93.80;15.90
PARIS LA FOLIE BESSIN;SAINT MARTIN DU FRESNE;;68.10;104.60;169.00;224.80;39.20
PARIS LA FOLIE BESSIN;SAINT MAURICE;;69.90;106.80;174.90;233.10;40.30
PARIS LA FOLIE BESSIN;SAINT THIBAULT;;42.10;63.20;106.10;138.00;23.30
PARIS LA FOLIE BESSIN;SAINTE MENEHOULD;;55.50;84.70;141.20;184.10;31.40
PARIS LA FOLIE BESSIN;SALBRIS;;19.40;30.10;49.50;65.00;12.30
PARIS LA FOLIE BESSIN;SAUMUR VIVY;;34.60;54.20;83.70;107.30;21.70
PARIS LA FOLIE BESSIN;SAVIGNY SUR CLAIRIS;;30.30;44.20;75.40;96.70;16.20
PARIS LA FOLIE BESSIN;SEES;;32.50;52.80;79.60;105.70;19.80
PARIS LA FOLIE BESSIN;SEICHES;;30.50;47.10;72.70;93.50;18.70
PARIS LA FOLIE BESSIN;SELLES SUR CHER;;25.20;39.80;61.20;80.50;15.50
PARIS LA FOLIE BESSIN;SEURRE;;54.40;82.90;135.40;178.40;30.30
PARIS LA FOLIE BESSIN;SILLE LE GUILLAUME MAMERS;;24.50;38.20;60.50;78.20;14.90
PARIS LA FOLIE BESSIN;SILLE LE GUILLAUME SABLE;;25.70;40.70;58.20;82.40;16.40
PARIS LA FOLIE BESSIN;SOIRANS;;55.80;84.20;140.40;183.70;31.60
PARIS LA FOLIE BESSIN;SOMMESOUS;;49.00;74.20;123.80;161.10;27.20
PARIS LA FOLIE BESSIN;ST GERMAIN LES VERGNES;;58.50;91.70;140.90;189.60;35.90
PARIS LA FOLIE BESSIN;ST JULIEN SANCY;;45.30;71.70;113.20;149.60;28.10
PARIS LA FOLIE BESSIN;SYLANS;;68.80;105.60;170.60;227.00;39.60
PARIS LA FOLIE BESSIN;THENNELIERES;;43.50;65.50;107.80;140.10;24.20
PARIS LA FOLIE BESSIN;TIL CHATEL;;53.70;80.40;133.60;176.40;29.80
PARIS LA FOLIE BESSIN;TORVILLIERS;;41.60;62.40;104.30;135.00;22.90
PARIS LA FOLIE BESSIN;TOURNUS;;56.40;85.80;140.20;184.00;31.60
PARIS LA FOLIE BESSIN;TOURS CENTRE MONNAIE;;26.00;40.10;66.80;82.60;16.20
PARIS LA FOLIE BESSIN;TOURS CENTRE SAINT CHRISTOPHE;;29.90;49.10;78.80;97.80;19.00
PARIS LA FOLIE BESSIN;TULLE EST;;56.10;87.80;136.10;180.80;34.20
PARIS LA FOLIE BESSIN;TULLE NORD;;56.80;89.10;136.90;185.90;34.50
PARIS LA FOLIE BESSIN;URY;;38.30;57.00;95.50;122.00;20.70
PARIS LA FOLIE BESSIN;USSEL EST;;48.10;76.30;119.90;159.50;29.50
PARIS LA FOLIE BESSIN;USSEL OUEST;;50.20;78.30;123.50;165.00;30.80
PARIS LA FOLIE BESSIN;VAL DE SAONE;;66.70;100.00;164.40;217.90;37.40
PARIS LA FOLIE BESSIN;VALLEE DE L AUBE;;46.90;70.90;117.70;153.40;25.90
PARIS LA FOLIE BESSIN;VATRY;;49.80;74.90;123.90;162.50;27.40
PARIS LA FOLIE BESSIN;VEIGNE;;31.70;50.80;78.80;102.30;19.90
PARIS LA FOLIE BESSIN;VERDUN;;62.40;94.80;155.30;201.70;34.80
PARIS LA FOLIE BESSIN;VIERZON EST;;22.70;34.50;56.70;73.70;14.30
PARIS LA FOLIE BESSIN;VIERZON NORD;;21.80;33.80;54.70;71.60;13.80
PARIS LA FOLIE BESSIN;VILLE SOUS LA FERTE;;46.40;70.00;116.80;152.30;25.50
PARIS LA FOLIE BESSIN;VILLEFRANCHE NORD;;62.80;95.00;156.50;206.70;35.70
PARIS LA FOLIE BESSIN;VILLEFRANCHE LIMAS;;67.00;101.70;165.00;218.70;37.70
PARIS LA FOLIE BESSIN;VILLEFRANCHE VILLE;;63.40;96.60;157.30;207.80;36.00
PARIS LA FOLIE BESSIN;VILLENEUVE DONDAGRE;;34.90;52.00;87.70;111.90;18.70
PARIS LA FOLIE BESSIN;VIRIAT;;62.10;94.70;154.00;204.30;35.80
PARIS LA FOLIE BESSIN;VIRY;;79.10;122.50;197.40;262.90;46.00
PARIS LA FOLIE BESSIN;VITRE LA GRAVELLE;;32.30;50.60;75.30;108.60;21.60
PARIS LA FOLIE BESSIN;VOIE SACREE;;59.60;90.80;147.20;192.70;33.40
PARIS LA FOLIE BESSIN;VULAINES;;39.50;58.10;97.40;125.70;20.90
PARIS LA FOLIE BESSIN;VULCANIA BROMONT;;42.70;67.40;107.30;141.90;26.40
PEROUGES;ALLAINVILLE;;62.10;96.50;155.30;204.50;35.10
PEROUGES;ARTENAY;;58.00;89.30;143.30;190.60;32.60
PEROUGES;AUXY;;43.40;68.00;107.90;144.10;25.50
PEROUGES;BLERE;;74.80;116.10;185.10;243.10;42.80
PEROUGES;BLOIS;;64.90;100.20;160.40;212.20;36.70
PEROUGES;BOURGES;;71.70;110.80;177.70;234.90;40.80
PEROUGES;CHATEAU RENAULT;;67.80;104.30;166.00;220.90;38.70
PEROUGES;ESCRENNES;;47.90;74.70;120.40;159.50;27.90
PEROUGES;ESVRES;;76.10;118.30;188.90;247.30;43.30
PEROUGES;FONTENAY SUR LOING;;39.70;61.00;95.20;129.30;23.30
PEROUGES;GIDY;;58.50;90.10;144.20;191.70;32.80
PEROUGES;GONDREVILLE LA FRANCHE NORD;;41.50;64.20;99.40;133.50;23.80
PEROUGES;GONDREVILLE LA FRANCHE SUD;;46.00;71.00;110.10;147.70;26.60
PEROUGES;JANVILLE ALLAINES;;59.10;91.20;145.80;194.00;33.40
PEROUGES;LAMOTTE BEUVRON;;63.60;98.00;156.80;208.10;36.10
PEROUGES;MER;;63.50;97.00;155.10;205.60;35.90
PEROUGES;MEUNG;;61.40;94.40;149.80;199.70;34.60
PEROUGES;OLIVET;;60.20;92.70;148.30;196.10;34.10
PEROUGES;ORLEANS CENTRE;;59.50;91.80;146.50;193.70;33.50
PEROUGES;ORLEANS NORD;;58.70;90.40;144.50;192.00;33.10
PEROUGES;PARIS LA FOLIE BESSIN;;67.30;102.80;166.60;220.60;38.30
PEROUGES;ROMORANTIN;;69.20;107.30;170.40;225.80;39.00
PEROUGES;SAINT AIGNAN SUR CHER;;71.90;111.70;177.00;235.40;40.60
PEROUGES;SAINT HILAIRE LES ANDRESIS;;34.70;54.40;84.60;116.20;20.90
PEROUGES;SALBRIS;;65.20;101.00;161.20;215.00;36.90
PEROUGES;SAVIGNY SUR CLAIRIS;;33.70;52.80;81.80;112.80;20.40
PEROUGES;SELLES SUR CHER;;71.00;110.10;174.40;231.50;40.00
PEROUGES;TOURS CENTRE MONNAIE;;72.40;110.80;175.50;233.70;41.20
PEROUGES;VEIGNE;;78.30;121.80;194.80;255.40;44.50
PEROUGES;VIERZON EST;;68.10;104.60;168.50;222.60;38.70
PEROUGES;VIERZON NORD;;67.50;104.20;167.90;222.20;38.10
POITIERS NORD;AIGREFEUILLE;;18.40;28.70;41.50;54.10;11.70
POITIERS NORD;BEAULIEU;;23.10;35.90;52.00;68.20;14.00
POITIERS NORD;CHANTONNAY;;15.90;24.80;34.50;45.90;9.40
POITIERS NORD;CHATELLERAULT NORD;;3.00;5.30;8.70;10.10;2.30
POITIERS NORD;CHATELLERAULT SUD;;2.20;4.00;5.30;6.10;1.40
POITIERS NORD;CHEMILLE;;19.70;31.10;45.40;59.20;12.00
POITIERS NORD;CHOLET NORD;;18.20;29.20;42.00;54.00;11.40
POITIERS NORD;CHOLET SUD;;18.00;29.00;40.30;52.90;11.20
POITIERS NORD;FONTENAY LE COMTE;;11.50;18.70;25.00;35.50;7.10
POITIERS NORD;FONTENAY OUEST;;12.10;18.80;26.60;35.70;7.20
POITIERS NORD;FUTUROSCOPE;;0.80;1.20;1.50;1.70;0.50
POITIERS NORD;LA ROCHE SUR YON;;17.10;26.40;37.00;50.30;10.80
POITIERS NORD;LA ROCHELLE NIORT SUD;;9.20;14.10;18.60;24.90;5.40
POITIERS NORD;LA VERRIE;;17.80;28.80;40.10;52.70;11.00
POITIERS NORD;LE BIGNON;;18.60;28.90;41.70;54.30;11.90
POITIERS NORD;LES ESSARTS;;16.80;25.90;36.70;49.70;10.50
POITIERS NORD;LES HERBIERS;;17.60;28.60;39.90;52.50;10.80
POITIERS NORD;MIRAMBEAU;;18.80;31.10;42.80;56.60;11.80
POITIERS NORD;MONTAIGU;;18.20;28.50;41.30;53.90;11.50
POITIERS NORD;NIORT EST;;6.70;11.10;16.70;21.40;4.30
POITIERS NORD;NIORT NORD;;7.70;12.60;18.20;23.40;5.00
POITIERS NORD;NIORT OUEST;;10.00;14.60;21.80;27.90;6.20
POITIERS NORD;POITIERS SUD;;1.10;2.20;3.20;3.30;0.80
POITIERS NORD;PONS;;16.90;27.30;36.50;50.30;10.30
POITIERS NORD;SAINT AUBIN DE BLAYE;;20.50;32.60;45.90;59.80;12.80
POITIERS NORD;SAINT JEAN D ANGELY;;12.00;18.90;25.80;32.40;7.50
POITIERS NORD;SAINT MAIXENT LUSIGNAN;;4.30;7.00;10.00;12.30;2.50
POITIERS NORD;SAINTE MAURE;;6.00;9.90;17.90;19.70;3.80
POITIERS NORD;SAINTES;;15.40;23.80;33.70;42.40;9.30
POITIERS NORD;STE HERMINE;;13.60;21.10;30.80;37.70;9.00
POITIERS NORD;TOURS CENTRE SORIGNY;;12.50;20.20;32.40;41.40;7.90
POITIERS NORD;VIRSAC;;21.10;33.70;47.20;61.00;13.20
POITIERS NORD;VOUILLE;;7.00;11.60;16.50;20.40;4.10
POITIERS SUD;AIGREFEUILLE;;17.30;26.50;38.30;50.80;10.90
POITIERS SUD;BEAULIEU;;22.00;33.70;48.80;64.90;13.20
POITIERS SUD;CHANTONNAY;;14.80;22.60;31.30;42.60;8.60
POITIERS SUD;CHATELLERAULT NORD;;4.80;7.80;13.50;15.60;3.30
POITIERS SUD;CHATELLERAULT SUD;;4.00;6.20;8.80;10.90;2.30
POITIERS SUD;CHEMILLE;;18.60;28.90;42.20;55.90;11.20
POITIERS SUD;CHOLET NORD;;17.10;27.00;38.80;50.70;10.60
POITIERS SUD;CHOLET SUD;;16.90;26.80;37.10;49.60;10.40
POITIERS SUD;FONTENAY LE COMTE;;10.40;16.50;21.80;32.20;6.30
POITIERS SUD;FONTENAY OUEST;;11.00;16.60;23.40;32.40;6.40
POITIERS SUD;FUTUROSCOPE;;1.80;3.00;5.00;5.10;1.10
POITIERS SUD;LA ROCHE SUR YON;;16.00;24.20;33.80;47.00;10.00
POITIERS SUD;LA ROCHELLE NIORT SUD;;8.10;11.90;15.40;21.60;4.60
POITIERS SUD;LA VERRIE;;16.70;26.60;36.90;49.40;10.20
POITIERS SUD;LE BIGNON;;17.50;26.70;38.50;51.00;11.10
POITIERS SUD;LES ESSARTS;;15.70;23.70;33.50;46.40;9.70
POITIERS SUD;LES HERBIERS;;16.50;26.40;36.70;49.20;10.00
POITIERS SUD;MIRAMBEAU;;17.70;28.90;39.60;53.30;11.00
POITIERS SUD;MONTAIGU;;17.10;26.30;38.10;50.60;10.70
POITIERS SUD;NIORT EST;;5.60;8.90;13.50;18.10;3.50
POITIERS SUD;NIORT NORD;;6.60;10.40;15.00;20.10;4.20
POITIERS SUD;NIORT OUEST;;8.90;12.40;18.60;24.60;5.40
POITIERS SUD;POITIERS NORD;;1.10;2.20;3.20;3.30;0.80
POITIERS SUD;PONS;;15.80;25.10;33.30;47.00;9.50
POITIERS SUD;SAINT AUBIN DE BLAYE;;19.40;30.40;42.70;56.50;12.00
POITIERS SUD;SAINT JEAN D ANGELY;;10.90;16.70;22.60;29.10;6.70
POITIERS SUD;SAINT MAIXENT LUSIGNAN;;3.20;4.80;6.80;9.00;1.70
POITIERS SUD;SAINTE MAURE;;8.20;13.20;20.50;27.40;5.30
POITIERS SUD;SAINTES;;14.30;21.60;30.50;39.10;8.50
POITIERS SUD;STE HERMINE;;12.50;18.90;27.60;34.40;8.20
POITIERS SUD;TOURS CENTRE SORIGNY;;14.90;22.00;35.30;47.30;9.10
POITIERS SUD;VIRSAC;;20.00;31.50;44.00;57.70;12.40
POITIERS SUD;VOUILLE;;5.90;9.40;13.30;17.10;3.30
PONS;CHATELLERAULT NORD;;20.60;32.90;46.80;62.60;12.80
PONS;CHATELLERAULT SUD;;19.80;31.30;42.10;57.90;11.80
PONS;FUTUROSCOPE;;17.60;28.10;38.30;52.10;10.60
PONS;POITIERS NORD;;16.90;27.30;36.50;50.30;10.30
PONS;POITIERS SUD;;15.80;25.10;33.30;47.00;9.50
PONS;SAINTE MAURE;;24.00;38.30;53.80;74.40;14.80
PONS;TOURS CENTRE SORIGNY;;30.70;47.10;68.60;94.30;18.60
PONT D AIN;ALLAINVILLE;;59.50;93.00;151.00;198.20;33.90
PONT D AIN;ARTENAY;;55.40;85.80;139.00;184.30;31.40
PONT D AIN;AUXY;;40.80;64.50;103.60;137.80;24.30
PONT D AIN;BLERE;;72.20;112.60;180.80;236.80;41.60
PONT D AIN;BLOIS;;62.30;96.70;156.10;205.90;35.50
PONT D AIN;BOURGES;;69.10;107.30;173.40;228.60;39.60
PONT D AIN;CHATEAU RENAULT;;65.20;100.80;161.70;214.60;37.50
PONT D AIN;ESCRENNES;;45.30;71.20;116.10;153.20;26.70
PONT D AIN;ESVRES;;73.50;114.80;184.60;241.00;42.10
PONT D AIN;FONTENAY SUR LOING;;37.10;57.50;90.90;123.00;22.10
PONT D AIN;GIDY;;55.90;86.60;139.90;185.40;31.60
PONT D AIN;GONDREVILLE LA FRANCHE NORD;;38.90;60.70;95.10;127.20;22.60
PONT D AIN;GONDREVILLE LA FRANCHE SUD;;43.40;67.50;105.80;141.40;25.40
PONT D AIN;JANVILLE ALLAINES;;56.50;87.70;141.50;187.70;32.20
PONT D AIN;LAMOTTE BEUVRON;;61.00;94.50;152.50;201.80;34.90
PONT D AIN;MER;;60.90;93.50;150.80;199.30;34.70
PONT D AIN;MEUNG;;58.80;90.90;145.50;193.40;33.40
PONT D AIN;OLIVET;;57.60;89.20;144.00;189.80;32.90
PONT D AIN;ORLEANS CENTRE;;56.90;88.30;142.20;187.40;32.30
PONT D AIN;ORLEANS NORD;;56.10;86.90;140.20;185.70;31.90
PONT D AIN;PARIS LA FOLIE BESSIN;;64.70;99.30;162.30;214.30;37.10
PONT D AIN;ROMORANTIN;;66.60;103.80;166.10;219.50;37.80
PONT D AIN;SAINT AIGNAN SUR CHER;;69.30;108.20;172.70;229.10;39.40
PONT D AIN;SAINT HILAIRE LES ANDRESIS;;32.10;50.90;80.30;109.90;19.70
PONT D AIN;SALBRIS;;62.60;97.50;156.90;208.70;35.70
PONT D AIN;SAVIGNY SUR CLAIRIS;;31.10;49.30;77.50;106.50;19.20
PONT D AIN;SELLES SUR CHER;;68.40;106.60;170.10;225.20;38.80
PONT D AIN;TOURS CENTRE MONNAIE;;69.80;107.30;171.20;227.40;40.00
PONT D AIN;VEIGNE;;75.70;118.30;190.50;249.10;43.30
PONT D AIN;VIERZON EST;;65.50;101.10;164.20;216.30;37.50
PONT D AIN;VIERZON NORD;;64.90;100.70;163.60;215.90;36.90
POUILLY EN AUXOIS;ALLAINVILLE;;43.20;66.60;109.20;142.40;23.30
POUILLY EN AUXOIS;ARTENAY;;39.10;59.40;97.20;128.50;20.80
POUILLY EN AUXOIS;AUXY;;24.50;38.10;61.80;82.00;13.70
POUILLY EN AUXOIS;BLERE;;55.90;86.20;139.00;181.00;31.00
POUILLY EN AUXOIS;BLOIS;;46.00;70.30;114.30;150.10;24.90
POUILLY EN AUXOIS;BOURGES;;52.80;80.90;131.60;172.80;29.00
POUILLY EN AUXOIS;CHATEAU RENAULT;;48.90;74.40;119.90;158.80;26.90
POUILLY EN AUXOIS;ESCRENNES;;29.00;44.80;74.30;97.40;16.10
POUILLY EN AUXOIS;ESVRES;;57.20;88.40;142.80;185.20;31.50
POUILLY EN AUXOIS;FONTENAY SUR LOING;;20.80;31.10;49.10;67.20;11.50
POUILLY EN AUXOIS;GIDY;;39.60;60.20;98.10;129.60;21.00
POUILLY EN AUXOIS;GONDREVILLE LA FRANCHE NORD;;22.60;34.30;53.30;71.40;12.00
POUILLY EN AUXOIS;GONDREVILLE LA FRANCHE SUD;;27.10;41.10;64.00;85.60;14.80
POUILLY EN AUXOIS;JANVILLE ALLAINES;;40.20;61.30;99.70;131.90;21.60
POUILLY EN AUXOIS;LAMOTTE BEUVRON;;44.70;68.10;110.70;146.00;24.30
POUILLY EN AUXOIS;MER;;44.60;67.10;109.00;143.50;24.10
POUILLY EN AUXOIS;MEUNG;;42.50;64.50;103.70;137.60;22.80
POUILLY EN AUXOIS;OLIVET;;41.30;62.80;102.20;134.00;22.30
POUILLY EN AUXOIS;ORLEANS CENTRE;;40.60;61.90;100.40;131.60;21.70
POUILLY EN AUXOIS;ORLEANS NORD;;39.80;60.50;98.40;129.90;21.30
POUILLY EN AUXOIS;PARIS LA FOLIE BESSIN;;48.40;72.90;120.50;158.50;26.50
POUILLY EN AUXOIS;ROMORANTIN;;50.30;77.40;124.30;163.70;27.20
POUILLY EN AUXOIS;SAINT AIGNAN SUR CHER;;53.00;81.80;130.90;173.30;28.80
POUILLY EN AUXOIS;SAINT HILAIRE LES ANDRESIS;;15.80;24.50;38.50;54.10;9.10
POUILLY EN AUXOIS;SALBRIS;;46.30;71.10;115.10;152.90;25.10
POUILLY EN AUXOIS;SAVIGNY SUR CLAIRIS;;14.80;22.90;35.70;50.70;8.60
POUILLY EN AUXOIS;SELLES SUR CHER;;52.10;80.20;128.30;169.40;28.20
POUILLY EN AUXOIS;TOURS CENTRE MONNAIE;;53.50;80.90;129.40;171.60;29.40
POUILLY EN AUXOIS;VEIGNE;;59.40;91.90;148.70;193.30;32.70
POUILLY EN AUXOIS;VIERZON EST;;49.20;74.70;122.40;160.50;26.90
POUILLY EN AUXOIS;VIERZON NORD;;48.60;74.30;121.80;160.10;26.30
REIMS TAISSY;ALLAINVILLE;;52.40;79.70;131.70;169.30;28.50
REIMS TAISSY;ARTENAY;;48.30;72.50;119.70;155.40;26.00
REIMS TAISSY;AUXY;;33.70;51.20;84.30;108.90;18.90
REIMS TAISSY;BLERE;;65.10;99.30;161.50;207.90;36.20
REIMS TAISSY;BLOIS;;55.20;83.40;136.80;177.00;30.10
REIMS TAISSY;BOURGES;;62.00;94.00;154.10;199.70;34.20
REIMS TAISSY;CHATEAU RENAULT;;58.10;87.50;142.40;185.70;32.10
REIMS TAISSY;ESCRENNES;;38.20;57.90;96.80;124.30;21.30
REIMS TAISSY;ESVRES;;66.40;101.50;165.30;212.10;36.70
REIMS TAISSY;FONTENAY SUR LOING;;30.00;44.20;71.60;94.10;16.70
REIMS TAISSY;GIDY;;48.80;73.30;120.60;156.50;26.20
REIMS TAISSY;GONDREVILLE LA FRANCHE NORD;;31.80;47.40;75.80;98.30;17.20
REIMS TAISSY;GONDREVILLE LA FRANCHE SUD;;36.30;54.20;86.50;112.50;20.00
REIMS TAISSY;JANVILLE ALLAINES;;49.40;74.40;122.20;158.80;26.80
REIMS TAISSY;LAMOTTE BEUVRON;;53.90;81.20;133.20;172.90;29.50
REIMS TAISSY;MER;;53.80;80.20;131.50;170.40;29.30
REIMS TAISSY;MEUNG;;51.70;77.60;126.20;164.50;28.00
REIMS TAISSY;OLIVET;;50.50;75.90;124.70;160.90;27.50
REIMS TAISSY;ORLEANS CENTRE;;49.80;75.00;122.90;158.50;26.90
REIMS TAISSY;ORLEANS NORD;;49.00;73.60;120.90;156.80;26.50
REIMS TAISSY;PARIS LA FOLIE BESSIN;;57.60;86.00;143.00;185.40;31.70
REIMS TAISSY;ROMORANTIN;;59.50;90.50;146.80;190.60;32.40
REIMS TAISSY;SAINT AIGNAN SUR CHER;;62.20;94.90;153.40;200.20;34.00
REIMS TAISSY;SAINT HILAIRE LES ANDRESIS;;25.00;37.60;61.00;81.00;14.30
REIMS TAISSY;SALBRIS;;55.50;84.20;137.60;179.80;30.30
REIMS TAISSY;SAVIGNY SUR CLAIRIS;;24.00;36.00;58.20;77.60;13.80
REIMS TAISSY;SELLES SUR CHER;;61.30;93.30;150.80;196.30;33.40
REIMS TAISSY;TOURS CENTRE MONNAIE;;62.70;94.00;151.90;198.50;34.60
REIMS TAISSY;VEIGNE;;68.60;105.00;171.20;220.20;37.90
REIMS TAISSY;VIERZON EST;;58.40;87.80;144.90;187.40;32.10
REIMS TAISSY;VIERZON NORD;;57.80;87.40;144.30;187.00;31.50
REIMS TINQUEUX;ALLAINVILLE;;54.10;82.10;134.00;173.70;29.40
REIMS TINQUEUX;ARTENAY;;50.00;74.90;122.00;159.80;26.90
REIMS TINQUEUX;AUXY;;35.40;53.60;86.60;113.30;19.80
REIMS TINQUEUX;BLERE;;66.80;101.70;163.80;212.30;37.10
REIMS TINQUEUX;BLOIS;;56.90;85.80;139.10;181.40;31.00
REIMS TINQUEUX;BOURGES;;63.70;96.40;156.40;204.10;35.10
REIMS TINQUEUX;CHATEAU RENAULT;;59.80;89.90;144.70;190.10;33.00
REIMS TINQUEUX;ESCRENNES;;39.90;60.30;99.10;128.70;22.20
REIMS TINQUEUX;ESVRES;;68.10;103.90;167.60;216.50;37.60
REIMS TINQUEUX;FONTENAY SUR LOING;;31.70;46.60;73.90;98.50;17.60
REIMS TINQUEUX;GIDY;;50.50;75.70;122.90;160.90;27.10
REIMS TINQUEUX;GONDREVILLE LA FRANCHE NORD;;33.50;49.80;78.10;102.70;18.10
REIMS TINQUEUX;GONDREVILLE LA FRANCHE SUD;;38.00;56.60;88.80;116.90;20.90
REIMS TINQUEUX;JANVILLE ALLAINES;;51.10;76.80;124.50;163.20;27.70
REIMS TINQUEUX;LAMOTTE BEUVRON;;55.60;83.60;135.50;177.30;30.40
REIMS TINQUEUX;MER;;55.50;82.60;133.80;174.80;30.20
REIMS TINQUEUX;MEUNG;;53.40;80.00;128.50;168.90;28.90
REIMS TINQUEUX;OLIVET;;52.20;78.30;127.00;165.30;28.40
REIMS TINQUEUX;ORLEANS CENTRE;;51.50;77.40;125.20;162.90;27.80
REIMS TINQUEUX;ORLEANS NORD;;50.70;76.00;123.20;161.20;27.40
REIMS TINQUEUX;PARIS LA FOLIE BESSIN;;59.30;88.40;145.30;189.80;32.60
REIMS TINQUEUX;ROMORANTIN;;61.20;92.90;149.10;195.00;33.30
REIMS TINQUEUX;SAINT AIGNAN SUR CHER;;63.90;97.30;155.70;204.60;34.90
REIMS TINQUEUX;SAINT HILAIRE LES ANDRESIS;;26.70;40.00;63.30;85.40;15.20
REIMS TINQUEUX;SALBRIS;;57.20;86.60;139.90;184.20;31.20
REIMS TINQUEUX;SAVIGNY SUR CLAIRIS;;25.70;38.40;60.50;82.00;14.70
REIMS TINQUEUX;SELLES SUR CHER;;63.00;95.70;153.10;200.70;34.30
REIMS TINQUEUX;TOURS CENTRE MONNAIE;;64.40;96.40;154.20;202.90;35.50
REIMS TINQUEUX;VEIGNE;;70.30;107.40;173.50;224.60;38.80
REIMS TINQUEUX;VIERZON EST;;60.10;90.20;147.20;191.80;33.00
REIMS TINQUEUX;VIERZON NORD;;59.50;89.80;146.60;191.40;32.40
REPLONGES;ALLAINVILLE;;54.20;84.30;137.20;180.30;30.60
REPLONGES;ARTENAY;;50.10;77.10;125.20;166.40;28.10
REPLONGES;AUXY;;35.50;55.80;89.80;119.90;21.00
REPLONGES;BLERE;;66.90;103.90;167.00;218.90;38.30
REPLONGES;BLOIS;;57.00;88.00;142.30;188.00;32.20
REPLONGES;BOURGES;;63.80;98.60;159.60;210.70;36.30
REPLONGES;CHATEAU RENAULT;;59.90;92.10;147.90;196.70;34.20
REPLONGES;ESCRENNES;;40.00;62.50;102.30;135.30;23.40
REPLONGES;ESVRES;;68.20;106.10;170.80;223.10;38.80
REPLONGES;FONTENAY SUR LOING;;31.80;48.80;77.10;105.10;18.80
REPLONGES;GIDY;;50.60;77.90;126.10;167.50;28.30
REPLONGES;GONDREVILLE LA FRANCHE NORD;;33.60;52.00;81.30;109.30;19.30
REPLONGES;GONDREVILLE LA FRANCHE SUD;;38.10;58.80;92.00;123.50;22.10
REPLONGES;JANVILLE ALLAINES;;51.20;79.00;127.70;169.80;28.90
REPLONGES;LAMOTTE BEUVRON;;55.70;85.80;138.70;183.90;31.60
REPLONGES;MER;;55.60;84.80;137.00;181.40;31.40
REPLONGES;MEUNG;;53.50;82.20;131.70;175.50;30.10
REPLONGES;OLIVET;;52.30;80.50;130.20;171.90;29.60
REPLONGES;ORLEANS CENTRE;;51.60;79.60;128.40;169.50;29.00
REPLONGES;ORLEANS NORD;;50.80;78.20;126.40;167.80;28.60
REPLONGES;PARIS LA FOLIE BESSIN;;59.40;90.60;148.50;196.40;33.80
REPLONGES;ROMORANTIN;;61.30;95.10;152.30;201.60;34.50
REPLONGES;SAINT AIGNAN SUR CHER;;64.00;99.50;158.90;211.20;36.10
REPLONGES;SAINT HILAIRE LES ANDRESIS;;26.80;42.20;66.50;92.00;16.40
REPLONGES;SALBRIS;;57.30;88.80;143.10;190.80;32.40
REPLONGES;SAVIGNY SUR CLAIRIS;;25.80;40.60;63.70;88.60;15.90
REPLONGES;SELLES SUR CHER;;63.10;97.90;156.30;207.30;35.50
REPLONGES;TOURS CENTRE MONNAIE;;64.50;98.60;157.40;209.50;36.70
REPLONGES;VEIGNE;;70.40;109.60;176.70;231.20;40.00
REPLONGES;VIERZON EST;;60.20;92.40;150.40;198.40;34.20
REPLONGES;VIERZON NORD;;59.60;92.00;149.80;198.00;33.60
RESTIGNE;ABLIS;;36.40;54.50;82.60;111.20;22.10
RESTIGNE;ALENCON NORD;;23.70;36.30;52.70;71.60;14.30
RESTIGNE;ALENCON SUD;;23.40;35.40;50.50;68.40;14.20
RESTIGNE;PEAGE DE CORZE;;12.70;18.50;26.90;36.30;7.50
RESTIGNE;ARGENTAN;;35.30;55.30;80.60;107.80;21.00
RESTIGNE;AUVOURS LE MANS ZI SUD;;20.70;31.50;44.10;59.00;12.70
RESTIGNE;BEAUFORT EN VALLEE;;6.70;9.20;14.70;19.10;3.70
RESTIGNE;BEAUMONT SUR SARTHE;;21.30;32.30;45.90;60.10;13.10
RESTIGNE;BERNAY;;44.60;68.90;101.40;137.90;27.00
RESTIGNE;BOURGUEIL;;2.30;4.30;6.80;8.40;1.80
RESTIGNE;BRIONNE;;50.20;78.20;111.80;150.80;30.70
RESTIGNE;BROU;;26.70;40.90;60.00;79.80;16.10
RESTIGNE;CHARTRES EST;;33.90;50.60;75.70;99.70;20.20
RESTIGNE;CHARTRES THIVARS;;32.00;47.10;69.80;93.30;19.00
RESTIGNE;CHATEAU DU LOIR MONTABON;;24.70;36.80;54.50;71.70;15.00
RESTIGNE;CONNERRE;;22.00;34.20;49.10;64.60;13.50
RESTIGNE;DURTAL;;11.60;17.60;25.40;34.80;7.00
RESTIGNE;ECOMMOY;;22.60;34.20;50.60;65.20;13.90
RESTIGNE;EVRON;;24.70;36.70;54.50;71.40;14.80
RESTIGNE;GACE;;35.20;54.00;77.40;104.10;21.40
RESTIGNE;ILLIERS COMBRAY;;29.70;44.50;68.00;88.60;17.70
RESTIGNE;LA FERTE BERNARD;;23.60;35.50;53.70;68.80;14.30
RESTIGNE;LAVAL EST;;26.80;39.70;59.10;77.30;16.10
RESTIGNE;LAVAL OUEST;;26.90;42.00;61.90;81.60;16.30
RESTIGNE;LE MANS CENTRE UNIVERSITE;;18.10;27.30;39.00;51.90;10.90
RESTIGNE;LE MANS SUD;;16.80;25.20;36.60;50.40;10.40
RESTIGNE;LE MANS ZI NORD;;18.80;29.30;41.20;54.40;11.40
RESTIGNE;LONGUE JUMELLES;;5.50;8.70;13.10;17.20;3.40
RESTIGNE;ORBEC;;40.20;62.30;90.10;121.40;24.50
RESTIGNE;PARIGNE L EVEQUE;;21.20;32.10;45.70;59.90;13.00
RESTIGNE;PARIS LA FOLIE BESSIN;;40.80;62.70;95.10;123.90;25.20
RESTIGNE;ROUMOIS;;59.60;92.70;131.60;179.70;35.20
RESTIGNE;SABLE LA FLECHE;;13.50;19.90;29.00;39.30;7.80
RESTIGNE;SAUMUR VIVY;;4.90;8.60;12.20;15.70;2.80
RESTIGNE;SEES;;31.20;47.60;68.70;92.30;18.70
RESTIGNE;SEICHES;;10.50;15.50;22.60;31.20;6.40
RESTIGNE;SILLE LE GUILLAUME MAMERS;;22.20;33.50;48.00;63.50;13.60
RESTIGNE;SILLE LE GUILLAUME SABLE;;22.10;33.00;47.50;63.00;13.50
RESTIGNE;TOURS CENTRE SAINT CHRISTOPHE;;29.30;45.20;68.50;89.90;17.80
RESTIGNE;VITRE LA GRAVELLE;;30.70;45.80;70.50;93.60;18.90
RIOM;ALLAINVILLE;;38.10;59.30;90.70;122.40;22.20
RIOM;ARTENAY;;31.60;50.30;77.40;104.30;19.00
RIOM;AUXY;;41.00;62.20;100.10;132.20;22.80
RIOM;BLERE;;29.50;46.50;72.00;96.60;17.60
RIOM;BLOIS;;35.00;54.10;85.70;111.20;20.90
RIOM;BOURGES;;15.50;23.80;36.80;50.90;9.00
RIOM;CHATEAU RENAULT;;36.70;58.40;90.30;122.40;22.20
RIOM;ESCRENNES;;36.50;56.20;88.10;118.30;20.80
RIOM;ESVRES;;31.90;50.30;78.10;101.90;18.80
RIOM;FONTENAY SUR LOING;;44.80;69.40;114.10;148.30;25.00
RIOM;GIDY;;29.70;46.10;72.60;96.90;17.50
RIOM;GONDREVILLE LA FRANCHE NORD;;44.50;66.90;108.70;143.80;24.50
RIOM;GONDREVILLE LA FRANCHE SUD;;49.00;73.70;119.40;158.00;27.30
RIOM;JANVILLE ALLAINES;;33.90;53.50;82.20;110.20;20.30
RIOM;LAMOTTE BEUVRON;;22.90;35.60;56.80;74.40;13.10
RIOM;MER;;33.10;51.90;80.30;108.00;19.20
RIOM;MEUNG;;30.70;48.60;73.70;101.10;18.20
RIOM;OLIVET;;27.60;42.30;65.80;88.10;15.90
RIOM;ORLEANS CENTRE;;27.80;43.80;70.10;89.90;16.20
RIOM;ORLEANS NORD;;29.50;45.50;71.20;95.40;17.20
RIOM;PARIS LA FOLIE BESSIN;;40.10;63.40;101.20;133.40;24.70
RIOM;ROMORANTIN;;22.20;35.20;54.50;73.00;13.40
RIOM;SAINT AIGNAN SUR CHER;;26.00;40.80;63.90;87.00;15.10
RIOM;SAINT HILAIRE LES ANDRESIS;;49.60;75.80;122.50;159.00;27.40
RIOM;SALBRIS;;20.80;32.80;51.30;67.30;12.50
RIOM;SAVIGNY SUR CLAIRIS;;50.20;76.00;123.30;161.90;27.70
RIOM;SELLES SUR CHER;;24.20;37.90;57.90;79.80;14.50
RIOM;TOURS CENTRE MONNAIE;;41.60;66.20;99.80;135.60;24.40
RIOM;VEIGNE;;32.20;51.80;81.50;107.60;20.00
RIOM;VIERZON EST;;18.50;29.00;43.90;60.10;11.30
RIOM;VIERZON NORD;;18.70;29.20;46.20;62.00;11.40
ROBECOURT;ALLAINVILLE;;48.60;75.30;122.50;160.60;26.80
ROBECOURT;ARTENAY;;44.50;68.10;110.50;146.70;24.30
ROBECOURT;AUXY;;29.90;46.80;75.10;100.20;17.20
ROBECOURT;BLERE;;61.30;94.90;152.30;199.20;34.50
ROBECOURT;BLOIS;;51.40;79.00;127.60;168.30;28.40
ROBECOURT;BOURGES;;58.20;89.60;144.90;191.00;32.50
ROBECOURT;CHATEAU RENAULT;;54.30;83.10;133.20;177.00;30.40
ROBECOURT;ESCRENNES;;34.40;53.50;87.60;115.60;19.60
ROBECOURT;ESVRES;;62.60;97.10;156.10;203.40;35.00
ROBECOURT;FONTENAY SUR LOING;;26.20;39.80;62.40;85.40;15.00
ROBECOURT;GIDY;;45.00;68.90;111.40;147.80;24.50
ROBECOURT;GONDREVILLE LA FRANCHE NORD;;28.00;43.00;66.60;89.60;15.50
ROBECOURT;GONDREVILLE LA FRANCHE SUD;;32.50;49.80;77.30;103.80;18.30
ROBECOURT;JANVILLE ALLAINES;;45.60;70.00;113.00;150.10;25.10
ROBECOURT;LAMOTTE BEUVRON;;50.10;76.80;124.00;164.20;27.80
ROBECOURT;MER;;50.00;75.80;122.30;161.70;27.60
ROBECOURT;MEUNG;;47.90;73.20;117.00;155.80;26.30
ROBECOURT;OLIVET;;46.70;71.50;115.50;152.20;25.80
ROBECOURT;ORLEANS CENTRE;;46.00;70.60;113.70;149.80;25.20
ROBECOURT;ORLEANS NORD;;45.20;69.20;111.70;148.10;24.80
ROBECOURT;PARIS LA FOLIE BESSIN;;53.80;81.60;133.80;176.70;30.00
ROBECOURT;ROMORANTIN;;55.70;86.10;137.60;181.90;30.70
ROBECOURT;SAINT AIGNAN SUR CHER;;58.40;90.50;144.20;191.50;32.30
ROBECOURT;SAINT HILAIRE LES ANDRESIS;;21.20;33.20;51.80;72.30;12.60
ROBECOURT;SALBRIS;;51.70;79.80;128.40;171.10;28.60
ROBECOURT;SAVIGNY SUR CLAIRIS;;20.20;31.60;49.00;68.90;12.10
ROBECOURT;SELLES SUR CHER;;57.50;88.90;141.60;187.60;31.70
ROBECOURT;TOURS CENTRE MONNAIE;;58.90;89.60;142.70;189.80;32.90
ROBECOURT;VEIGNE;;64.80;100.60;162.00;211.50;36.20
ROBECOURT;VIERZON EST;;54.60;83.40;135.70;178.70;30.40
ROBECOURT;VIERZON NORD;;54.00;83.00;135.10;178.30;29.80
ROMORANTIN;ALLAINVILLE;;18.70;30.00;45.20;60.60;11.50
ROMORANTIN;AMBERIEU EN BUGEY;;68.30;105.20;167.60;222.50;38.40
ROMORANTIN;ARLAY;;62.40;97.00;156.30;205.70;34.70
ROMORANTIN;ARTENAY;;13.40;21.40;32.80;44.30;8.10
ROMORANTIN;AUXERRE NORD;;40.20;61.60;99.90;128.50;21.20
ROMORANTIN;AUXERRE SUD;;40.20;61.60;99.90;128.50;21.20
ROMORANTIN;AUXY;;23.00;34.90;56.00;72.20;12.00
ROMORANTIN;AVALLON;;44.40;68.30;110.90;144.20;24.10
ROMORANTIN;BALAN;;69.20;107.30;170.40;225.80;39.00
ROMORANTIN;BARRIERE DE MONTREUIL AUX LIONS;;69.40;105.10;167.50;218.70;38.40
ROMORANTIN;BAUME LES DAMES;;65.50;101.70;162.70;215.90;36.90
ROMORANTIN;BEAUMONT;;69.70;106.50;170.30;222.00;38.10
ROMORANTIN;BEAUNE NORD;;52.90;82.10;131.70;171.90;29.20
ROMORANTIN;BEAUNE SUD;;54.20;83.60;134.30;176.00;29.80
ROMORANTIN;BEAUPONT;;65.70;102.20;164.20;217.30;37.20
ROMORANTIN;BEAUREPAIRE;;63.60;98.70;158.40;210.20;35.40
ROMORANTIN;BELLEGARDE;;75.20;117.00;186.10;247.90;42.80
ROMORANTIN;BELLEVILLE SUR SAONE;;63.70;98.60;157.00;207.80;35.40
ROMORANTIN;BERSAILLIN;;62.20;95.50;154.80;204.00;34.60
ROMORANTIN;BESANCON EST;;62.70;98.10;157.20;208.50;35.20
ROMORANTIN;BESANCON NORD;;62.70;97.00;155.60;205.50;34.80
ROMORANTIN;BESANCON OUEST;;62.70;96.40;155.10;204.40;34.70
ROMORANTIN;BEYNOST;;71.70;111.40;176.60;234.80;41.00
ROMORANTIN;BIERRE LES SEMUR;;46.50;71.20;115.50;150.50;25.30
ROMORANTIN;BLERE;;7.40;10.80;17.50;19.50;4.40
ROMORANTIN;BLOIS;;16.50;26.90;37.30;52.20;9.90
ROMORANTIN;BOURG NORD;;63.90;99.10;157.20;208.50;35.80
ROMORANTIN;BOURG SUD;;65.20;101.40;161.30;213.70;37.20
ROMORANTIN;BOURGES;;6.70;11.40;17.70;22.10;4.40
ROMORANTIN;BULGNEVILLE;;57.20;88.40;141.00;186.80;31.40
ROMORANTIN;CHALON CENTRE;;56.60;87.80;139.30;183.40;31.10
ROMORANTIN;CHALON NORD;;56.60;87.80;139.30;183.40;31.10
ROMORANTIN;CHALON SUD;;56.60;87.80;139.30;183.40;31.10
ROMORANTIN;CHALONS LA VEUVE;;55.70;85.10;138.60;178.90;30.50
ROMORANTIN;CHARMONT;;47.60;73.30;118.30;154.40;25.80
ROMORANTIN;CHATEAU RENAULT;;19.10;30.30;42.90;61.40;11.50
ROMORANTIN;CHATEAU THIERRY;;64.60;98.10;157.30;206.80;35.60
ROMORANTIN;CHATENOIS;;57.80;89.10;142.80;188.80;32.00
ROMORANTIN;CHATILLON LABORDE;;43.50;66.90;107.80;139.90;23.60
ROMORANTIN;CHAUMONT SEMOUTIERS;;50.20;77.20;124.70;163.40;27.30
ROMORANTIN;CHOISEY;;59.00;90.70;146.20;192.70;32.50
ROMORANTIN;CLERMONT;;25.50;39.80;64.50;87.60;15.40
ROMORANTIN;CLERMONT EN ARGONNE;;59.00;91.80;147.20;191.70;33.00
ROMORANTIN;COLOMBEY LES BELLES;;60.60;93.00;149.20;198.50;33.30
ROMORANTIN;COMBRONDE;;20.80;32.50;51.50;69.60;12.50
ROMORANTIN;COURTENAY;;35.70;54.70;89.00;113.50;18.70
ROMORANTIN;CRIMOLOIS;;57.80;88.80;143.30;187.80;32.00
ROMORANTIN;DEUX CHAISES;;17.20;27.70;44.00;59.00;10.70
ROMORANTIN;DIJON SUD;;56.80;88.20;140.60;185.00;31.20
ROMORANTIN;DIJON ARC SUR TILLE;;58.50;90.60;144.50;190.40;32.30
ROMORANTIN;DOLE;;59.00;90.70;146.20;192.70;32.50
ROMORANTIN;DORMANS;;61.80;94.50;151.60;198.10;34.30
ROMORANTIN;EGLETONS;;35.30;55.00;82.60;113.90;21.30
ROMORANTIN;ELOISE ANNECY;;76.60;119.50;189.50;252.90;43.80
ROMORANTIN;EPERNAY;;59.30;90.00;145.40;188.90;32.10
ROMORANTIN;ESCRENNES;;18.50;28.90;44.00;58.30;10.00
ROMORANTIN;ESVRES;;9.10;13.30;22.20;27.60;5.20
ROMORANTIN;FEILLENS;;61.30;95.10;152.30;201.60;34.50
ROMORANTIN;FLEURY EN BIERE;;42.10;64.80;104.20;134.40;22.50
ROMORANTIN;FONTAINEBLEAU;;39.40;60.40;98.00;125.00;20.90
ROMORANTIN;FONTENAY SUR LOING;;26.80;42.10;70.00;88.30;14.20
ROMORANTIN;FORET DE TRONCAIS;;13.10;21.30;32.50;42.40;8.20
ROMORANTIN;FORGES;;41.10;62.60;101.20;131.00;21.50
ROMORANTIN;FRESNES EN WOEVRE;;64.30;99.30;159.10;206.90;35.50
ROMORANTIN;GANNAT;;20.50;32.40;50.70;68.90;12.40
ROMORANTIN;GENDREY;;60.10;93.00;149.70;198.10;33.60
ROMORANTIN;GERZAT;;22.40;35.40;55.10;73.20;13.60
ROMORANTIN;GIDY;;11.70;18.80;28.50;36.90;6.70
ROMORANTIN;GONDREVILLE LA FRANCHE NORD;;26.50;39.60;64.60;83.80;13.70
ROMORANTIN;GONDREVILLE LA FRANCHE SUD;;31.00;46.40;75.30;98.00;16.50
ROMORANTIN;GROISSIAT;;72.10;112.00;178.70;237.60;41.20
ROMORANTIN;GYE;;62.90;96.30;153.50;203.90;34.60
ROMORANTIN;JANVILLE ALLAINES;;15.70;24.10;37.20;48.40;9.80
ROMORANTIN;JARNY;;65.60;102.20;161.90;208.90;36.60
ROMORANTIN;JOIGNY;;37.40;57.10;92.50;118.60;19.70
ROMORANTIN;L ISLE SUR LE DOUBS;;67.10;104.00;166.20;220.50;37.70
ROMORANTIN;LA BOISSE;;73.20;113.70;180.80;240.60;41.80
ROMORANTIN;LA BOISSE MONTLUEL;;70.80;109.40;171.70;227.70;40.20
ROMORANTIN;LA COTIERE;;71.60;110.60;176.00;232.10;40.90
ROMORANTIN;LA CROIX CHALON;;70.30;109.20;174.30;231.80;39.90
ROMORANTIN;LAMOTTE BEUVRON;;5.70;8.30;11.80;18.30;3.90
ROMORANTIN;LANGRES NORD;;52.30;80.00;127.50;168.40;28.50
ROMORANTIN;LANGRES SUD;;53.10;81.40;130.30;171.30;29.20
ROMORANTIN;LE MIROIR;;64.70;100.20;160.90;212.50;36.30
ROMORANTIN;LES EPRUNES;;44.60;69.20;111.70;145.80;24.50
ROMORANTIN;MACON NORD;;61.20;94.70;150.30;198.70;34.10
ROMORANTIN;MACON SUD;;62.10;96.20;152.80;201.90;34.60
ROMORANTIN;MAGNANT;;46.70;71.70;115.40;151.20;25.30
ROMORANTIN;MANZAT;;22.40;35.80;55.20;73.90;13.70
ROMORANTIN;MAROLLES SUR SEINE;;41.10;62.60;101.20;131.00;21.50
ROMORANTIN;MER;;15.00;24.20;33.70;48.20;9.00
ROMORANTIN;MEUNG;;12.10;19.70;29.00;39.00;7.30
ROMORANTIN;MONT CHOISY;;53.20;82.20;133.60;173.60;29.40
ROMORANTIN;MONTIGNY LE ROI;;54.00;82.50;132.80;175.30;29.60
ROMORANTIN;MONTLUCON;;15.50;24.90;38.40;51.60;9.50
ROMORANTIN;MONTMARAULT;;16.80;27.00;42.60;57.70;10.30
ROMORANTIN;MONTREUIL AUX LIONS;;67.20;101.60;162.10;210.30;36.90
ROMORANTIN;NEMOURS;;39.40;60.40;98.00;125.00;20.90
ROMORANTIN;NITRY;;42.50;65.20;105.30;137.00;22.70
ROMORANTIN;NUITS SAINT GEORGES;;55.10;85.20;137.00;179.90;30.30
ROMORANTIN;OLIVET;;8.80;14.40;20.80;31.30;5.30
ROMORANTIN;ORLEANS CENTRE;;10.80;16.60;23.70;34.20;6.40
ROMORANTIN;ORLEANS NORD;;11.10;17.80;27.50;36.50;6.60
ROMORANTIN;ORMES;;60.80;92.10;148.50;193.00;32.90
ROMORANTIN;PARIS LA FOLIE BESSIN;;23.20;35.80;56.30;74.70;14.40
ROMORANTIN;PEROUGES;;69.20;107.30;170.40;225.80;39.00
ROMORANTIN;PONT D AIN;;66.60;103.80;166.10;219.50;37.80
ROMORANTIN;POUILLY EN AUXOIS;;50.30;77.40;124.30;163.70;27.20
ROMORANTIN;REIMS TAISSY;;59.50;90.50;146.80;190.60;32.40
ROMORANTIN;REIMS TINQUEUX;;61.20;92.90;149.10;195.00;33.30
ROMORANTIN;REPLONGES;;61.30;95.10;152.30;201.60;34.50
ROMORANTIN;RIOM;;22.20;35.20;54.50;73.00;13.40
ROMORANTIN;ROBECOURT;;55.70;86.10;137.60;181.90;30.70
ROMORANTIN;SAINT AIGNAN SUR CHER;;3.50;5.00;8.60;11.70;1.90
ROMORANTIN;SAINT AMAND;;10.50;17.30;26.70;34.00;6.60
ROMORANTIN;SAINT DENIS LES SENS;;38.10;58.50;94.40;120.70;20.10
ROMORANTIN;SAINT ETIENNE AU TEMPLE;;55.10;85.40;139.00;181.50;30.60
ROMORANTIN;SAINT GENIS;;65.80;101.80;160.60;212.00;36.80
ROMORANTIN;SAINT GERMAIN LAXIS;;43.50;66.90;107.80;139.90;23.60
ROMORANTIN;SAINT GIBRIEN;;54.30;83.50;135.30;176.40;29.90
ROMORANTIN;SAINT HILAIRE LES ANDRESIS;;31.60;48.50;78.40;99.00;16.60
ROMORANTIN;SAINT MARTIN DU FRESNE;;70.00;109.10;172.80;230.00;39.90
ROMORANTIN;SAINT MAURICE;;71.80;111.30;178.70;238.30;41.00
ROMORANTIN;SAINT THIBAULT;;44.00;67.70;109.90;143.20;24.00
ROMORANTIN;SAINTE MENEHOULD;;57.40;89.20;145.00;189.30;32.10
ROMORANTIN;SALBRIS;;4.30;6.30;8.70;12.80;2.90
ROMORANTIN;SAVIGNY SUR CLAIRIS;;32.20;48.70;79.20;101.90;16.90
ROMORANTIN;SELLES SUR CHER;;2.30;3.30;5.40;6.70;1.60
ROMORANTIN;SEURRE;;56.30;87.40;139.20;183.60;31.00
ROMORANTIN;SOIRANS;;57.70;88.70;144.20;188.90;32.30
ROMORANTIN;SOMMESOUS;;50.90;78.70;127.60;166.30;27.90
ROMORANTIN;ST GERMAIN LES VERGNES;;40.60;63.50;94.20;129.20;24.60
ROMORANTIN;ST JULIEN SANCY;;27.40;43.50;66.50;89.20;16.80
ROMORANTIN;SYLANS;;70.70;110.10;174.40;232.20;40.30
ROMORANTIN;THENNELIERES;;45.40;70.00;111.60;145.30;24.90
ROMORANTIN;TIL CHATEL;;55.60;84.90;137.40;181.60;30.50
ROMORANTIN;TORVILLIERS;;43.50;66.90;108.10;140.20;23.60
ROMORANTIN;TOURNUS;;58.30;90.30;144.00;189.20;32.30
ROMORANTIN;TOURS CENTRE MONNAIE;;23.00;38.00;53.70;74.70;14.50
ROMORANTIN;TULLE EST;;38.20;59.60;89.40;120.40;22.90
ROMORANTIN;TULLE NORD;;38.90;60.90;90.20;125.50;23.20
ROMORANTIN;URY;;40.20;61.50;99.30;127.20;21.40
ROMORANTIN;USSEL EST;;30.20;48.10;73.20;99.10;18.20
ROMORANTIN;USSEL OUEST;;32.30;50.10;76.80;104.60;19.50
ROMORANTIN;VAL DE SAONE;;68.60;104.50;168.20;223.10;38.10
ROMORANTIN;VALLEE DE L AUBE;;48.80;75.40;121.50;158.60;26.60
ROMORANTIN;VATRY;;51.70;79.40;127.70;167.70;28.10
ROMORANTIN;VEIGNE;;10.10;16.00;25.80;36.00;5.90
ROMORANTIN;VERDUN;;64.30;99.30;159.10;206.90;35.50
ROMORANTIN;VIERZON EST;;4.30;6.50;9.40;11.30;3.00
ROMORANTIN;VIERZON NORD;;3.60;4.90;7.70;9.50;2.40
ROMORANTIN;VILLE SOUS LA FERTE;;48.30;74.50;120.60;157.50;26.20
ROMORANTIN;VILLEFRANCHE NORD;;64.70;99.50;160.30;211.90;36.40
ROMORANTIN;VILLEFRANCHE LIMAS;;68.90;106.20;168.80;223.90;38.40
ROMORANTIN;VILLEFRANCHE VILLE;;65.30;101.10;161.10;213.00;36.70
ROMORANTIN;VILLENEUVE DONDAGRE;;36.80;56.50;91.50;117.10;19.40
ROMORANTIN;VIRIAT;;64.00;99.20;157.80;209.50;36.50
ROMORANTIN;VIRY;;81.00;127.00;201.20;268.10;46.70
ROMORANTIN;VOIE SACREE;;61.50;95.30;151.00;197.90;34.10
ROMORANTIN;VULAINES;;41.40;62.60;101.20;130.90;21.60
ROMORANTIN;VULCANIA BROMONT;;24.80;39.20;60.60;81.50;15.10
ROUMOIS;ABLIS;;57.10;91.00;131.20;181.40;33.60
ROUMOIS;ALENCON NORD;;34.80;55.80;78.00;107.60;20.30
ROUMOIS;ALENCON SUD;;35.40;56.90;79.60;109.80;20.80
ROUMOIS;AUVOURS LE MANS ZI SUD;;40.40;65.30;93.50;125.30;24.20
ROUMOIS;BEAUFORT EN VALLEE;;51.00;80.60;112.90;154.50;30.10
ROUMOIS;BEAUMONT SUR SARTHE;;37.40;59.40;83.00;116.10;22.30
ROUMOIS;BOURGUEIL;;55.60;86.60;123.80;168.30;32.90
ROUMOIS;BROU;;48.00;76.40;111.80;152.60;28.10
ROUMOIS;CHARTRES EST;;53.90;86.90;124.70;168.50;32.10
ROUMOIS;CHARTRES THIVARS;;52.60;83.20;120.90;163.60;30.80
ROUMOIS;CHATEAU DU LOIR MONTABON;;44.70;70.60;102.80;139.40;26.50
ROUMOIS;CONNERRE;;43.40;68.90;98.70;131.70;25.60
ROUMOIS;ECOMMOY;;42.50;67.70;98.10;130.20;25.40
ROUMOIS;EVRON;;45.80;73.80;106.00;144.90;26.90
ROUMOIS;ILLIERS COMBRAY;;50.80;81.20;119.50;163.10;29.60
ROUMOIS;LA FERTE BERNARD;;44.40;72.10;103.10;141.10;26.20
ROUMOIS;LAVAL EST;;47.90;76.80;110.60;150.80;28.20
ROUMOIS;LAVAL OUEST;;48.40;77.60;112.70;153.00;28.70
ROUMOIS;LE MANS CENTRE UNIVERSITE;;41.50;65.40;92.60;127.80;24.30
ROUMOIS;LE MANS ZI NORD;;39.90;63.80;90.70;121.50;23.60
ROUMOIS;LONGUE JUMELLES;;52.00;81.70;115.60;157.40;30.70
ROUMOIS;PARIGNE L EVEQUE;;41.30;65.50;93.60;128.90;24.40
ROUMOIS;PARIS LA FOLIE BESSIN;;60.90;97.90;142.50;193.10;36.30
ROUMOIS;RESTIGNE;;59.60;92.70;131.60;179.70;35.20
ROUMOIS;SAUMUR VIVY;;53.40;84.20;120.20;163.10;31.70
ROUMOIS;SILLE LE GUILLAUME MAMERS;;36.30;58.20;81.20;112.40;21.50
ROUMOIS;SILLE LE GUILLAUME SABLE;;42.30;68.80;99.50;136.60;25.40
ROUMOIS;TOURS CENTRE SAINT CHRISTOPHE;;50.30;80.50;117.30;159.70;30.20
ROUMOIS;VITRE LA GRAVELLE;;49.80;80.90;116.80;159.70;29.90
SABLE LA FLECHE;ABLIS;;22.40;33.20;52.60;71.70;13.40
SABLE LA FLECHE;ALENCON NORD;;9.70;15.00;22.70;32.10;5.60
SABLE LA FLECHE;ALENCON SUD;;9.40;14.10;20.50;28.90;5.50
SABLE LA FLECHE;AUVOURS LE MANS ZI SUD;;6.70;10.20;14.10;19.50;4.00
SABLE LA FLECHE;BEAUFORT EN VALLEE;;4.90;7.80;10.30;14.10;2.70
SABLE LA FLECHE;BEAUMONT SUR SARTHE;;7.30;11.00;15.90;20.60;4.40
SABLE LA FLECHE;BOURGUEIL;;9.50;13.80;21.20;27.90;5.50
SABLE LA FLECHE;BROU;;12.70;19.60;30.00;40.30;7.40
SABLE LA FLECHE;CHARTRES EST;;19.90;29.30;45.70;60.20;11.50
SABLE LA FLECHE;CHARTRES THIVARS;;18.00;25.80;39.80;53.80;10.30
SABLE LA FLECHE;CHATEAU DU LOIR MONTABON;;10.70;15.50;24.50;32.20;6.30
SABLE LA FLECHE;CONNERRE;;8.00;12.90;19.10;25.10;4.80
SABLE LA FLECHE;ECOMMOY;;8.60;12.90;20.60;25.70;5.20
SABLE LA FLECHE;EVRON;;10.70;15.40;24.50;31.90;6.10
SABLE LA FLECHE;ILLIERS COMBRAY;;15.70;23.20;38.00;49.10;9.00
SABLE LA FLECHE;LA FERTE BERNARD;;9.60;14.20;23.70;29.30;5.60
SABLE LA FLECHE;LAVAL EST;;12.80;18.40;29.10;37.80;7.40
SABLE LA FLECHE;LAVAL OUEST;;12.90;20.70;31.90;42.10;7.60
SABLE LA FLECHE;LE MANS CENTRE UNIVERSITE;;4.10;6.00;9.00;12.40;2.20
SABLE LA FLECHE;LE MANS ZI NORD;;4.80;8.00;11.20;14.90;2.70
SABLE LA FLECHE;LONGUE JUMELLES;;5.90;8.90;13.00;17.00;3.30
SABLE LA FLECHE;PARIGNE L EVEQUE;;7.20;10.80;15.70;20.40;4.30
SABLE LA FLECHE;PARIS LA FOLIE BESSIN;;26.80;41.40;65.10;84.40;16.50
SABLE LA FLECHE;RESTIGNE;;13.50;19.90;29.00;39.30;7.80
SABLE LA FLECHE;SAUMUR VIVY;;7.30;11.40;17.60;22.70;4.30
SABLE LA FLECHE;SILLE LE GUILLAUME MAMERS;;8.20;12.20;18.00;24.00;4.90
SABLE LA FLECHE;SILLE LE GUILLAUME SABLE;;8.10;11.70;17.50;23.50;4.80
SABLE LA FLECHE;TOURS CENTRE SAINT CHRISTOPHE;;15.30;23.90;38.50;50.40;9.10
SABLE LA FLECHE;VITRE LA GRAVELLE;;16.70;24.50;40.50;54.10;10.20
SAINT AIGNAN SUR CHER;ALLAINVILLE;;21.00;35.00;54.70;70.20;13.20
SAINT AIGNAN SUR CHER;AMBERIEU EN BUGEY;;71.00;109.60;174.20;232.10;40.00
SAINT AIGNAN SUR CHER;ARLAY;;65.10;101.40;162.90;215.30;36.30
SAINT AIGNAN SUR CHER;ARTENAY;;16.20;26.30;40.60;54.70;9.90
SAINT AIGNAN SUR CHER;AUXERRE NORD;;42.90;66.00;106.50;138.10;22.80
SAINT AIGNAN SUR CHER;AUXERRE SUD;;42.90;66.00;106.50;138.10;22.80
SAINT AIGNAN SUR CHER;AUXY;;25.70;39.30;62.60;81.80;13.60
SAINT AIGNAN SUR CHER;AVALLON;;47.10;72.70;117.50;153.80;25.70
SAINT AIGNAN SUR CHER;BALAN;;71.90;111.70;177.00;235.40;40.60
SAINT AIGNAN SUR CHER;BARRIERE DE MONTREUIL AUX LIONS;;72.10;109.50;174.10;228.30;40.00
SAINT AIGNAN SUR CHER;BAUME LES DAMES;;68.20;106.10;169.30;225.50;38.50
SAINT AIGNAN SUR CHER;BEAUMONT;;72.40;110.90;176.90;231.60;39.70
SAINT AIGNAN SUR CHER;BEAUNE NORD;;55.60;86.50;138.30;181.50;30.80
SAINT AIGNAN SUR CHER;BEAUNE SUD;;56.90;88.00;140.90;185.60;31.40
SAINT AIGNAN SUR CHER;BEAUPONT;;68.40;106.60;170.80;226.90;38.80
SAINT AIGNAN SUR CHER;BEAUREPAIRE;;66.30;103.10;165.00;219.80;37.00
SAINT AIGNAN SUR CHER;BELLEGARDE;;77.90;121.40;192.70;257.50;44.40
SAINT AIGNAN SUR CHER;BELLEVILLE SUR SAONE;;66.40;103.00;163.60;217.40;37.00
SAINT AIGNAN SUR CHER;BERSAILLIN;;64.90;99.90;161.40;213.60;36.20
SAINT AIGNAN SUR CHER;BESANCON EST;;65.40;102.50;163.80;218.10;36.80
SAINT AIGNAN SUR CHER;BESANCON NORD;;65.40;101.40;162.20;215.10;36.40
SAINT AIGNAN SUR CHER;BESANCON OUEST;;65.40;100.80;161.70;214.00;36.30
SAINT AIGNAN SUR CHER;BEYNOST;;74.40;115.80;183.20;244.40;42.60
SAINT AIGNAN SUR CHER;BIERRE LES SEMUR;;49.20;75.60;122.10;160.10;26.90
SAINT AIGNAN SUR CHER;BLERE;;3.50;5.50;7.80;9.90;2.40
SAINT AIGNAN SUR CHER;BLOIS;;19.50;31.70;48.40;62.90;12.10
SAINT AIGNAN SUR CHER;BOURG NORD;;66.60;103.50;163.80;218.10;37.40
SAINT AIGNAN SUR CHER;BOURG SUD;;67.90;105.80;167.90;223.30;38.80
SAINT AIGNAN SUR CHER;BOURGES;;10.50;17.00;27.10;36.10;6.10
SAINT AIGNAN SUR CHER;BULGNEVILLE;;59.90;92.80;147.60;196.40;33.00
SAINT AIGNAN SUR CHER;CHALON CENTRE;;59.30;92.20;145.90;193.00;32.70
SAINT AIGNAN SUR CHER;CHALON NORD;;59.30;92.20;145.90;193.00;32.70
SAINT AIGNAN SUR CHER;CHALON SUD;;59.30;92.20;145.90;193.00;32.70
SAINT AIGNAN SUR CHER;CHALONS LA VEUVE;;58.40;89.50;145.20;188.50;32.10
SAINT AIGNAN SUR CHER;CHARMONT;;50.30;77.70;124.90;164.00;27.40
SAINT AIGNAN SUR CHER;CHATEAU RENAULT;;21.70;35.00;51.90;73.00;13.60
SAINT AIGNAN SUR CHER;CHATEAU THIERRY;;67.30;102.50;163.90;216.40;37.20
SAINT AIGNAN SUR CHER;CHATENOIS;;60.50;93.50;149.40;198.40;33.60
SAINT AIGNAN SUR CHER;CHATILLON LABORDE;;46.20;71.30;114.40;149.50;25.20
SAINT AIGNAN SUR CHER;CHAUMONT SEMOUTIERS;;52.90;81.60;131.30;173.00;28.90
SAINT AIGNAN SUR CHER;CHOISEY;;61.70;95.10;152.80;202.30;34.10
SAINT AIGNAN SUR CHER;CLERMONT;;29.30;45.40;73.90;101.60;17.10
SAINT AIGNAN SUR CHER;CLERMONT EN ARGONNE;;61.70;96.20;153.80;201.30;34.60
SAINT AIGNAN SUR CHER;COLOMBEY LES BELLES;;63.30;97.40;155.80;208.10;34.90
SAINT AIGNAN SUR CHER;COMBRONDE;;24.60;38.10;60.90;83.60;14.20
SAINT AIGNAN SUR CHER;COURTENAY;;38.40;59.10;95.60;123.10;20.30
SAINT AIGNAN SUR CHER;CRIMOLOIS;;60.50;93.20;149.90;197.40;33.60
SAINT AIGNAN SUR CHER;DEUX CHAISES;;21.00;33.30;53.40;73.00;12.40
SAINT AIGNAN SUR CHER;DIJON SUD;;59.50;92.60;147.20;194.60;32.80
SAINT AIGNAN SUR CHER;DIJON ARC SUR TILLE;;61.20;95.00;151.10;200.00;33.90
SAINT AIGNAN SUR CHER;DOLE;;61.70;95.10;152.80;202.30;34.10
SAINT AIGNAN SUR CHER;DORMANS;;64.50;98.90;158.20;207.70;35.90
SAINT AIGNAN SUR CHER;EGLETONS;;39.10;60.60;92.00;127.90;23.00
SAINT AIGNAN SUR CHER;ELOISE ANNECY;;79.30;123.90;196.10;262.50;45.40
SAINT AIGNAN SUR CHER;EPERNAY;;62.00;94.40;152.00;198.50;33.70
SAINT AIGNAN SUR CHER;ESCRENNES;;21.20;33.30;50.60;67.90;11.60
SAINT AIGNAN SUR CHER;ESVRES;;5.50;8.10;12.80;15.90;3.30
SAINT AIGNAN SUR CHER;FEILLENS;;64.00;99.50;158.90;211.20;36.10
SAINT AIGNAN SUR CHER;FLEURY EN BIERE;;44.80;69.20;110.80;144.00;24.10
SAINT AIGNAN SUR CHER;FONTAINEBLEAU;;42.10;64.80;104.60;134.60;22.50
SAINT AIGNAN SUR CHER;FONTENAY SUR LOING;;29.50;46.50;76.60;97.90;15.80
SAINT AIGNAN SUR CHER;FORET DE TRONCAIS;;16.90;26.90;41.90;56.40;9.90
SAINT AIGNAN SUR CHER;FORGES;;43.80;67.00;107.80;140.60;23.10
SAINT AIGNAN SUR CHER;FRESNES EN WOEVRE;;67.00;103.70;165.70;216.50;37.10
SAINT AIGNAN SUR CHER;GANNAT;;24.30;38.00;60.10;82.90;14.10
SAINT AIGNAN SUR CHER;GENDREY;;62.80;97.40;156.30;207.70;35.20
SAINT AIGNAN SUR CHER;GERZAT;;26.20;41.00;64.50;87.20;15.30
SAINT AIGNAN SUR CHER;GIDY;;14.40;23.20;35.10;46.50;8.30
SAINT AIGNAN SUR CHER;GONDREVILLE LA FRANCHE NORD;;29.20;44.00;71.20;93.40;15.30
SAINT AIGNAN SUR CHER;GONDREVILLE LA FRANCHE SUD;;33.70;50.80;81.90;107.60;18.10
SAINT AIGNAN SUR CHER;GROISSIAT;;74.80;116.40;185.30;247.20;42.80
SAINT AIGNAN SUR CHER;GYE;;65.60;100.70;160.10;213.50;36.20
SAINT AIGNAN SUR CHER;JANVILLE ALLAINES;;18.50;29.00;44.50;57.90;11.70
SAINT AIGNAN SUR CHER;JARNY;;68.30;106.60;168.50;218.50;38.20
SAINT AIGNAN SUR CHER;JOIGNY;;40.10;61.50;99.10;128.20;21.30
SAINT AIGNAN SUR CHER;L ISLE SUR LE DOUBS;;69.80;108.40;172.80;230.10;39.30
SAINT AIGNAN SUR CHER;LA BOISSE;;75.90;118.10;187.40;250.20;43.40
SAINT AIGNAN SUR CHER;LA BOISSE MONTLUEL;;73.50;113.80;178.30;237.30;41.80
SAINT AIGNAN SUR CHER;LA COTIERE;;74.30;115.00;182.60;241.70;42.50
SAINT AIGNAN SUR CHER;LA CROIX CHALON;;73.00;113.60;180.90;241.40;41.50
SAINT AIGNAN SUR CHER;LAMOTTE BEUVRON;;9.00;13.90;20.90;30.00;5.80
SAINT AIGNAN SUR CHER;LANGRES NORD;;55.00;84.40;134.10;178.00;30.10
SAINT AIGNAN SUR CHER;LANGRES SUD;;55.80;85.80;136.90;180.90;30.80
SAINT AIGNAN SUR CHER;LE MIROIR;;67.40;104.60;167.50;222.10;37.90
SAINT AIGNAN SUR CHER;LES EPRUNES;;47.30;73.60;118.30;155.40;26.10
SAINT AIGNAN SUR CHER;MACON NORD;;63.90;99.10;156.90;208.30;35.70
SAINT AIGNAN SUR CHER;MACON SUD;;64.80;100.60;159.40;211.50;36.20
SAINT AIGNAN SUR CHER;MAGNANT;;49.40;76.10;122.00;160.80;26.90
SAINT AIGNAN SUR CHER;MANZAT;;26.20;41.40;64.60;87.90;15.40
SAINT AIGNAN SUR CHER;MAROLLES SUR SEINE;;43.80;67.00;107.80;140.60;23.10
SAINT AIGNAN SUR CHER;MER;;18.20;29.20;42.30;59.30;11.00
SAINT AIGNAN SUR CHER;MEUNG;;14.80;24.10;37.10;50.50;9.10
SAINT AIGNAN SUR CHER;MONT CHOISY;;55.90;86.60;140.20;183.20;31.00
SAINT AIGNAN SUR CHER;MONTIGNY LE ROI;;56.70;86.90;139.40;184.90;31.20
SAINT AIGNAN SUR CHER;MONTLUCON;;19.30;30.50;47.80;65.60;11.20
SAINT AIGNAN SUR CHER;MONTMARAULT;;20.60;32.60;52.00;71.70;12.00
SAINT AIGNAN SUR CHER;MONTREUIL AUX LIONS;;69.90;106.00;168.70;219.90;38.50
SAINT AIGNAN SUR CHER;NEMOURS;;42.10;64.80;104.60;134.60;22.50
SAINT AIGNAN SUR CHER;NITRY;;45.20;69.60;111.90;146.60;24.30
SAINT AIGNAN SUR CHER;NUITS SAINT GEORGES;;57.80;89.60;143.60;189.50;31.90
SAINT AIGNAN SUR CHER;OLIVET;;12.40;19.20;29.60;42.40;7.50
SAINT AIGNAN SUR CHER;ORLEANS CENTRE;;13.40;21.70;32.40;45.80;8.10
SAINT AIGNAN SUR CHER;ORLEANS NORD;;13.90;22.30;34.40;46.00;8.20
SAINT AIGNAN SUR CHER;ORMES;;63.50;96.50;155.10;202.60;34.50
SAINT AIGNAN SUR CHER;PARIS LA FOLIE BESSIN;;26.00;41.40;66.10;83.50;16.00
SAINT AIGNAN SUR CHER;PEROUGES;;71.90;111.70;177.00;235.40;40.60
SAINT AIGNAN SUR CHER;PONT D AIN;;69.30;108.20;172.70;229.10;39.40
SAINT AIGNAN SUR CHER;POUILLY EN AUXOIS;;53.00;81.80;130.90;173.30;28.80
SAINT AIGNAN SUR CHER;REIMS TAISSY;;62.20;94.90;153.40;200.20;34.00
SAINT AIGNAN SUR CHER;REIMS TINQUEUX;;63.90;97.30;155.70;204.60;34.90
SAINT AIGNAN SUR CHER;REPLONGES;;64.00;99.50;158.90;211.20;36.10
SAINT AIGNAN SUR CHER;RIOM;;26.00;40.80;63.90;87.00;15.10
SAINT AIGNAN SUR CHER;ROBECOURT;;58.40;90.50;144.20;191.50;32.30
SAINT AIGNAN SUR CHER;ROMORANTIN;;3.50;5.00;8.60;11.70;1.90
SAINT AIGNAN SUR CHER;SAINT AMAND;;14.30;22.90;36.10;48.00;8.30
SAINT AIGNAN SUR CHER;SAINT DENIS LES SENS;;40.80;62.90;101.00;130.30;21.70
SAINT AIGNAN SUR CHER;SAINT ETIENNE AU TEMPLE;;57.80;89.80;145.60;191.10;32.20
SAINT AIGNAN SUR CHER;SAINT GENIS;;68.50;106.20;167.20;221.60;38.40
SAINT AIGNAN SUR CHER;SAINT GERMAIN LAXIS;;46.20;71.30;114.40;149.50;25.20
SAINT AIGNAN SUR CHER;SAINT GIBRIEN;;57.00;87.90;141.90;186.00;31.50
SAINT AIGNAN SUR CHER;SAINT HILAIRE LES ANDRESIS;;34.30;52.90;85.00;108.60;18.20
SAINT AIGNAN SUR CHER;SAINT MARTIN DU FRESNE;;72.70;113.50;179.40;239.60;41.50
SAINT AIGNAN SUR CHER;SAINT MAURICE;;74.50;115.70;185.30;247.90;42.60
SAINT AIGNAN SUR CHER;SAINT THIBAULT;;46.70;72.10;116.50;152.80;25.60
SAINT AIGNAN SUR CHER;SAINTE MENEHOULD;;60.10;93.60;151.60;198.90;33.70
SAINT AIGNAN SUR CHER;SALBRIS;;7.30;11.20;17.80;24.40;4.60
SAINT AIGNAN SUR CHER;SAVIGNY SUR CLAIRIS;;34.90;53.10;85.80;111.50;18.50
SAINT AIGNAN SUR CHER;SELLES SUR CHER;;1.10;1.80;3.60;4.40;0.70
SAINT AIGNAN SUR CHER;SEURRE;;59.00;91.80;145.80;193.20;32.60
SAINT AIGNAN SUR CHER;SOIRANS;;60.40;93.10;150.80;198.50;33.90
SAINT AIGNAN SUR CHER;SOMMESOUS;;53.60;83.10;134.20;175.90;29.50
SAINT AIGNAN SUR CHER;ST GERMAIN LES VERGNES;;44.40;69.10;103.60;143.20;26.30
SAINT AIGNAN SUR CHER;ST JULIEN SANCY;;31.20;49.10;75.90;103.20;18.50
SAINT AIGNAN SUR CHER;SYLANS;;73.40;114.50;181.00;241.80;41.90
SAINT AIGNAN SUR CHER;THENNELIERES;;48.10;74.40;118.20;154.90;26.50
SAINT AIGNAN SUR CHER;TIL CHATEL;;58.30;89.30;144.00;191.20;32.10
SAINT AIGNAN SUR CHER;TORVILLIERS;;46.20;71.30;114.70;149.80;25.20
SAINT AIGNAN SUR CHER;TOURNUS;;61.00;94.70;150.60;198.80;33.90
SAINT AIGNAN SUR CHER;TOURS CENTRE MONNAIE;;25.70;42.20;62.00;88.00;16.20
SAINT AIGNAN SUR CHER;TULLE EST;;42.00;65.20;98.80;134.40;24.60
SAINT AIGNAN SUR CHER;TULLE NORD;;42.70;66.50;99.60;139.50;24.90
SAINT AIGNAN SUR CHER;URY;;42.90;65.90;105.90;136.80;23.00
SAINT AIGNAN SUR CHER;USSEL EST;;34.00;53.70;82.60;113.10;19.90
SAINT AIGNAN SUR CHER;USSEL OUEST;;36.10;55.70;86.20;118.60;21.20
SAINT AIGNAN SUR CHER;VAL DE SAONE;;71.30;108.90;174.80;232.70;39.70
SAINT AIGNAN SUR CHER;VALLEE DE L AUBE;;51.50;79.80;128.10;168.20;28.20
SAINT AIGNAN SUR CHER;VATRY;;54.40;83.80;134.30;177.30;29.70
SAINT AIGNAN SUR CHER;VEIGNE;;6.90;10.60;16.40;22.60;4.00
SAINT AIGNAN SUR CHER;VERDUN;;67.00;103.70;165.70;216.50;37.10
SAINT AIGNAN SUR CHER;VIERZON EST;;7.10;11.30;18.80;24.20;4.60
SAINT AIGNAN SUR CHER;VIERZON NORD;;6.50;10.70;16.60;21.10;4.00
SAINT AIGNAN SUR CHER;VILLE SOUS LA FERTE;;51.00;78.90;127.20;167.10;27.80
SAINT AIGNAN SUR CHER;VILLEFRANCHE NORD;;67.40;103.90;166.90;221.50;38.00
SAINT AIGNAN SUR CHER;VILLEFRANCHE LIMAS;;71.60;110.60;175.40;233.50;40.00
SAINT AIGNAN SUR CHER;VILLEFRANCHE VILLE;;68.00;105.50;167.70;222.60;38.30
SAINT AIGNAN SUR CHER;VILLENEUVE DONDAGRE;;39.50;60.90;98.10;126.70;21.00
SAINT AIGNAN SUR CHER;VIRIAT;;66.70;103.60;164.40;219.10;38.10
SAINT AIGNAN SUR CHER;VIRY;;83.70;131.40;207.80;277.70;48.30
SAINT AIGNAN SUR CHER;VOIE SACREE;;64.20;99.70;157.60;207.50;35.70
SAINT AIGNAN SUR CHER;VULAINES;;44.10;67.00;107.80;140.50;23.20
SAINT AIGNAN SUR CHER;VULCANIA BROMONT;;28.60;44.80;70.00;95.50;16.80
SAINT AMAND;ALLAINVILLE;;26.40;41.40;62.90;83.40;15.40
SAINT AMAND;ARTENAY;;19.90;32.40;49.60;65.30;12.20
SAINT AMAND;AUXY;;29.30;44.30;72.30;93.20;16.00
SAINT AMAND;BLERE;;17.80;28.60;44.20;57.60;10.80
SAINT AMAND;BLOIS;;23.30;36.20;57.90;72.20;14.10
SAINT AMAND;BOURGES;;3.80;5.90;9.00;11.90;2.20
SAINT AMAND;CHATEAU RENAULT;;25.00;40.50;62.50;83.40;15.40
SAINT AMAND;ESCRENNES;;24.80;38.30;60.30;79.30;14.00
SAINT AMAND;ESVRES;;20.20;32.40;50.30;62.90;12.00
SAINT AMAND;FONTENAY SUR LOING;;33.10;51.50;86.30;109.30;18.20
SAINT AMAND;GIDY;;18.00;28.20;44.80;57.90;10.70
SAINT AMAND;GONDREVILLE LA FRANCHE NORD;;32.80;49.00;80.90;104.80;17.70
SAINT AMAND;GONDREVILLE LA FRANCHE SUD;;37.30;55.80;91.60;119.00;20.50
SAINT AMAND;JANVILLE ALLAINES;;22.20;35.60;54.40;71.20;13.50
SAINT AMAND;LAMOTTE BEUVRON;;11.20;17.70;29.00;35.40;6.30
SAINT AMAND;MER;;21.40;34.00;52.50;69.00;12.40
SAINT AMAND;MEUNG;;19.00;30.70;45.90;62.10;11.40
SAINT AMAND;OLIVET;;15.90;24.40;38.00;49.10;9.10
SAINT AMAND;ORLEANS CENTRE;;16.10;25.90;42.30;50.90;9.40
SAINT AMAND;ORLEANS NORD;;17.80;27.60;43.40;56.40;10.40
SAINT AMAND;PARIS LA FOLIE BESSIN;;28.40;45.50;73.40;94.40;17.90
SAINT AMAND;ROMORANTIN;;10.50;17.30;26.70;34.00;6.60
SAINT AMAND;SAINT AIGNAN SUR CHER;;14.30;22.90;36.10;48.00;8.30
SAINT AMAND;SAINT HILAIRE LES ANDRESIS;;37.90;57.90;94.70;120.00;20.60
SAINT AMAND;SALBRIS;;9.10;14.90;23.50;28.30;5.70
SAINT AMAND;SAVIGNY SUR CLAIRIS;;38.50;58.10;95.50;122.90;20.90
SAINT AMAND;SELLES SUR CHER;;12.50;20.00;30.10;40.80;7.70
SAINT AMAND;TOURS CENTRE MONNAIE;;29.90;48.30;72.00;96.60;17.60
SAINT AMAND;VEIGNE;;20.50;33.90;53.70;68.60;13.20
SAINT AMAND;VIERZON EST;;6.80;11.10;16.10;21.10;4.50
SAINT AMAND;VIERZON NORD;;7.00;11.30;18.40;23.00;4.60
SAINT AUBIN DE BLAYE;CHATELLERAULT NORD;;24.20;38.20;56.20;72.10;15.30
SAINT AUBIN DE BLAYE;CHATELLERAULT SUD;;23.40;36.60;51.50;67.40;14.30
SAINT AUBIN DE BLAYE;FUTUROSCOPE;;21.20;33.40;47.70;61.60;13.10
SAINT AUBIN DE BLAYE;POITIERS NORD;;20.50;32.60;45.90;59.80;12.80
SAINT AUBIN DE BLAYE;POITIERS SUD;;19.40;30.40;42.70;56.50;12.00
SAINT AUBIN DE BLAYE;SAINTE MAURE;;27.60;43.60;63.20;83.90;17.30
SAINT AUBIN DE BLAYE;TOURS CENTRE SORIGNY;;34.30;52.40;78.00;103.80;21.10
SAINT DENIS LES SENS;ALLAINVILLE;;31.00;47.70;79.30;99.40;16.20
SAINT DENIS LES SENS;ARTENAY;;26.90;40.50;67.30;85.50;13.70
SAINT DENIS LES SENS;AUXY;;12.30;19.20;31.90;39.00;6.60
SAINT DENIS LES SENS;BLERE;;43.70;67.30;109.10;138.00;23.90
SAINT DENIS LES SENS;BLOIS;;33.80;51.40;84.40;107.10;17.80
SAINT DENIS LES SENS;BOURGES;;40.60;62.00;101.70;129.80;21.90
SAINT DENIS LES SENS;CHATEAU RENAULT;;36.70;55.50;90.00;115.80;19.80
SAINT DENIS LES SENS;ESCRENNES;;16.80;25.90;44.40;54.40;9.00
SAINT DENIS LES SENS;ESVRES;;45.00;69.50;112.90;142.20;24.40
SAINT DENIS LES SENS;FONTENAY SUR LOING;;8.60;12.20;19.20;24.20;4.40
SAINT DENIS LES SENS;GIDY;;27.40;41.30;68.20;86.60;13.90
SAINT DENIS LES SENS;GONDREVILLE LA FRANCHE NORD;;10.40;15.40;23.40;28.40;4.90
SAINT DENIS LES SENS;GONDREVILLE LA FRANCHE SUD;;14.90;22.20;34.10;42.60;7.70
SAINT DENIS LES SENS;JANVILLE ALLAINES;;28.00;42.40;69.80;88.90;14.50
SAINT DENIS LES SENS;LAMOTTE BEUVRON;;32.50;49.20;80.80;103.00;17.20
SAINT DENIS LES SENS;MER;;32.40;48.20;79.10;100.50;17.00
SAINT DENIS LES SENS;MEUNG;;30.30;45.60;73.80;94.60;15.70
SAINT DENIS LES SENS;OLIVET;;29.10;43.90;72.30;91.00;15.20
SAINT DENIS LES SENS;ORLEANS CENTRE;;28.40;43.00;70.50;88.60;14.60
SAINT DENIS LES SENS;ORLEANS NORD;;27.60;41.60;68.50;86.90;14.20
SAINT DENIS LES SENS;PARIS LA FOLIE BESSIN;;36.20;54.00;90.60;115.50;19.40
SAINT DENIS LES SENS;ROMORANTIN;;38.10;58.50;94.40;120.70;20.10
SAINT DENIS LES SENS;SAINT AIGNAN SUR CHER;;40.80;62.90;101.00;130.30;21.70
SAINT DENIS LES SENS;SAINT HILAIRE LES ANDRESIS;;3.60;5.60;8.60;11.10;2.00
SAINT DENIS LES SENS;SALBRIS;;34.10;52.20;85.20;109.90;18.00
SAINT DENIS LES SENS;SAVIGNY SUR CLAIRIS;;2.60;4.00;5.80;7.70;1.50
SAINT DENIS LES SENS;SELLES SUR CHER;;39.90;61.30;98.40;126.40;21.10
SAINT DENIS LES SENS;TOURS CENTRE MONNAIE;;41.30;62.00;99.50;128.60;22.30
SAINT DENIS LES SENS;VEIGNE;;47.20;73.00;118.80;150.30;25.60
SAINT DENIS LES SENS;VIERZON EST;;37.00;55.80;92.50;117.50;19.80
SAINT DENIS LES SENS;VIERZON NORD;;36.40;55.40;91.90;117.10;19.20
SAINT ETIENNE AU TEMPLE;ALLAINVILLE;;48.00;74.60;123.90;160.20;26.70
SAINT ETIENNE AU TEMPLE;ARTENAY;;43.90;67.40;111.90;146.30;24.20
SAINT ETIENNE AU TEMPLE;AUXY;;29.30;46.10;76.50;99.80;17.10
SAINT ETIENNE AU TEMPLE;BLERE;;60.70;94.20;153.70;198.80;34.40
SAINT ETIENNE AU TEMPLE;BLOIS;;50.80;78.30;129.00;167.90;28.30
SAINT ETIENNE AU TEMPLE;BOURGES;;57.60;88.90;146.30;190.60;32.40
SAINT ETIENNE AU TEMPLE;CHATEAU RENAULT;;53.70;82.40;134.60;176.60;30.30
SAINT ETIENNE AU TEMPLE;ESCRENNES;;33.80;52.80;89.00;115.20;19.50
SAINT ETIENNE AU TEMPLE;ESVRES;;62.00;96.40;157.50;203.00;34.90
SAINT ETIENNE AU TEMPLE;FONTENAY SUR LOING;;25.60;39.10;63.80;85.00;14.90
SAINT ETIENNE AU TEMPLE;GIDY;;44.40;68.20;112.80;147.40;24.40
SAINT ETIENNE AU TEMPLE;GONDREVILLE LA FRANCHE NORD;;27.40;42.30;68.00;89.20;15.40
SAINT ETIENNE AU TEMPLE;GONDREVILLE LA FRANCHE SUD;;31.90;49.10;78.70;103.40;18.20
SAINT ETIENNE AU TEMPLE;JANVILLE ALLAINES;;45.00;69.30;114.40;149.70;25.00
SAINT ETIENNE AU TEMPLE;LAMOTTE BEUVRON;;49.50;76.10;125.40;163.80;27.70
SAINT ETIENNE AU TEMPLE;MER;;49.40;75.10;123.70;161.30;27.50
SAINT ETIENNE AU TEMPLE;MEUNG;;47.30;72.50;118.40;155.40;26.20
SAINT ETIENNE AU TEMPLE;OLIVET;;46.10;70.80;116.90;151.80;25.70
SAINT ETIENNE AU TEMPLE;ORLEANS CENTRE;;45.40;69.90;115.10;149.40;25.10
SAINT ETIENNE AU TEMPLE;ORLEANS NORD;;44.60;68.50;113.10;147.70;24.70
SAINT ETIENNE AU TEMPLE;PARIS LA FOLIE BESSIN;;53.20;80.90;135.20;176.30;29.90
SAINT ETIENNE AU TEMPLE;ROMORANTIN;;55.10;85.40;139.00;181.50;30.60
SAINT ETIENNE AU TEMPLE;SAINT AIGNAN SUR CHER;;57.80;89.80;145.60;191.10;32.20
SAINT ETIENNE AU TEMPLE;SAINT HILAIRE LES ANDRESIS;;20.60;32.50;53.20;71.90;12.50
SAINT ETIENNE AU TEMPLE;SALBRIS;;51.10;79.10;129.80;170.70;28.50
SAINT ETIENNE AU TEMPLE;SAVIGNY SUR CLAIRIS;;19.60;30.90;50.40;68.50;12.00
SAINT ETIENNE AU TEMPLE;SELLES SUR CHER;;56.90;88.20;143.00;187.20;31.60
SAINT ETIENNE AU TEMPLE;TOURS CENTRE MONNAIE;;58.30;88.90;144.10;189.40;32.80
SAINT ETIENNE AU TEMPLE;VEIGNE;;64.20;99.90;163.40;211.10;36.10
SAINT ETIENNE AU TEMPLE;VIERZON EST;;54.00;82.70;137.10;178.30;30.30
SAINT ETIENNE AU TEMPLE;VIERZON NORD;;53.40;82.30;136.50;177.90;29.70
SAINT GENIS;ALLAINVILLE;;58.70;91.00;145.50;190.70;32.90
SAINT GENIS;ARTENAY;;54.60;83.80;133.50;176.80;30.40
SAINT GENIS;AUXY;;40.00;62.50;98.10;130.30;23.30
SAINT GENIS;BLERE;;71.40;110.60;175.30;229.30;40.60
SAINT GENIS;BLOIS;;61.50;94.70;150.60;198.40;34.50
SAINT GENIS;BOURGES;;68.30;105.30;167.90;221.10;38.60
SAINT GENIS;CHATEAU RENAULT;;64.40;98.80;156.20;207.10;36.50
SAINT GENIS;ESCRENNES;;44.50;69.20;110.60;145.70;25.70
SAINT GENIS;ESVRES;;72.70;112.80;179.10;233.50;41.10
SAINT GENIS;FONTENAY SUR LOING;;36.30;55.50;85.40;115.50;21.10
SAINT GENIS;GIDY;;55.10;84.60;134.40;177.90;30.60
SAINT GENIS;GONDREVILLE LA FRANCHE NORD;;38.10;58.70;89.60;119.70;21.60
SAINT GENIS;GONDREVILLE LA FRANCHE SUD;;42.60;65.50;100.30;133.90;24.40
SAINT GENIS;JANVILLE ALLAINES;;55.70;85.70;136.00;180.20;31.20
SAINT GENIS;LAMOTTE BEUVRON;;60.20;92.50;147.00;194.30;33.90
SAINT GENIS;MER;;60.10;91.50;145.30;191.80;33.70
SAINT GENIS;MEUNG;;58.00;88.90;140.00;185.90;32.40
SAINT GENIS;OLIVET;;56.80;87.20;138.50;182.30;31.90
SAINT GENIS;ORLEANS CENTRE;;56.10;86.30;136.70;179.90;31.30
SAINT GENIS;ORLEANS NORD;;55.30;84.90;134.70;178.20;30.90
SAINT GENIS;PARIS LA FOLIE BESSIN;;63.90;97.30;156.80;206.80;36.10
SAINT GENIS;ROMORANTIN;;65.80;101.80;160.60;212.00;36.80
SAINT GENIS;SAINT AIGNAN SUR CHER;;68.50;106.20;167.20;221.60;38.40
SAINT GENIS;SAINT HILAIRE LES ANDRESIS;;31.30;48.90;74.80;102.40;18.70
SAINT GENIS;SALBRIS;;61.80;95.50;151.40;201.20;34.70
SAINT GENIS;SAVIGNY SUR CLAIRIS;;30.30;47.30;72.00;99.00;18.20
SAINT GENIS;SELLES SUR CHER;;67.60;104.60;164.60;217.70;37.80
SAINT GENIS;TOURS CENTRE MONNAIE;;69.00;105.30;165.70;219.90;39.00
SAINT GENIS;VEIGNE;;74.90;116.30;185.00;241.60;42.30
SAINT GENIS;VIERZON EST;;64.70;99.10;158.70;208.80;36.50
SAINT GENIS;VIERZON NORD;;64.10;98.70;158.10;208.40;35.90
SAINT GERMAIN LAXIS;ALLAINVILLE;;36.40;56.10;92.70;118.60;19.70
SAINT GERMAIN LAXIS;ARTENAY;;32.30;48.90;80.70;104.70;17.20
SAINT GERMAIN LAXIS;AUXY;;17.70;27.60;45.30;58.20;10.10
SAINT GERMAIN LAXIS;BLERE;;49.10;75.70;122.50;157.20;27.40
SAINT GERMAIN LAXIS;BLOIS;;39.20;59.80;97.80;126.30;21.30
SAINT GERMAIN LAXIS;BOURGES;;46.00;70.40;115.10;149.00;25.40
SAINT GERMAIN LAXIS;CHATEAU RENAULT;;42.10;63.90;103.40;135.00;23.30
SAINT GERMAIN LAXIS;ESCRENNES;;22.20;34.30;57.80;73.60;12.50
SAINT GERMAIN LAXIS;ESVRES;;50.40;77.90;126.30;161.40;27.90
SAINT GERMAIN LAXIS;FONTENAY SUR LOING;;14.00;20.60;32.60;43.40;7.90
SAINT GERMAIN LAXIS;GIDY;;32.80;49.70;81.60;105.80;17.40
SAINT GERMAIN LAXIS;GONDREVILLE LA FRANCHE NORD;;15.80;23.80;36.80;47.60;8.40
SAINT GERMAIN LAXIS;GONDREVILLE LA FRANCHE SUD;;20.30;30.60;47.50;61.80;11.20
SAINT GERMAIN LAXIS;JANVILLE ALLAINES;;33.40;50.80;83.20;108.10;18.00
SAINT GERMAIN LAXIS;LAMOTTE BEUVRON;;37.90;57.60;94.20;122.20;20.70
SAINT GERMAIN LAXIS;MER;;37.80;56.60;92.50;119.70;20.50
SAINT GERMAIN LAXIS;MEUNG;;35.70;54.00;87.20;113.80;19.20
SAINT GERMAIN LAXIS;OLIVET;;34.50;52.30;85.70;110.20;18.70
SAINT GERMAIN LAXIS;ORLEANS CENTRE;;33.80;51.40;83.90;107.80;18.10
SAINT GERMAIN LAXIS;ORLEANS NORD;;33.00;50.00;81.90;106.10;17.70
SAINT GERMAIN LAXIS;PARIS LA FOLIE BESSIN;;41.60;62.40;104.00;134.70;22.90
SAINT GERMAIN LAXIS;ROMORANTIN;;43.50;66.90;107.80;139.90;23.60
SAINT GERMAIN LAXIS;SAINT AIGNAN SUR CHER;;46.20;71.30;114.40;149.50;25.20
SAINT GERMAIN LAXIS;SAINT HILAIRE LES ANDRESIS;;9.00;14.00;22.00;30.30;5.50
SAINT GERMAIN LAXIS;SALBRIS;;39.50;60.60;98.60;129.10;21.50
SAINT GERMAIN LAXIS;SAVIGNY SUR CLAIRIS;;8.00;12.40;19.20;26.90;5.00
SAINT GERMAIN LAXIS;SELLES SUR CHER;;45.30;69.70;111.80;145.60;24.60
SAINT GERMAIN LAXIS;TOURS CENTRE MONNAIE;;46.70;70.40;112.90;147.80;25.80
SAINT GERMAIN LAXIS;VEIGNE;;52.60;81.40;132.20;169.50;29.10
SAINT GERMAIN LAXIS;VIERZON EST;;42.40;64.20;105.90;136.70;23.30
SAINT GERMAIN LAXIS;VIERZON NORD;;41.80;63.80;105.30;136.30;22.70
SAINT GIBRIEN;ALLAINVILLE;;47.20;72.70;120.20;155.10;26.00
SAINT GIBRIEN;ARTENAY;;43.10;65.50;108.20;141.20;23.50
SAINT GIBRIEN;AUXY;;28.50;44.20;72.80;94.70;16.40
SAINT GIBRIEN;BLERE;;59.90;92.30;150.00;193.70;33.70
SAINT GIBRIEN;BLOIS;;50.00;76.40;125.30;162.80;27.60
SAINT GIBRIEN;BOURGES;;56.80;87.00;142.60;185.50;31.70
SAINT GIBRIEN;CHATEAU RENAULT;;52.90;80.50;130.90;171.50;29.60
SAINT GIBRIEN;ESCRENNES;;33.00;50.90;85.30;110.10;18.80
SAINT GIBRIEN;ESVRES;;61.20;94.50;153.80;197.90;34.20
SAINT GIBRIEN;FONTENAY SUR LOING;;24.80;37.20;60.10;79.90;14.20
SAINT GIBRIEN;GIDY;;43.60;66.30;109.10;142.30;23.70
SAINT GIBRIEN;GONDREVILLE LA FRANCHE NORD;;26.60;40.40;64.30;84.10;14.70
SAINT GIBRIEN;GONDREVILLE LA FRANCHE SUD;;31.10;47.20;75.00;98.30;17.50
SAINT GIBRIEN;JANVILLE ALLAINES;;44.20;67.40;110.70;144.60;24.30
SAINT GIBRIEN;LAMOTTE BEUVRON;;48.70;74.20;121.70;158.70;27.00
SAINT GIBRIEN;MER;;48.60;73.20;120.00;156.20;26.80
SAINT GIBRIEN;MEUNG;;46.50;70.60;114.70;150.30;25.50
SAINT GIBRIEN;OLIVET;;45.30;68.90;113.20;146.70;25.00
SAINT GIBRIEN;ORLEANS CENTRE;;44.60;68.00;111.40;144.30;24.40
SAINT GIBRIEN;ORLEANS NORD;;43.80;66.60;109.40;142.60;24.00
SAINT GIBRIEN;PARIS LA FOLIE BESSIN;;52.40;79.00;131.50;171.20;29.20
SAINT GIBRIEN;ROMORANTIN;;54.30;83.50;135.30;176.40;29.90
SAINT GIBRIEN;SAINT AIGNAN SUR CHER;;57.00;87.90;141.90;186.00;31.50
SAINT GIBRIEN;SAINT HILAIRE LES ANDRESIS;;19.80;30.60;49.50;66.80;11.80
SAINT GIBRIEN;SALBRIS;;50.30;77.20;126.10;165.60;27.80
SAINT GIBRIEN;SAVIGNY SUR CLAIRIS;;18.80;29.00;46.70;63.40;11.30
SAINT GIBRIEN;SELLES SUR CHER;;56.10;86.30;139.30;182.10;30.90
SAINT GIBRIEN;TOURS CENTRE MONNAIE;;57.50;87.00;140.40;184.30;32.10
SAINT GIBRIEN;VEIGNE;;63.40;98.00;159.70;206.00;35.40
SAINT GIBRIEN;VIERZON EST;;53.20;80.80;133.40;173.20;29.60
SAINT GIBRIEN;VIERZON NORD;;52.60;80.40;132.80;172.80;29.00
SAINT HILAIRE LES ANDRESIS;ALLAINVILLE;;24.50;37.70;63.30;77.70;12.70
SAINT HILAIRE LES ANDRESIS;AMBERIEU EN BUGEY;;33.80;52.30;81.80;112.90;20.30
SAINT HILAIRE LES ANDRESIS;ARLAY;;27.90;44.10;70.50;96.10;16.60
SAINT HILAIRE LES ANDRESIS;ARTENAY;;20.40;30.50;51.30;63.80;10.20
SAINT HILAIRE LES ANDRESIS;AUXERRE NORD;;5.70;8.70;14.10;18.90;3.10
SAINT HILAIRE LES ANDRESIS;AUXERRE SUD;;5.70;8.70;14.10;18.90;3.10
SAINT HILAIRE LES ANDRESIS;AUXY;;5.80;9.10;16.40;18.10;3.10
SAINT HILAIRE LES ANDRESIS;AVALLON;;9.90;15.40;25.10;34.60;6.00
SAINT HILAIRE LES ANDRESIS;BALAN;;34.70;54.40;84.60;116.20;20.90
SAINT HILAIRE LES ANDRESIS;BARRIERE DE MONTREUIL AUX LIONS;;34.90;52.20;81.70;109.10;20.30
SAINT HILAIRE LES ANDRESIS;BAUME LES DAMES;;31.00;48.80;76.90;106.30;18.80
SAINT HILAIRE LES ANDRESIS;BEAUMONT;;35.20;53.60;84.50;112.40;20.00
SAINT HILAIRE LES ANDRESIS;BEAUNE NORD;;18.40;29.20;45.90;62.30;11.10
SAINT HILAIRE LES ANDRESIS;BEAUNE SUD;;19.70;30.70;48.50;66.40;11.70
SAINT HILAIRE LES ANDRESIS;BEAUPONT;;31.20;49.30;78.40;107.70;19.10
SAINT HILAIRE LES ANDRESIS;BEAUREPAIRE;;29.10;45.80;72.60;100.60;17.30
SAINT HILAIRE LES ANDRESIS;BELLEGARDE;;40.70;64.10;100.30;138.30;24.70
SAINT HILAIRE LES ANDRESIS;BELLEVILLE SUR SAONE;;29.20;45.70;71.20;98.20;17.30
SAINT HILAIRE LES ANDRESIS;BERSAILLIN;;27.70;42.60;69.00;94.40;16.50
SAINT HILAIRE LES ANDRESIS;BESANCON EST;;28.20;45.20;71.40;98.90;17.10
SAINT HILAIRE LES ANDRESIS;BESANCON NORD;;28.20;44.10;69.80;95.90;16.70
SAINT HILAIRE LES ANDRESIS;BESANCON OUEST;;28.20;43.50;69.30;94.80;16.60
SAINT HILAIRE LES ANDRESIS;BEYNOST;;37.20;58.50;90.80;125.20;22.90
SAINT HILAIRE LES ANDRESIS;BIERRE LES SEMUR;;12.00;18.30;29.70;40.90;7.20
SAINT HILAIRE LES ANDRESIS;BLERE;;37.20;57.30;93.10;116.30;20.40
SAINT HILAIRE LES ANDRESIS;BLOIS;;27.30;41.40;68.40;85.40;14.30
SAINT HILAIRE LES ANDRESIS;BOURG NORD;;29.40;46.20;71.40;98.90;17.70
SAINT HILAIRE LES ANDRESIS;BOURG SUD;;30.70;48.50;75.50;104.10;19.10
SAINT HILAIRE LES ANDRESIS;BOURGES;;34.10;52.00;85.70;108.10;18.40
SAINT HILAIRE LES ANDRESIS;BULGNEVILLE;;22.70;35.50;55.20;77.20;13.30
SAINT HILAIRE LES ANDRESIS;CHALON CENTRE;;22.10;34.90;53.50;73.80;13.00
SAINT HILAIRE LES ANDRESIS;CHALON NORD;;22.10;34.90;53.50;73.80;13.00
SAINT HILAIRE LES ANDRESIS;CHALON SUD;;22.10;34.90;53.50;73.80;13.00
SAINT HILAIRE LES ANDRESIS;CHALONS LA VEUVE;;21.20;32.20;52.80;69.30;12.40
SAINT HILAIRE LES ANDRESIS;CHARMONT;;13.10;20.40;32.50;44.80;7.70
SAINT HILAIRE LES ANDRESIS;CHATEAU RENAULT;;30.20;45.50;74.00;94.10;16.30
SAINT HILAIRE LES ANDRESIS;CHATEAU THIERRY;;30.10;45.20;71.50;97.20;17.50
SAINT HILAIRE LES ANDRESIS;CHATENOIS;;23.30;36.20;57.00;79.20;13.90
SAINT HILAIRE LES ANDRESIS;CHATILLON LABORDE;;9.00;14.00;22.00;30.30;5.50
SAINT HILAIRE LES ANDRESIS;CHAUMONT SEMOUTIERS;;15.70;24.30;38.90;53.80;9.20
SAINT HILAIRE LES ANDRESIS;CHOISEY;;24.50;37.80;60.40;83.10;14.40
SAINT HILAIRE LES ANDRESIS;CLERMONT;;52.90;80.40;132.50;173.60;29.40
SAINT HILAIRE LES ANDRESIS;CLERMONT EN ARGONNE;;24.50;38.90;61.40;82.10;14.90
SAINT HILAIRE LES ANDRESIS;COLOMBEY LES BELLES;;26.10;40.10;63.40;88.90;15.20
SAINT HILAIRE LES ANDRESIS;COMBRONDE;;48.20;73.10;119.50;155.60;26.50
SAINT HILAIRE LES ANDRESIS;COURTENAY;;1.20;1.80;3.20;3.90;0.60
SAINT HILAIRE LES ANDRESIS;CRIMOLOIS;;23.30;35.90;57.50;78.20;13.90
SAINT HILAIRE LES ANDRESIS;DEUX CHAISES;;44.60;68.30;112.00;145.00;24.70
SAINT HILAIRE LES ANDRESIS;DIJON SUD;;22.30;35.30;54.80;75.40;13.10
SAINT HILAIRE LES ANDRESIS;DIJON ARC SUR TILLE;;24.00;37.70;58.70;80.80;14.20
SAINT HILAIRE LES ANDRESIS;DOLE;;24.50;37.80;60.40;83.10;14.40
SAINT HILAIRE LES ANDRESIS;DORMANS;;27.30;41.60;65.80;88.50;16.20
SAINT HILAIRE LES ANDRESIS;EGLETONS;;62.70;95.60;150.60;199.90;35.30
SAINT HILAIRE LES ANDRESIS;ELOISE ANNECY;;42.10;66.60;103.70;143.30;25.70
SAINT HILAIRE LES ANDRESIS;EPERNAY;;24.80;37.10;59.60;79.30;14.00
SAINT HILAIRE LES ANDRESIS;ESCRENNES;;9.60;15.70;28.60;32.70;5.10
SAINT HILAIRE LES ANDRESIS;ESVRES;;38.50;59.50;96.90;120.50;20.90
SAINT HILAIRE LES ANDRESIS;FEILLENS;;26.80;42.20;66.50;92.00;16.40
SAINT HILAIRE LES ANDRESIS;FLEURY EN BIERE;;7.60;11.90;18.40;24.80;4.40
SAINT HILAIRE LES ANDRESIS;FONTAINEBLEAU;;4.90;7.50;12.20;15.40;2.80
SAINT HILAIRE LES ANDRESIS;FONTENAY SUR LOING;;2.80;4.10;7.10;8.70;1.40
SAINT HILAIRE LES ANDRESIS;FORET DE TRONCAIS;;40.50;61.90;100.50;128.40;22.20
SAINT HILAIRE LES ANDRESIS;FORGES;;6.60;9.70;15.40;21.40;3.40
SAINT HILAIRE LES ANDRESIS;FRESNES EN WOEVRE;;29.80;46.40;73.30;97.30;17.40
SAINT HILAIRE LES ANDRESIS;GANNAT;;47.90;73.00;118.70;154.90;26.40
SAINT HILAIRE LES ANDRESIS;GENDREY;;25.60;40.10;63.90;88.50;15.50
SAINT HILAIRE LES ANDRESIS;GERZAT;;49.80;76.00;123.10;159.20;27.60
SAINT HILAIRE LES ANDRESIS;GIDY;;20.90;31.30;52.20;64.90;10.40
SAINT HILAIRE LES ANDRESIS;GONDREVILLE LA FRANCHE NORD;;3.70;5.50;9.50;11.70;1.90
SAINT HILAIRE LES ANDRESIS;GONDREVILLE LA FRANCHE SUD;;8.20;12.30;20.20;25.90;4.70
SAINT HILAIRE LES ANDRESIS;GROISSIAT;;37.60;59.10;92.90;128.00;23.10
SAINT HILAIRE LES ANDRESIS;GYE;;28.40;43.40;67.70;94.30;16.50
SAINT HILAIRE LES ANDRESIS;JANVILLE ALLAINES;;21.50;32.40;53.80;67.20;11.00
SAINT HILAIRE LES ANDRESIS;JARNY;;31.10;49.30;76.10;99.30;18.50
SAINT HILAIRE LES ANDRESIS;JOIGNY;;2.90;4.20;6.70;9.00;1.60
SAINT HILAIRE LES ANDRESIS;L ISLE SUR LE DOUBS;;32.60;51.10;80.40;110.90;19.60
SAINT HILAIRE LES ANDRESIS;LA BOISSE;;38.70;60.80;95.00;131.00;23.70
SAINT HILAIRE LES ANDRESIS;LA BOISSE MONTLUEL;;36.30;56.50;85.90;118.10;22.10
SAINT HILAIRE LES ANDRESIS;LA COTIERE;;37.10;57.70;90.20;122.50;22.80
SAINT HILAIRE LES ANDRESIS;LA CROIX CHALON;;35.80;56.30;88.50;122.20;21.80
SAINT HILAIRE LES ANDRESIS;LAMOTTE BEUVRON;;26.00;39.20;64.80;81.30;13.70
SAINT HILAIRE LES ANDRESIS;LANGRES NORD;;17.80;27.10;41.70;58.80;10.40
SAINT HILAIRE LES ANDRESIS;LANGRES SUD;;18.60;28.50;44.50;61.70;11.10
SAINT HILAIRE LES ANDRESIS;LE MIROIR;;30.20;47.30;75.10;102.90;18.20
SAINT HILAIRE LES ANDRESIS;LES EPRUNES;;10.10;16.30;25.90;36.20;6.40
SAINT HILAIRE LES ANDRESIS;MACON NORD;;26.70;41.80;64.50;89.10;16.00
SAINT HILAIRE LES ANDRESIS;MACON SUD;;27.60;43.30;67.00;92.30;16.50
SAINT HILAIRE LES ANDRESIS;MAGNANT;;12.20;18.80;29.60;41.60;7.20
SAINT HILAIRE LES ANDRESIS;MANZAT;;49.80;76.40;123.20;159.90;27.70
SAINT HILAIRE LES ANDRESIS;MAROLLES SUR SEINE;;6.60;9.70;15.40;21.40;3.40
SAINT HILAIRE LES ANDRESIS;MER;;25.90;38.20;63.10;78.80;13.50
SAINT HILAIRE LES ANDRESIS;MEUNG;;23.80;35.60;57.80;72.90;12.20
SAINT HILAIRE LES ANDRESIS;MONT CHOISY;;18.70;29.30;47.80;64.00;11.30
SAINT HILAIRE LES ANDRESIS;MONTIGNY LE ROI;;19.50;29.60;47.00;65.70;11.50
SAINT HILAIRE LES ANDRESIS;MONTLUCON;;42.90;65.50;106.40;137.60;23.50
SAINT HILAIRE LES ANDRESIS;MONTMARAULT;;44.20;67.60;110.60;143.70;24.30
SAINT HILAIRE LES ANDRESIS;MONTREUIL AUX LIONS;;32.70;48.70;76.30;100.70;18.80
SAINT HILAIRE LES ANDRESIS;NEMOURS;;4.90;7.50;12.20;15.40;2.80
SAINT HILAIRE LES ANDRESIS;NITRY;;8.00;12.30;19.50;27.40;4.60
SAINT HILAIRE LES ANDRESIS;NUITS SAINT GEORGES;;20.60;32.30;51.20;70.30;12.20
SAINT HILAIRE LES ANDRESIS;OLIVET;;22.60;33.90;56.30;69.30;11.70
SAINT HILAIRE LES ANDRESIS;ORLEANS CENTRE;;21.90;33.00;54.50;66.90;11.10
SAINT HILAIRE LES ANDRESIS;ORLEANS NORD;;21.10;31.60;52.50;65.20;10.70
SAINT HILAIRE LES ANDRESIS;ORMES;;26.30;39.20;62.70;83.40;14.80
SAINT HILAIRE LES ANDRESIS;PARIS LA FOLIE BESSIN;;29.70;44.00;74.60;93.80;15.90
SAINT HILAIRE LES ANDRESIS;PEROUGES;;34.70;54.40;84.60;116.20;20.90
SAINT HILAIRE LES ANDRESIS;PONT D AIN;;32.10;50.90;80.30;109.90;19.70
SAINT HILAIRE LES ANDRESIS;POUILLY EN AUXOIS;;15.80;24.50;38.50;54.10;9.10
SAINT HILAIRE LES ANDRESIS;REIMS TAISSY;;25.00;37.60;61.00;81.00;14.30
SAINT HILAIRE LES ANDRESIS;REIMS TINQUEUX;;26.70;40.00;63.30;85.40;15.20
SAINT HILAIRE LES ANDRESIS;REPLONGES;;26.80;42.20;66.50;92.00;16.40
SAINT HILAIRE LES ANDRESIS;RIOM;;49.60;75.80;122.50;159.00;27.40
SAINT HILAIRE LES ANDRESIS;ROBECOURT;;21.20;33.20;51.80;72.30;12.60
SAINT HILAIRE LES ANDRESIS;ROMORANTIN;;31.60;48.50;78.40;99.00;16.60
SAINT HILAIRE LES ANDRESIS;SAINT AIGNAN SUR CHER;;34.30;52.90;85.00;108.60;18.20
SAINT HILAIRE LES ANDRESIS;SAINT AMAND;;37.90;57.90;94.70;120.00;20.60
SAINT HILAIRE LES ANDRESIS;SAINT DENIS LES SENS;;3.60;5.60;8.60;11.10;2.00
SAINT HILAIRE LES ANDRESIS;SAINT ETIENNE AU TEMPLE;;20.60;32.50;53.20;71.90;12.50
SAINT HILAIRE LES ANDRESIS;SAINT GENIS;;31.30;48.90;74.80;102.40;18.70
SAINT HILAIRE LES ANDRESIS;SAINT GERMAIN LAXIS;;9.00;14.00;22.00;30.30;5.50
SAINT HILAIRE LES ANDRESIS;SAINT GIBRIEN;;19.80;30.60;49.50;66.80;11.80
SAINT HILAIRE LES ANDRESIS;SAINT MARTIN DU FRESNE;;35.50;56.20;87.00;120.40;21.80
SAINT HILAIRE LES ANDRESIS;SAINT MAURICE;;37.30;58.40;92.90;128.70;22.90
SAINT HILAIRE LES ANDRESIS;SAINT THIBAULT;;9.50;14.80;24.10;33.60;5.90
SAINT HILAIRE LES ANDRESIS;SAINTE MENEHOULD;;22.90;36.30;59.20;79.70;14.00
SAINT HILAIRE LES ANDRESIS;SALBRIS;;27.60;42.20;69.20;88.20;14.50
SAINT HILAIRE LES ANDRESIS;SAVIGNY SUR CLAIRIS;;0.00;0.00;0.00;0.00;0.00
SAINT HILAIRE LES ANDRESIS;SELLES SUR CHER;;33.40;51.30;82.40;104.70;17.60
SAINT HILAIRE LES ANDRESIS;SEURRE;;21.80;34.50;53.40;74.00;12.90
SAINT HILAIRE LES ANDRESIS;SOIRANS;;23.20;35.80;58.40;79.30;14.20
SAINT HILAIRE LES ANDRESIS;SOMMESOUS;;16.40;25.80;41.80;56.70;9.80
SAINT HILAIRE LES ANDRESIS;ST GERMAIN LES VERGNES;;68.00;104.10;162.20;215.20;38.60
SAINT HILAIRE LES ANDRESIS;ST JULIEN SANCY;;54.80;84.10;134.50;175.20;30.80
SAINT HILAIRE LES ANDRESIS;SYLANS;;36.20;57.20;88.60;122.60;22.20
SAINT HILAIRE LES ANDRESIS;THENNELIERES;;10.90;17.10;25.80;35.70;6.80
SAINT HILAIRE LES ANDRESIS;TIL CHATEL;;21.10;32.00;51.60;72.00;12.40
SAINT HILAIRE LES ANDRESIS;TORVILLIERS;;9.00;14.00;22.30;30.60;5.50
SAINT HILAIRE LES ANDRESIS;TOURNUS;;23.80;37.40;58.20;79.60;14.20
SAINT HILAIRE LES ANDRESIS;TOURS CENTRE MONNAIE;;34.80;52.00;83.50;106.90;18.80
SAINT HILAIRE LES ANDRESIS;TULLE EST;;65.60;100.20;157.40;206.40;36.90
SAINT HILAIRE LES ANDRESIS;TULLE NORD;;66.30;101.50;158.20;211.50;37.20
SAINT HILAIRE LES ANDRESIS;URY;;5.70;8.60;13.50;17.60;3.30
SAINT HILAIRE LES ANDRESIS;USSEL EST;;57.60;88.70;141.20;185.10;32.20
SAINT HILAIRE LES ANDRESIS;USSEL OUEST;;59.70;90.70;144.80;190.60;33.50
SAINT HILAIRE LES ANDRESIS;VAL DE SAONE;;34.10;51.60;82.40;113.50;20.00
SAINT HILAIRE LES ANDRESIS;VALLEE DE L AUBE;;14.30;22.50;35.70;49.00;8.50
SAINT HILAIRE LES ANDRESIS;VATRY;;17.20;26.50;41.90;58.10;10.00
SAINT HILAIRE LES ANDRESIS;VEIGNE;;40.70;63.00;102.80;128.60;22.10
SAINT HILAIRE LES ANDRESIS;VERDUN;;29.80;46.40;73.30;97.30;17.40
SAINT HILAIRE LES ANDRESIS;VIERZON EST;;30.50;45.80;76.50;95.80;16.30
SAINT HILAIRE LES ANDRESIS;VIERZON NORD;;29.90;45.40;75.90;95.40;15.70
SAINT HILAIRE LES ANDRESIS;VILLE SOUS LA FERTE;;13.80;21.60;34.80;47.90;8.10
SAINT HILAIRE LES ANDRESIS;VILLEFRANCHE NORD;;30.20;46.60;74.50;102.30;18.30
SAINT HILAIRE LES ANDRESIS;VILLEFRANCHE LIMAS;;34.40;53.30;83.00;114.30;20.30
SAINT HILAIRE LES ANDRESIS;VILLEFRANCHE VILLE;;30.80;48.20;75.30;103.40;18.60
SAINT HILAIRE LES ANDRESIS;VILLENEUVE DONDAGRE;;2.30;3.60;5.70;7.50;1.30
SAINT HILAIRE LES ANDRESIS;VIRIAT;;29.50;46.30;72.00;99.90;18.40
SAINT HILAIRE LES ANDRESIS;VIRY;;46.50;74.10;115.40;158.50;28.60
SAINT HILAIRE LES ANDRESIS;VOIE SACREE;;27.00;42.40;65.20;88.30;16.00
SAINT HILAIRE LES ANDRESIS;VULAINES;;6.90;9.70;15.40;21.30;3.50
SAINT HILAIRE LES ANDRESIS;VULCANIA BROMONT;;52.20;79.80;128.60;167.50;29.10
SAINT JEAN D ANGELY;CHATELLERAULT NORD;;15.70;24.50;36.10;44.70;10.00
SAINT JEAN D ANGELY;CHATELLERAULT SUD;;14.90;22.90;31.40;40.00;9.00
SAINT JEAN D ANGELY;FUTUROSCOPE;;12.70;19.70;27.60;34.20;7.80
SAINT JEAN D ANGELY;POITIERS NORD;;12.00;18.90;25.80;32.40;7.50
SAINT JEAN D ANGELY;POITIERS SUD;;10.90;16.70;22.60;29.10;6.70
SAINT JEAN D ANGELY;SAINTE MAURE;;19.10;29.90;43.10;56.50;12.00
SAINT JEAN D ANGELY;TOURS CENTRE SORIGNY;;25.80;38.70;57.90;76.40;15.80
SAINT MAIXENT LUSIGNAN;CHATELLERAULT NORD;;8.00;12.60;20.30;24.60;5.00
SAINT MAIXENT LUSIGNAN;CHATELLERAULT SUD;;7.20;11.00;15.60;19.90;4.00
SAINT MAIXENT LUSIGNAN;FUTUROSCOPE;;5.00;7.80;11.80;14.10;2.80
SAINT MAIXENT LUSIGNAN;POITIERS NORD;;4.30;7.00;10.00;12.30;2.50
SAINT MAIXENT LUSIGNAN;POITIERS SUD;;3.20;4.80;6.80;9.00;1.70
SAINT MAIXENT LUSIGNAN;SAINTE MAURE;;11.40;18.00;27.30;36.40;7.00
SAINT MAIXENT LUSIGNAN;TOURS CENTRE SORIGNY;;18.10;26.80;42.10;56.30;10.80
SAINT MARTIN DU FRESNE;ALLAINVILLE;;62.90;98.30;157.70;208.70;36.00
SAINT MARTIN DU FRESNE;ARTENAY;;58.80;91.10;145.70;194.80;33.50
SAINT MARTIN DU FRESNE;AUXY;;44.20;69.80;110.30;148.30;26.40
SAINT MARTIN DU FRESNE;BLERE;;75.60;117.90;187.50;247.30;43.70
SAINT MARTIN DU FRESNE;BLOIS;;65.70;102.00;162.80;216.40;37.60
SAINT MARTIN DU FRESNE;BOURGES;;72.50;112.60;180.10;239.10;41.70
SAINT MARTIN DU FRESNE;CHATEAU RENAULT;;68.60;106.10;168.40;225.10;39.60
SAINT MARTIN DU FRESNE;ESCRENNES;;48.70;76.50;122.80;163.70;28.80
SAINT MARTIN DU FRESNE;ESVRES;;76.90;120.10;191.30;251.50;44.20
SAINT MARTIN DU FRESNE;FONTENAY SUR LOING;;40.50;62.80;97.60;133.50;24.20
SAINT MARTIN DU FRESNE;GIDY;;59.30;91.90;146.60;195.90;33.70
SAINT MARTIN DU FRESNE;GONDREVILLE LA FRANCHE NORD;;42.30;66.00;101.80;137.70;24.70
SAINT MARTIN DU FRESNE;GONDREVILLE LA FRANCHE SUD;;46.80;72.80;112.50;151.90;27.50
SAINT MARTIN DU FRESNE;JANVILLE ALLAINES;;59.90;93.00;148.20;198.20;34.30
SAINT MARTIN DU FRESNE;LAMOTTE BEUVRON;;64.40;99.80;159.20;212.30;37.00
SAINT MARTIN DU FRESNE;MER;;64.30;98.80;157.50;209.80;36.80
SAINT MARTIN DU FRESNE;MEUNG;;62.20;96.20;152.20;203.90;35.50
SAINT MARTIN DU FRESNE;OLIVET;;61.00;94.50;150.70;200.30;35.00
SAINT MARTIN DU FRESNE;ORLEANS CENTRE;;60.30;93.60;148.90;197.90;34.40
SAINT MARTIN DU FRESNE;ORLEANS NORD;;59.50;92.20;146.90;196.20;34.00
SAINT MARTIN DU FRESNE;PARIS LA FOLIE BESSIN;;68.10;104.60;169.00;224.80;39.20
SAINT MARTIN DU FRESNE;ROMORANTIN;;70.00;109.10;172.80;230.00;39.90
SAINT MARTIN DU FRESNE;SAINT AIGNAN SUR CHER;;72.70;113.50;179.40;239.60;41.50
SAINT MARTIN DU FRESNE;SAINT HILAIRE LES ANDRESIS;;35.50;56.20;87.00;120.40;21.80
SAINT MARTIN DU FRESNE;SALBRIS;;66.00;102.80;163.60;219.20;37.80
SAINT MARTIN DU FRESNE;SAVIGNY SUR CLAIRIS;;34.50;54.60;84.20;117.00;21.30
SAINT MARTIN DU FRESNE;SELLES SUR CHER;;71.80;111.90;176.80;235.70;40.90
SAINT MARTIN DU FRESNE;TOURS CENTRE MONNAIE;;73.20;112.60;177.90;237.90;42.10
SAINT MARTIN DU FRESNE;VEIGNE;;79.10;123.60;197.20;259.60;45.40
SAINT MARTIN DU FRESNE;VIERZON EST;;68.90;106.40;170.90;226.80;39.60
SAINT MARTIN DU FRESNE;VIERZON NORD;;68.30;106.00;170.30;226.40;39.00
SAINT MAURICE;ALLAINVILLE;;64.70;100.50;163.60;217.00;37.10
SAINT MAURICE;ARTENAY;;60.60;93.30;151.60;203.10;34.60
SAINT MAURICE;AUXY;;46.00;72.00;116.20;156.60;27.50
SAINT MAURICE;BLERE;;77.40;120.10;193.40;255.60;44.80
SAINT MAURICE;BLOIS;;67.50;104.20;168.70;224.70;38.70
SAINT MAURICE;BOURGES;;74.30;114.80;186.00;247.40;42.80
SAINT MAURICE;CHATEAU RENAULT;;70.40;108.30;174.30;233.40;40.70
SAINT MAURICE;ESCRENNES;;50.50;78.70;128.70;172.00;29.90
SAINT MAURICE;ESVRES;;78.70;122.30;197.20;259.80;45.30
SAINT MAURICE;FONTENAY SUR LOING;;42.30;65.00;103.50;141.80;25.30
SAINT MAURICE;GIDY;;61.10;94.10;152.50;204.20;34.80
SAINT MAURICE;GONDREVILLE LA FRANCHE NORD;;44.10;68.20;107.70;146.00;25.80
SAINT MAURICE;GONDREVILLE LA FRANCHE SUD;;48.60;75.00;118.40;160.20;28.60
SAINT MAURICE;JANVILLE ALLAINES;;61.70;95.20;154.10;206.50;35.40
SAINT MAURICE;LAMOTTE BEUVRON;;66.20;102.00;165.10;220.60;38.10
SAINT MAURICE;MER;;66.10;101.00;163.40;218.10;37.90
SAINT MAURICE;MEUNG;;64.00;98.40;158.10;212.20;36.60
SAINT MAURICE;OLIVET;;62.80;96.70;156.60;208.60;36.10
SAINT MAURICE;ORLEANS CENTRE;;62.10;95.80;154.80;206.20;35.50
SAINT MAURICE;ORLEANS NORD;;61.30;94.40;152.80;204.50;35.10
SAINT MAURICE;PARIS LA FOLIE BESSIN;;69.90;106.80;174.90;233.10;40.30
SAINT MAURICE;ROMORANTIN;;71.80;111.30;178.70;238.30;41.00
SAINT MAURICE;SAINT AIGNAN SUR CHER;;74.50;115.70;185.30;247.90;42.60
SAINT MAURICE;SAINT HILAIRE LES ANDRESIS;;37.30;58.40;92.90;128.70;22.90
SAINT MAURICE;SALBRIS;;67.80;105.00;169.50;227.50;38.90
SAINT MAURICE;SAVIGNY SUR CLAIRIS;;36.30;56.80;90.10;125.30;22.40
SAINT MAURICE;SELLES SUR CHER;;73.60;114.10;182.70;244.00;42.00
SAINT MAURICE;TOURS CENTRE MONNAIE;;75.00;114.80;183.80;246.20;43.20
SAINT MAURICE;VEIGNE;;80.90;125.80;203.10;267.90;46.50
SAINT MAURICE;VIERZON EST;;70.70;108.60;176.80;235.10;40.70
SAINT MAURICE;VIERZON NORD;;70.10;108.20;176.20;234.70;40.10
SAINT THIBAULT;ALLAINVILLE;;36.90;56.90;94.80;121.90;20.10
SAINT THIBAULT;ARTENAY;;32.80;49.70;82.80;108.00;17.60
SAINT THIBAULT;AUXY;;18.20;28.40;47.40;61.50;10.50
SAINT THIBAULT;BLERE;;49.60;76.50;124.60;160.50;27.80
SAINT THIBAULT;BLOIS;;39.70;60.60;99.90;129.60;21.70
SAINT THIBAULT;BOURGES;;46.50;71.20;117.20;152.30;25.80
SAINT THIBAULT;CHATEAU RENAULT;;42.60;64.70;105.50;138.30;23.70
SAINT THIBAULT;ESCRENNES;;22.70;35.10;59.90;76.90;12.90
SAINT THIBAULT;ESVRES;;50.90;78.70;128.40;164.70;28.30
SAINT THIBAULT;FONTENAY SUR LOING;;14.50;21.40;34.70;46.70;8.30
SAINT THIBAULT;GIDY;;33.30;50.50;83.70;109.10;17.80
SAINT THIBAULT;GONDREVILLE LA FRANCHE NORD;;16.30;24.60;38.90;50.90;8.80
SAINT THIBAULT;GONDREVILLE LA FRANCHE SUD;;20.80;31.40;49.60;65.10;11.60
SAINT THIBAULT;JANVILLE ALLAINES;;33.90;51.60;85.30;111.40;18.40
SAINT THIBAULT;LAMOTTE BEUVRON;;38.40;58.40;96.30;125.50;21.10
SAINT THIBAULT;MER;;38.30;57.40;94.60;123.00;20.90
SAINT THIBAULT;MEUNG;;36.20;54.80;89.30;117.10;19.60
SAINT THIBAULT;OLIVET;;35.00;53.10;87.80;113.50;19.10
SAINT THIBAULT;ORLEANS CENTRE;;34.30;52.20;86.00;111.10;18.50
SAINT THIBAULT;ORLEANS NORD;;33.50;50.80;84.00;109.40;18.10
SAINT THIBAULT;PARIS LA FOLIE BESSIN;;42.10;63.20;106.10;138.00;23.30
SAINT THIBAULT;ROMORANTIN;;44.00;67.70;109.90;143.20;24.00
SAINT THIBAULT;SAINT AIGNAN SUR CHER;;46.70;72.10;116.50;152.80;25.60
SAINT THIBAULT;SAINT HILAIRE LES ANDRESIS;;9.50;14.80;24.10;33.60;5.90
SAINT THIBAULT;SALBRIS;;40.00;61.40;100.70;132.40;21.90
SAINT THIBAULT;SAVIGNY SUR CLAIRIS;;8.50;13.20;21.30;30.20;5.40
SAINT THIBAULT;SELLES SUR CHER;;45.80;70.50;113.90;148.90;25.00
SAINT THIBAULT;TOURS CENTRE MONNAIE;;47.20;71.20;115.00;151.10;26.20
SAINT THIBAULT;VEIGNE;;53.10;82.20;134.30;172.80;29.50
SAINT THIBAULT;VIERZON EST;;42.90;65.00;108.00;140.00;23.70
SAINT THIBAULT;VIERZON NORD;;42.30;64.60;107.40;139.60;23.10
SAINTE MAURE;AIGREFEUILLE;;25.50;39.70;58.80;78.20;16.20
SAINTE MAURE;BEAULIEU;;30.20;46.90;69.30;92.30;18.50
SAINTE MAURE;CHANTONNAY;;23.00;35.80;51.80;70.00;13.90
SAINTE MAURE;CHATELLERAULT NORD;;2.60;4.30;8.80;9.20;2.00
SAINTE MAURE;CHATELLERAULT SUD;;2.80;4.90;9.10;10.20;2.10
SAINTE MAURE;CHEMILLE;;26.80;42.10;62.70;83.30;16.50
SAINTE MAURE;CHOLET NORD;;25.30;40.20;59.30;78.10;15.90
SAINTE MAURE;CHOLET SUD;;25.10;40.00;57.60;77.00;15.70
SAINTE MAURE;FONTENAY LE COMTE;;18.60;29.70;42.30;59.60;11.60
SAINTE MAURE;FONTENAY OUEST;;19.20;29.80;43.90;59.80;11.70
SAINTE MAURE;FUTUROSCOPE;;5.20;7.80;13.10;16.00;3.30
SAINTE MAURE;LA ROCHE SUR YON;;24.20;37.40;54.30;74.40;15.30
SAINTE MAURE;LA ROCHELLE NIORT SUD;;16.30;25.10;35.90;49.00;9.90
SAINTE MAURE;LA VERRIE;;24.90;39.80;57.40;76.80;15.50
SAINTE MAURE;LE BIGNON;;25.70;39.90;59.00;78.40;16.40
SAINTE MAURE;LES ESSARTS;;23.90;36.90;54.00;73.80;15.00
SAINTE MAURE;LES HERBIERS;;24.70;39.60;57.20;76.60;15.30
SAINTE MAURE;MIRAMBEAU;;25.90;42.10;60.10;80.70;16.30
SAINTE MAURE;MONTAIGU;;25.30;39.50;58.60;78.00;16.00
SAINTE MAURE;NIORT EST;;13.80;22.10;34.00;45.50;8.80
SAINTE MAURE;NIORT NORD;;14.80;23.60;35.50;47.50;9.50
SAINTE MAURE;NIORT OUEST;;17.10;25.60;39.10;52.00;10.70
SAINTE MAURE;POITIERS NORD;;6.00;9.90;17.90;19.70;3.80
SAINTE MAURE;POITIERS SUD;;8.20;13.20;20.50;27.40;5.30
SAINTE MAURE;PONS;;24.00;38.30;53.80;74.40;14.80
SAINTE MAURE;SAINT AUBIN DE BLAYE;;27.60;43.60;63.20;83.90;17.30
SAINTE MAURE;SAINT JEAN D ANGELY;;19.10;29.90;43.10;56.50;12.00
SAINTE MAURE;SAINT MAIXENT LUSIGNAN;;11.40;18.00;27.30;36.40;7.00
SAINTE MAURE;SAINTES;;22.50;34.80;51.00;66.50;13.80
SAINTE MAURE;STE HERMINE;;20.70;32.10;48.10;61.80;13.50
SAINTE MAURE;TOURS CENTRE SORIGNY;;4.30;6.80;10.40;13.80;2.60
SAINTE MAURE;VIRSAC;;28.20;44.70;64.50;85.10;17.70
SAINTE MAURE;VOUILLE;;14.10;22.60;33.80;44.50;8.60
SAINTE MENEHOULD;ALLAINVILLE;;50.30;78.40;129.90;168.00;28.20
SAINTE MENEHOULD;ARTENAY;;46.20;71.20;117.90;154.10;25.70
SAINTE MENEHOULD;AUXY;;31.60;49.90;82.50;107.60;18.60
SAINTE MENEHOULD;BLERE;;63.00;98.00;159.70;206.60;35.90
SAINTE MENEHOULD;BLOIS;;53.10;82.10;135.00;175.70;29.80
SAINTE MENEHOULD;BOURGES;;59.90;92.70;152.30;198.40;33.90
SAINTE MENEHOULD;CHATEAU RENAULT;;56.00;86.20;140.60;184.40;31.80
SAINTE MENEHOULD;ESCRENNES;;36.10;56.60;95.00;123.00;21.00
SAINTE MENEHOULD;ESVRES;;64.30;100.20;163.50;210.80;36.40
SAINTE MENEHOULD;FONTENAY SUR LOING;;27.90;42.90;69.80;92.80;16.40
SAINTE MENEHOULD;GIDY;;46.70;72.00;118.80;155.20;25.90
SAINTE MENEHOULD;GONDREVILLE LA FRANCHE NORD;;29.70;46.10;74.00;97.00;16.90
SAINTE MENEHOULD;GONDREVILLE LA FRANCHE SUD;;34.20;52.90;84.70;111.20;19.70
SAINTE MENEHOULD;JANVILLE ALLAINES;;47.30;73.10;120.40;157.50;26.50
SAINTE MENEHOULD;LAMOTTE BEUVRON;;51.80;79.90;131.40;171.60;29.20
SAINTE MENEHOULD;MER;;51.70;78.90;129.70;169.10;29.00
SAINTE MENEHOULD;MEUNG;;49.60;76.30;124.40;163.20;27.70
SAINTE MENEHOULD;OLIVET;;48.40;74.60;122.90;159.60;27.20
SAINTE MENEHOULD;ORLEANS CENTRE;;47.70;73.70;121.10;157.20;26.60
SAINTE MENEHOULD;ORLEANS NORD;;46.90;72.30;119.10;155.50;26.20
SAINTE MENEHOULD;PARIS LA FOLIE BESSIN;;55.50;84.70;141.20;184.10;31.40
SAINTE MENEHOULD;ROMORANTIN;;57.40;89.20;145.00;189.30;32.10
SAINTE MENEHOULD;SAINT AIGNAN SUR CHER;;60.10;93.60;151.60;198.90;33.70
SAINTE MENEHOULD;SAINT HILAIRE LES ANDRESIS;;22.90;36.30;59.20;79.70;14.00
SAINTE MENEHOULD;SALBRIS;;53.40;82.90;135.80;178.50;30.00
SAINTE MENEHOULD;SAVIGNY SUR CLAIRIS;;21.90;34.70;56.40;76.30;13.50
SAINTE MENEHOULD;SELLES SUR CHER;;59.20;92.00;149.00;195.00;33.10
SAINTE MENEHOULD;TOURS CENTRE MONNAIE;;60.60;92.70;150.10;197.20;34.30
SAINTE MENEHOULD;VEIGNE;;66.50;103.70;169.40;218.90;37.60
SAINTE MENEHOULD;VIERZON EST;;56.30;86.50;143.10;186.10;31.80
SAINTE MENEHOULD;VIERZON NORD;;55.70;86.10;142.50;185.70;31.20
SAINTES;CHATELLERAULT NORD;;19.10;29.40;44.00;54.70;11.80
SAINTES;CHATELLERAULT SUD;;18.30;27.80;39.30;50.00;10.80
SAINTES;FUTUROSCOPE;;16.10;24.60;35.50;44.20;9.60
SAINTES;POITIERS NORD;;15.40;23.80;33.70;42.40;9.30
SAINTES;POITIERS SUD;;14.30;21.60;30.50;39.10;8.50
SAINTES;SAINTE MAURE;;22.50;34.80;51.00;66.50;13.80
SAINTES;TOURS CENTRE SORIGNY;;29.20;43.60;65.80;86.40;17.60
SALBRIS;ALLAINVILLE;;14.90;23.20;37.70;50.90;9.40
SALBRIS;AMBERIEU EN BUGEY;;64.30;98.90;158.40;211.70;36.30
SALBRIS;ARLAY;;58.40;90.70;147.10;194.90;32.60
SALBRIS;ARTENAY;;9.80;16.10;28.50;37.80;6.10
SALBRIS;AUXERRE NORD;;36.20;55.30;90.70;117.70;19.10
SALBRIS;AUXERRE SUD;;36.20;55.30;90.70;117.70;19.10
SALBRIS;AUXY;;19.00;28.60;46.80;61.40;9.90
SALBRIS;AVALLON;;40.40;62.00;101.70;133.40;22.00
SALBRIS;BALAN;;65.20;101.00;161.20;215.00;36.90
SALBRIS;BARRIERE DE MONTREUIL AUX LIONS;;65.40;98.80;158.30;207.90;36.30
SALBRIS;BAUME LES DAMES;;61.50;95.40;153.50;205.10;34.80
SALBRIS;BEAUMONT;;65.70;100.20;161.10;211.20;36.00
SALBRIS;BEAUNE NORD;;48.90;75.80;122.50;161.10;27.10
SALBRIS;BEAUNE SUD;;50.20;77.30;125.10;165.20;27.70
SALBRIS;BEAUPONT;;61.70;95.90;155.00;206.50;35.10
SALBRIS;BEAUREPAIRE;;59.60;92.40;149.20;199.40;33.30
SALBRIS;BELLEGARDE;;71.20;110.70;176.90;237.10;40.70
SALBRIS;BELLEVILLE SUR SAONE;;59.70;92.30;147.80;197.00;33.30
SALBRIS;BERSAILLIN;;58.20;89.20;145.60;193.20;32.50
SALBRIS;BESANCON EST;;58.70;91.80;148.00;197.70;33.10
SALBRIS;BESANCON NORD;;58.70;90.70;146.40;194.70;32.70
SALBRIS;BESANCON OUEST;;58.70;90.10;145.90;193.60;32.60
SALBRIS;BEYNOST;;67.70;105.10;167.40;224.00;38.90
SALBRIS;BIERRE LES SEMUR;;42.50;64.90;106.30;139.70;23.20
SALBRIS;BLERE;;11.00;17.00;27.80;34.40;6.50
SALBRIS;BLOIS;;12.50;20.00;32.20;40.60;7.30
SALBRIS;BOURG NORD;;59.90;92.80;148.00;197.70;33.70
SALBRIS;BOURG SUD;;61.20;95.10;152.10;202.90;35.10
SALBRIS;BOURGES;;5.30;9.00;14.50;16.40;3.50
SALBRIS;BULGNEVILLE;;53.20;82.10;131.80;176.00;29.30
SALBRIS;CHALON CENTRE;;52.60;81.50;130.10;172.60;29.00
SALBRIS;CHALON NORD;;52.60;81.50;130.10;172.60;29.00
SALBRIS;CHALON SUD;;52.60;81.50;130.10;172.60;29.00
SALBRIS;CHALONS LA VEUVE;;51.70;78.80;129.40;168.10;28.40
SALBRIS;CHARMONT;;43.60;67.00;109.10;143.60;23.70
SALBRIS;CHATEAU RENAULT;;14.30;24.50;37.00;50.30;9.10
SALBRIS;CHATEAU THIERRY;;60.60;91.80;148.10;196.00;33.50
SALBRIS;CHATENOIS;;53.80;82.80;133.60;178.00;29.90
SALBRIS;CHATILLON LABORDE;;39.50;60.60;98.60;129.10;21.50
SALBRIS;CHAUMONT SEMOUTIERS;;46.20;70.90;115.50;152.60;25.20
SALBRIS;CHOISEY;;55.00;84.40;137.00;181.90;30.40
SALBRIS;CLERMONT;;24.10;37.40;61.30;81.90;14.50
SALBRIS;CLERMONT EN ARGONNE;;55.00;85.50;138.00;180.90;30.90
SALBRIS;COLOMBEY LES BELLES;;56.60;86.70;140.00;187.70;31.20
SALBRIS;COMBRONDE;;19.40;30.10;48.30;63.90;11.60
SALBRIS;COURTENAY;;31.70;48.40;79.80;102.70;16.60
SALBRIS;CRIMOLOIS;;53.80;82.50;134.10;177.00;29.90
SALBRIS;DEUX CHAISES;;15.80;25.30;40.80;53.30;9.80
SALBRIS;DIJON SUD;;52.80;81.90;131.40;174.20;29.10
SALBRIS;DIJON ARC SUR TILLE;;54.50;84.30;135.30;179.60;30.20
SALBRIS;DOLE;;55.00;84.40;137.00;181.90;30.40
SALBRIS;DORMANS;;57.80;88.20;142.40;187.30;32.20
SALBRIS;EGLETONS;;33.90;52.60;79.40;108.20;20.40
SALBRIS;ELOISE ANNECY;;72.60;113.20;180.30;242.10;41.70
SALBRIS;EPERNAY;;55.30;83.70;136.20;178.10;30.00
SALBRIS;ESCRENNES;;14.50;22.60;34.80;47.50;7.90
SALBRIS;ESVRES;;13.20;19.50;32.50;39.10;7.90
SALBRIS;FEILLENS;;57.30;88.80;143.10;190.80;32.40
SALBRIS;FLEURY EN BIERE;;38.10;58.50;95.00;123.60;20.40
SALBRIS;FONTAINEBLEAU;;35.40;54.10;88.80;114.20;18.80
SALBRIS;FONTENAY SUR LOING;;22.80;35.80;60.80;77.50;12.10
SALBRIS;FORET DE TRONCAIS;;11.70;18.90;29.30;36.70;7.30
SALBRIS;FORGES;;37.10;56.30;92.00;120.20;19.40
SALBRIS;FRESNES EN WOEVRE;;60.30;93.00;149.90;196.10;33.40
SALBRIS;GANNAT;;19.10;30.00;47.50;63.20;11.50
SALBRIS;GENDREY;;56.10;86.70;140.50;187.30;31.50
SALBRIS;GERZAT;;21.00;33.00;51.90;67.50;12.70
SALBRIS;GIDY;;7.70;12.10;19.30;26.00;4.60
SALBRIS;GONDREVILLE LA FRANCHE NORD;;22.50;33.30;55.40;73.00;11.60
SALBRIS;GONDREVILLE LA FRANCHE SUD;;27.00;40.10;66.10;87.20;14.40
SALBRIS;GROISSIAT;;68.10;105.70;169.50;226.80;39.10
SALBRIS;GYE;;58.90;90.00;144.30;193.10;32.50
SALBRIS;JANVILLE ALLAINES;;11.60;17.40;29.10;38.60;7.40
SALBRIS;JARNY;;61.60;95.90;152.70;198.10;34.50
SALBRIS;JOIGNY;;33.40;50.80;83.30;107.80;17.60
SALBRIS;L ISLE SUR LE DOUBS;;63.10;97.70;157.00;209.70;35.60
SALBRIS;LA BOISSE;;69.20;107.40;171.60;229.80;39.70
SALBRIS;LA BOISSE MONTLUEL;;66.80;103.10;162.50;216.90;38.10
SALBRIS;LA COTIERE;;67.60;104.30;166.80;221.30;38.80
SALBRIS;LA CROIX CHALON;;66.30;102.90;165.10;221.00;37.80
SALBRIS;LAMOTTE BEUVRON;;1.40;2.40;3.00;4.90;0.80
SALBRIS;LANGRES NORD;;48.30;73.70;118.30;157.60;26.40
SALBRIS;LANGRES SUD;;49.10;75.10;121.10;160.50;27.10
SALBRIS;LE MIROIR;;60.70;93.90;151.70;201.70;34.20
SALBRIS;LES EPRUNES;;40.60;62.90;102.50;135.00;22.40
SALBRIS;MACON NORD;;57.20;88.40;141.10;187.90;32.00
SALBRIS;MACON SUD;;58.10;89.90;143.60;191.10;32.50
SALBRIS;MAGNANT;;42.70;65.40;106.20;140.40;23.20
SALBRIS;MANZAT;;21.00;33.40;52.00;68.20;12.80
SALBRIS;MAROLLES SUR SEINE;;37.10;56.30;92.00;120.20;19.40
SALBRIS;MER;;10.60;16.70;26.70;36.30;6.30
SALBRIS;MEUNG;;7.60;12.60;20.10;27.00;4.50
SALBRIS;MONT CHOISY;;49.20;75.90;124.40;162.80;27.30
SALBRIS;MONTIGNY LE ROI;;50.00;76.20;123.60;164.50;27.50
SALBRIS;MONTLUCON;;14.10;22.50;35.20;45.90;8.60
SALBRIS;MONTMARAULT;;15.40;24.60;39.40;52.00;9.40
SALBRIS;MONTREUIL AUX LIONS;;63.20;95.30;152.90;199.50;34.80
SALBRIS;NEMOURS;;35.40;54.10;88.80;114.20;18.80
SALBRIS;NITRY;;38.50;58.90;96.10;126.20;20.60
SALBRIS;NUITS SAINT GEORGES;;51.10;78.90;127.80;169.10;28.20
SALBRIS;OLIVET;;4.70;6.70;13.50;18.10;2.80
SALBRIS;ORLEANS CENTRE;;5.50;8.50;16.50;22.10;3.50
SALBRIS;ORLEANS NORD;;7.10;11.10;18.60;25.80;4.50
SALBRIS;ORMES;;56.80;85.80;139.30;182.20;30.80
SALBRIS;PARIS LA FOLIE BESSIN;;19.40;30.10;49.50;65.00;12.30
SALBRIS;PEROUGES;;65.20;101.00;161.20;215.00;36.90
SALBRIS;PONT D AIN;;62.60;97.50;156.90;208.70;35.70
SALBRIS;POUILLY EN AUXOIS;;46.30;71.10;115.10;152.90;25.10
SALBRIS;REIMS TAISSY;;55.50;84.20;137.60;179.80;30.30
SALBRIS;REIMS TINQUEUX;;57.20;86.60;139.90;184.20;31.20
SALBRIS;REPLONGES;;57.30;88.80;143.10;190.80;32.40
SALBRIS;RIOM;;20.80;32.80;51.30;67.30;12.50
SALBRIS;ROBECOURT;;51.70;79.80;128.40;171.10;28.60
SALBRIS;ROMORANTIN;;4.30;6.30;8.70;12.80;2.90
SALBRIS;SAINT AIGNAN SUR CHER;;7.30;11.20;17.80;24.40;4.60
SALBRIS;SAINT AMAND;;9.10;14.90;23.50;28.30;5.70
SALBRIS;SAINT DENIS LES SENS;;34.10;52.20;85.20;109.90;18.00
SALBRIS;SAINT ETIENNE AU TEMPLE;;51.10;79.10;129.80;170.70;28.50
SALBRIS;SAINT GENIS;;61.80;95.50;151.40;201.20;34.70
SALBRIS;SAINT GERMAIN LAXIS;;39.50;60.60;98.60;129.10;21.50
SALBRIS;SAINT GIBRIEN;;50.30;77.20;126.10;165.60;27.80
SALBRIS;SAINT HILAIRE LES ANDRESIS;;27.60;42.20;69.20;88.20;14.50
SALBRIS;SAINT MARTIN DU FRESNE;;66.00;102.80;163.60;219.20;37.80
SALBRIS;SAINT MAURICE;;67.80;105.00;169.50;227.50;38.90
SALBRIS;SAINT THIBAULT;;40.00;61.40;100.70;132.40;21.90
SALBRIS;SAINTE MENEHOULD;;53.40;82.90;135.80;178.50;30.00
SALBRIS;SAVIGNY SUR CLAIRIS;;28.20;42.40;70.00;91.10;14.80
SALBRIS;SELLES SUR CHER;;6.20;9.60;13.70;19.60;4.10
SALBRIS;SEURRE;;52.30;81.10;130.00;172.80;28.90
SALBRIS;SOIRANS;;53.70;82.40;135.00;178.10;30.20
SALBRIS;SOMMESOUS;;46.90;72.40;118.40;155.50;25.80
SALBRIS;ST GERMAIN LES VERGNES;;39.20;61.10;91.00;123.50;23.70
SALBRIS;ST JULIEN SANCY;;26.00;41.10;63.30;83.50;15.90
SALBRIS;SYLANS;;66.70;103.80;165.20;221.40;38.20
SALBRIS;THENNELIERES;;41.40;63.70;102.40;134.50;22.80
SALBRIS;TIL CHATEL;;51.60;78.60;128.20;170.80;28.40
SALBRIS;TORVILLIERS;;39.50;60.60;98.90;129.40;21.50
SALBRIS;TOURNUS;;54.30;84.00;134.80;178.40;30.20
SALBRIS;TOURS CENTRE MONNAIE;;19.30;31.60;47.60;64.00;12.20
SALBRIS;TULLE EST;;36.80;57.20;86.20;114.70;22.00
SALBRIS;TULLE NORD;;37.50;58.50;87.00;119.80;22.30
SALBRIS;URY;;36.20;55.20;90.10;116.40;19.30
SALBRIS;USSEL EST;;28.80;45.70;70.00;93.40;17.30
SALBRIS;USSEL OUEST;;30.90;47.70;73.60;98.90;18.60
SALBRIS;VAL DE SAONE;;64.60;98.20;159.00;212.30;36.00
SALBRIS;VALLEE DE L AUBE;;44.80;69.10;112.30;147.80;24.50
SALBRIS;VATRY;;47.70;73.10;118.50;156.90;26.00
SALBRIS;VEIGNE;;14.10;21.80;35.00;45.50;8.70
SALBRIS;VERDUN;;60.30;93.00;149.90;196.10;33.40
SALBRIS;VIERZON EST;;2.00;3.50;4.60;6.20;1.40
SALBRIS;VIERZON NORD;;1.80;3.10;3.80;5.30;1.30
SALBRIS;VILLE SOUS LA FERTE;;44.30;68.20;111.40;146.70;24.10
SALBRIS;VILLEFRANCHE NORD;;60.70;93.20;151.10;201.10;34.30
SALBRIS;VILLEFRANCHE LIMAS;;64.90;99.90;159.60;213.10;36.30
SALBRIS;VILLEFRANCHE VILLE;;61.30;94.80;151.90;202.20;34.60
SALBRIS;VILLENEUVE DONDAGRE;;32.80;50.20;82.30;106.30;17.30
SALBRIS;VIRIAT;;60.00;92.90;148.60;198.70;34.40
SALBRIS;VIRY;;77.00;120.70;192.00;257.30;44.60
SALBRIS;VOIE SACREE;;57.50;89.00;141.80;187.10;32.00
SALBRIS;VULAINES;;37.40;56.30;92.00;120.10;19.50
SALBRIS;VULCANIA BROMONT;;23.40;36.80;57.40;75.80;14.20
SAUMUR VIVY;ABLIS;;30.20;46.00;71.20;94.60;18.60
SAUMUR VIVY;ALENCON NORD;;17.50;27.80;41.30;55.00;10.80
SAUMUR VIVY;ALENCON SUD;;17.20;26.90;39.10;51.80;10.70
SAUMUR VIVY;PEAGE DE CORZE;;6.50;10.00;15.50;19.70;4.00
SAUMUR VIVY;ARGENTAN;;29.10;46.80;69.20;91.20;17.50
SAUMUR VIVY;AUVOURS LE MANS ZI SUD;;14.50;23.00;32.70;42.40;9.20
SAUMUR VIVY;BEAUFORT EN VALLEE;;1.60;2.30;4.00;5.70;1.10
SAUMUR VIVY;BEAUMONT SUR SARTHE;;15.10;23.80;34.50;43.50;9.60
SAUMUR VIVY;BERNAY;;38.40;60.40;90.00;121.30;23.50
SAUMUR VIVY;BOURGUEIL;;1.50;2.80;3.50;5.00;1.10
SAUMUR VIVY;BRIONNE;;44.00;69.70;100.40;134.20;27.20
SAUMUR VIVY;BROU;;20.50;32.40;48.60;63.20;12.60
SAUMUR VIVY;CHARTRES EST;;27.70;42.10;64.30;83.10;16.70
SAUMUR VIVY;CHARTRES THIVARS;;25.80;38.60;58.40;76.70;15.50
SAUMUR VIVY;CHATEAU DU LOIR MONTABON;;18.50;28.30;43.10;55.10;11.50
SAUMUR VIVY;CONNERRE;;15.80;25.70;37.70;48.00;10.00
SAUMUR VIVY;DURTAL;;5.40;9.10;14.00;18.20;3.50
SAUMUR VIVY;ECOMMOY;;16.40;25.70;39.20;48.60;10.40
SAUMUR VIVY;EVRON;;18.50;28.20;43.10;54.80;11.30
SAUMUR VIVY;GACE;;29.00;45.50;66.00;87.50;17.90
SAUMUR VIVY;ILLIERS COMBRAY;;23.50;36.00;56.60;72.00;14.20
SAUMUR VIVY;LA FERTE BERNARD;;17.40;27.00;42.30;52.20;10.80
SAUMUR VIVY;LAVAL EST;;20.60;31.20;47.70;60.70;12.60
SAUMUR VIVY;LAVAL OUEST;;20.70;33.50;50.50;65.00;12.80
SAUMUR VIVY;LE MANS CENTRE UNIVERSITE;;11.90;18.80;27.60;35.30;7.40
SAUMUR VIVY;LE MANS SUD;;10.60;16.70;25.20;33.80;6.90
SAUMUR VIVY;LE MANS ZI NORD;;12.60;20.80;29.80;37.80;7.90
SAUMUR VIVY;LONGUE JUMELLES;;1.00;2.10;2.60;3.50;0.70
SAUMUR VIVY;ORBEC;;34.00;53.80;78.70;104.80;21.00
SAUMUR VIVY;PARIGNE L EVEQUE;;15.00;23.60;34.30;43.30;9.50
SAUMUR VIVY;PARIS LA FOLIE BESSIN;;34.60;54.20;83.70;107.30;21.70
SAUMUR VIVY;RESTIGNE;;4.90;8.60;12.20;15.70;2.80
SAUMUR VIVY;ROUMOIS;;53.40;84.20;120.20;163.10;31.70
SAUMUR VIVY;SABLE LA FLECHE;;7.30;11.40;17.60;22.70;4.30
SAUMUR VIVY;SEES;;25.00;39.10;57.30;75.70;15.20
SAUMUR VIVY;SEICHES;;4.30;7.00;11.20;14.60;2.90
SAUMUR VIVY;SILLE LE GUILLAUME MAMERS;;16.00;25.00;36.60;46.90;10.10
SAUMUR VIVY;SILLE LE GUILLAUME SABLE;;15.90;24.50;36.10;46.40;10.00
SAUMUR VIVY;TOURS CENTRE SAINT CHRISTOPHE;;23.10;36.70;57.10;73.30;14.30
SAUMUR VIVY;VITRE LA GRAVELLE;;24.50;37.30;59.10;77.00;15.40
SAVIGNY SUR CLAIRIS;ALLAINVILLE;;25.10;37.90;64.10;80.60;13.00
SAVIGNY SUR CLAIRIS;AMBERIEU EN BUGEY;;32.80;50.70;79.00;109.50;19.80
SAVIGNY SUR CLAIRIS;ARLAY;;26.90;42.50;67.70;92.70;16.10
SAVIGNY SUR CLAIRIS;ARTENAY;;21.00;30.70;52.10;66.70;10.50
SAVIGNY SUR CLAIRIS;AUXERRE NORD;;4.70;7.10;11.30;15.50;2.60
SAVIGNY SUR CLAIRIS;AUXERRE SUD;;4.70;7.10;11.30;15.50;2.60
SAVIGNY SUR CLAIRIS;AUXY;;6.40;9.90;18.20;20.60;3.50
SAVIGNY SUR CLAIRIS;AVALLON;;8.90;13.80;22.30;31.20;5.50
SAVIGNY SUR CLAIRIS;BALAN;;33.70;52.80;81.80;112.80;20.40
SAVIGNY SUR CLAIRIS;BARRIERE DE MONTREUIL AUX LIONS;;33.90;50.60;78.90;105.70;19.80
SAVIGNY SUR CLAIRIS;BAUME LES DAMES;;30.00;47.20;74.10;102.90;18.30
SAVIGNY SUR CLAIRIS;BEAUMONT;;34.20;52.00;81.70;109.00;19.50
SAVIGNY SUR CLAIRIS;BEAUNE NORD;;17.40;27.60;43.10;58.90;10.60
SAVIGNY SUR CLAIRIS;BEAUNE SUD;;18.70;29.10;45.70;63.00;11.20
SAVIGNY SUR CLAIRIS;BEAUPONT;;30.20;47.70;75.60;104.30;18.60
SAVIGNY SUR CLAIRIS;BEAUREPAIRE;;28.10;44.20;69.80;97.20;16.80
SAVIGNY SUR CLAIRIS;BELLEGARDE;;39.70;62.50;97.50;134.90;24.20
SAVIGNY SUR CLAIRIS;BELLEVILLE SUR SAONE;;28.20;44.10;68.40;94.80;16.80
SAVIGNY SUR CLAIRIS;BERSAILLIN;;26.70;41.00;66.20;91.00;16.00
SAVIGNY SUR CLAIRIS;BESANCON EST;;27.20;43.60;68.60;95.50;16.60
SAVIGNY SUR CLAIRIS;BESANCON NORD;;27.20;42.50;67.00;92.50;16.20
SAVIGNY SUR CLAIRIS;BESANCON OUEST;;27.20;41.90;66.50;91.40;16.10
SAVIGNY SUR CLAIRIS;BEYNOST;;36.20;56.90;88.00;121.80;22.40
SAVIGNY SUR CLAIRIS;BIERRE LES SEMUR;;11.00;16.70;26.90;37.50;6.70
SAVIGNY SUR CLAIRIS;BLERE;;37.80;57.50;93.90;119.20;20.70
SAVIGNY SUR CLAIRIS;BLOIS;;27.90;41.60;69.20;88.30;14.60
SAVIGNY SUR CLAIRIS;BOURG NORD;;28.40;44.60;68.60;95.50;17.20
SAVIGNY SUR CLAIRIS;BOURG SUD;;29.70;46.90;72.70;100.70;18.60
SAVIGNY SUR CLAIRIS;BOURGES;;34.70;52.20;86.50;111.00;18.70
SAVIGNY SUR CLAIRIS;BULGNEVILLE;;21.70;33.90;52.40;73.80;12.80
SAVIGNY SUR CLAIRIS;CHALON CENTRE;;21.10;33.30;50.70;70.40;12.50
SAVIGNY SUR CLAIRIS;CHALON NORD;;21.10;33.30;50.70;70.40;12.50
SAVIGNY SUR CLAIRIS;CHALON SUD;;21.10;33.30;50.70;70.40;12.50
SAVIGNY SUR CLAIRIS;CHALONS LA VEUVE;;20.20;30.60;50.00;65.90;11.90
SAVIGNY SUR CLAIRIS;CHARMONT;;12.10;18.80;29.70;41.40;7.20
SAVIGNY SUR CLAIRIS;CHATEAU RENAULT;;30.80;45.70;74.80;97.00;16.60
SAVIGNY SUR CLAIRIS;CHATEAU THIERRY;;29.10;43.60;68.70;93.80;17.00
SAVIGNY SUR CLAIRIS;CHATENOIS;;22.30;34.60;54.20;75.80;13.40
SAVIGNY SUR CLAIRIS;CHATILLON LABORDE;;8.00;12.40;19.20;26.90;5.00
SAVIGNY SUR CLAIRIS;CHAUMONT SEMOUTIERS;;14.70;22.70;36.10;50.40;8.70
SAVIGNY SUR CLAIRIS;CHOISEY;;23.50;36.20;57.60;79.70;13.90
SAVIGNY SUR CLAIRIS;CLERMONT;;53.50;80.60;133.30;176.50;29.70
SAVIGNY SUR CLAIRIS;CLERMONT EN ARGONNE;;23.50;37.30;58.60;78.70;14.40
SAVIGNY SUR CLAIRIS;COLOMBEY LES BELLES;;25.10;38.50;60.60;85.50;14.70
SAVIGNY SUR CLAIRIS;COMBRONDE;;48.80;73.30;120.30;158.50;26.80
SAVIGNY SUR CLAIRIS;COURTENAY;;0.20;0.20;0.40;0.50;0.10
SAVIGNY SUR CLAIRIS;CRIMOLOIS;;22.30;34.30;54.70;74.80;13.40
SAVIGNY SUR CLAIRIS;DEUX CHAISES;;45.20;68.50;112.80;147.90;25.00
SAVIGNY SUR CLAIRIS;DIJON SUD;;21.30;33.70;52.00;72.00;12.60
SAVIGNY SUR CLAIRIS;DIJON ARC SUR TILLE;;23.00;36.10;55.90;77.40;13.70
SAVIGNY SUR CLAIRIS;DOLE;;23.50;36.20;57.60;79.70;13.90
SAVIGNY SUR CLAIRIS;DORMANS;;26.30;40.00;63.00;85.10;15.70
SAVIGNY SUR CLAIRIS;EGLETONS;;63.30;95.80;151.40;202.80;35.60
SAVIGNY SUR CLAIRIS;ELOISE ANNECY;;41.10;65.00;100.90;139.90;25.20
SAVIGNY SUR CLAIRIS;EPERNAY;;23.80;35.50;56.80;75.90;13.50
SAVIGNY SUR CLAIRIS;ESCRENNES;;10.30;16.70;30.60;35.70;5.60
SAVIGNY SUR CLAIRIS;ESVRES;;39.10;59.70;97.70;123.40;21.20
SAVIGNY SUR CLAIRIS;FEILLENS;;25.80;40.60;63.70;88.60;15.90
SAVIGNY SUR CLAIRIS;FLEURY EN BIERE;;6.60;10.30;15.60;21.40;3.90
SAVIGNY SUR CLAIRIS;FONTAINEBLEAU;;3.90;5.90;9.40;12.00;2.30
SAVIGNY SUR CLAIRIS;FONTENAY SUR LOING;;3.30;4.90;8.70;10.50;1.70
SAVIGNY SUR CLAIRIS;FORET DE TRONCAIS;;41.10;62.10;101.30;131.30;22.50
SAVIGNY SUR CLAIRIS;FORGES;;5.60;8.10;12.60;18.00;2.90
SAVIGNY SUR CLAIRIS;FRESNES EN WOEVRE;;28.80;44.80;70.50;93.90;16.90
SAVIGNY SUR CLAIRIS;GANNAT;;48.50;73.20;119.50;157.80;26.70
SAVIGNY SUR CLAIRIS;GENDREY;;24.60;38.50;61.10;85.10;15.00
SAVIGNY SUR CLAIRIS;GERZAT;;50.40;76.20;123.90;162.10;27.90
SAVIGNY SUR CLAIRIS;GIDY;;21.50;31.50;53.00;67.80;10.70
SAVIGNY SUR CLAIRIS;GONDREVILLE LA FRANCHE NORD;;4.20;6.30;11.00;13.40;2.10
SAVIGNY SUR CLAIRIS;GONDREVILLE LA FRANCHE SUD;;8.70;13.10;21.70;27.60;4.90
SAVIGNY SUR CLAIRIS;GROISSIAT;;36.60;57.50;90.10;124.60;22.60
SAVIGNY SUR CLAIRIS;GYE;;27.40;41.80;64.90;90.90;16.00
SAVIGNY SUR CLAIRIS;JANVILLE ALLAINES;;22.10;32.60;54.60;70.10;11.30
SAVIGNY SUR CLAIRIS;JARNY;;30.10;47.70;73.30;95.90;18.00
SAVIGNY SUR CLAIRIS;JOIGNY;;1.90;2.60;3.90;5.60;1.10
SAVIGNY SUR CLAIRIS;L ISLE SUR LE DOUBS;;31.60;49.50;77.60;107.50;19.10
SAVIGNY SUR CLAIRIS;LA BOISSE;;37.70;59.20;92.20;127.60;23.20
SAVIGNY SUR CLAIRIS;LA BOISSE MONTLUEL;;35.30;54.90;83.10;114.70;21.60
SAVIGNY SUR CLAIRIS;LA COTIERE;;36.10;56.10;87.40;119.10;22.30
SAVIGNY SUR CLAIRIS;LA CROIX CHALON;;34.80;54.70;85.70;118.80;21.30
SAVIGNY SUR CLAIRIS;LAMOTTE BEUVRON;;26.60;39.40;65.60;84.20;14.00
SAVIGNY SUR CLAIRIS;LANGRES NORD;;16.80;25.50;38.90;55.40;9.90
SAVIGNY SUR CLAIRIS;LANGRES SUD;;17.60;26.90;41.70;58.30;10.60
SAVIGNY SUR CLAIRIS;LE MIROIR;;29.20;45.70;72.30;99.50;17.70
SAVIGNY SUR CLAIRIS;LES EPRUNES;;9.10;14.70;23.10;32.80;5.90
SAVIGNY SUR CLAIRIS;MACON NORD;;25.70;40.20;61.70;85.70;15.50
SAVIGNY SUR CLAIRIS;MACON SUD;;26.60;41.70;64.20;88.90;16.00
SAVIGNY SUR CLAIRIS;MAGNANT;;11.20;17.20;26.80;38.20;6.70
SAVIGNY SUR CLAIRIS;MANZAT;;50.40;76.60;124.00;162.80;28.00
SAVIGNY SUR CLAIRIS;MAROLLES SUR SEINE;;5.60;8.10;12.60;18.00;2.90
SAVIGNY SUR CLAIRIS;MER;;26.50;38.40;63.90;81.70;13.80
SAVIGNY SUR CLAIRIS;MEUNG;;24.40;35.80;58.60;75.80;12.50
SAVIGNY SUR CLAIRIS;MONT CHOISY;;17.70;27.70;45.00;60.60;10.80
SAVIGNY SUR CLAIRIS;MONTIGNY LE ROI;;18.50;28.00;44.20;62.30;11.00
SAVIGNY SUR CLAIRIS;MONTLUCON;;43.50;65.70;107.20;140.50;23.80
SAVIGNY SUR CLAIRIS;MONTMARAULT;;44.80;67.80;111.40;146.60;24.60
SAVIGNY SUR CLAIRIS;MONTREUIL AUX LIONS;;31.70;47.10;73.50;97.30;18.30
SAVIGNY SUR CLAIRIS;NEMOURS;;3.90;5.90;9.40;12.00;2.30
SAVIGNY SUR CLAIRIS;NITRY;;7.00;10.70;16.70;24.00;4.10
SAVIGNY SUR CLAIRIS;NUITS SAINT GEORGES;;19.60;30.70;48.40;66.90;11.70
SAVIGNY SUR CLAIRIS;OLIVET;;23.20;34.10;57.10;72.20;12.00
SAVIGNY SUR CLAIRIS;ORLEANS CENTRE;;22.50;33.20;55.30;69.80;11.40
SAVIGNY SUR CLAIRIS;ORLEANS NORD;;21.70;31.80;53.30;68.10;11.00
SAVIGNY SUR CLAIRIS;ORMES;;25.30;37.60;59.90;80.00;14.30
SAVIGNY SUR CLAIRIS;PARIS LA FOLIE BESSIN;;30.30;44.20;75.40;96.70;16.20
SAVIGNY SUR CLAIRIS;PEROUGES;;33.70;52.80;81.80;112.80;20.40
SAVIGNY SUR CLAIRIS;PONT D AIN;;31.10;49.30;77.50;106.50;19.20
SAVIGNY SUR CLAIRIS;POUILLY EN AUXOIS;;14.80;22.90;35.70;50.70;8.60
SAVIGNY SUR CLAIRIS;REIMS TAISSY;;24.00;36.00;58.20;77.60;13.80
SAVIGNY SUR CLAIRIS;REIMS TINQUEUX;;25.70;38.40;60.50;82.00;14.70
SAVIGNY SUR CLAIRIS;REPLONGES;;25.80;40.60;63.70;88.60;15.90
SAVIGNY SUR CLAIRIS;RIOM;;50.20;76.00;123.30;161.90;27.70
SAVIGNY SUR CLAIRIS;ROBECOURT;;20.20;31.60;49.00;68.90;12.10
SAVIGNY SUR CLAIRIS;ROMORANTIN;;32.20;48.70;79.20;101.90;16.90
SAVIGNY SUR CLAIRIS;SAINT AIGNAN SUR CHER;;34.90;53.10;85.80;111.50;18.50
SAVIGNY SUR CLAIRIS;SAINT AMAND;;38.50;58.10;95.50;122.90;20.90
SAVIGNY SUR CLAIRIS;SAINT DENIS LES SENS;;2.60;4.00;5.80;7.70;1.50
SAVIGNY SUR CLAIRIS;SAINT ETIENNE AU TEMPLE;;19.60;30.90;50.40;68.50;12.00
SAVIGNY SUR CLAIRIS;SAINT GENIS;;30.30;47.30;72.00;99.00;18.20
SAVIGNY SUR CLAIRIS;SAINT GERMAIN LAXIS;;8.00;12.40;19.20;26.90;5.00
SAVIGNY SUR CLAIRIS;SAINT GIBRIEN;;18.80;29.00;46.70;63.40;11.30
SAVIGNY SUR CLAIRIS;SAINT HILAIRE LES ANDRESIS;;0.00;0.00;0.00;0.00;0.00
SAVIGNY SUR CLAIRIS;SAINT MARTIN DU FRESNE;;34.50;54.60;84.20;117.00;21.30
SAVIGNY SUR CLAIRIS;SAINT MAURICE;;36.30;56.80;90.10;125.30;22.40
SAVIGNY SUR CLAIRIS;SAINT THIBAULT;;8.50;13.20;21.30;30.20;5.40
SAVIGNY SUR CLAIRIS;SAINTE MENEHOULD;;21.90;34.70;56.40;76.30;13.50
SAVIGNY SUR CLAIRIS;SALBRIS;;28.20;42.40;70.00;91.10;14.80
SAVIGNY SUR CLAIRIS;SELLES SUR CHER;;34.00;51.50;83.20;107.60;17.90
SAVIGNY SUR CLAIRIS;SEURRE;;20.80;32.90;50.60;70.60;12.40
SAVIGNY SUR CLAIRIS;SOIRANS;;22.20;34.20;55.60;75.90;13.70
SAVIGNY SUR CLAIRIS;SOMMESOUS;;15.40;24.20;39.00;53.30;9.30
SAVIGNY SUR CLAIRIS;ST GERMAIN LES VERGNES;;68.60;104.30;163.00;218.10;38.90
SAVIGNY SUR CLAIRIS;ST JULIEN SANCY;;55.40;84.30;135.30;178.10;31.10
SAVIGNY SUR CLAIRIS;SYLANS;;35.20;55.60;85.80;119.20;21.70
SAVIGNY SUR CLAIRIS;THENNELIERES;;9.90;15.50;23.00;32.30;6.30
SAVIGNY SUR CLAIRIS;TIL CHATEL;;20.10;30.40;48.80;68.60;11.90
SAVIGNY SUR CLAIRIS;TORVILLIERS;;8.00;12.40;19.50;27.20;5.00
SAVIGNY SUR CLAIRIS;TOURNUS;;22.80;35.80;55.40;76.20;13.70
SAVIGNY SUR CLAIRIS;TOURS CENTRE MONNAIE;;35.40;52.20;84.30;109.80;19.10
SAVIGNY SUR CLAIRIS;TULLE EST;;66.20;100.40;158.20;209.30;37.20
SAVIGNY SUR CLAIRIS;TULLE NORD;;66.90;101.70;159.00;214.40;37.50
SAVIGNY SUR CLAIRIS;URY;;4.70;7.00;10.70;14.20;2.80
SAVIGNY SUR CLAIRIS;USSEL EST;;58.20;88.90;142.00;188.00;32.50
SAVIGNY SUR CLAIRIS;USSEL OUEST;;60.30;90.90;145.60;193.50;33.80
SAVIGNY SUR CLAIRIS;VAL DE SAONE;;33.10;50.00;79.60;110.10;19.50
SAVIGNY SUR CLAIRIS;VALLEE DE L AUBE;;13.30;20.90;32.90;45.60;8.00
SAVIGNY SUR CLAIRIS;VATRY;;16.20;24.90;39.10;54.70;9.50
SAVIGNY SUR CLAIRIS;VEIGNE;;41.30;63.20;103.60;131.50;22.40
SAVIGNY SUR CLAIRIS;VERDUN;;28.80;44.80;70.50;93.90;16.90
SAVIGNY SUR CLAIRIS;VIERZON EST;;31.10;46.00;77.30;98.70;16.60
SAVIGNY SUR CLAIRIS;VIERZON NORD;;30.50;45.60;76.70;98.30;16.00
SAVIGNY SUR CLAIRIS;VILLE SOUS LA FERTE;;12.80;20.00;32.00;44.50;7.60
SAVIGNY SUR CLAIRIS;VILLEFRANCHE NORD;;29.20;45.00;71.70;98.90;17.80
SAVIGNY SUR CLAIRIS;VILLEFRANCHE LIMAS;;33.40;51.70;80.20;110.90;19.80
SAVIGNY SUR CLAIRIS;VILLEFRANCHE VILLE;;29.80;46.60;72.50;100.00;18.10
SAVIGNY SUR CLAIRIS;VILLENEUVE DONDAGRE;;1.30;2.00;2.90;4.10;0.80
SAVIGNY SUR CLAIRIS;VIRIAT;;28.50;44.70;69.20;96.50;17.90
SAVIGNY SUR CLAIRIS;VIRY;;45.50;72.50;112.60;155.10;28.10
SAVIGNY SUR CLAIRIS;VOIE SACREE;;26.00;40.80;62.40;84.90;15.50
SAVIGNY SUR CLAIRIS;VULAINES;;5.90;8.10;12.60;17.90;3.00
SAVIGNY SUR CLAIRIS;VULCANIA BROMONT;;52.80;80.00;129.40;170.40;29.40
SEES;ABLIS;;28.70;45.90;68.30;94.00;17.10
SEES;ALENCON NORD;;6.40;10.70;15.10;20.20;3.80
SEES;ALENCON SUD;;7.00;11.80;16.70;22.40;4.30
SEES;AUVOURS LE MANS ZI SUD;;12.00;20.20;30.60;37.90;7.70
SEES;BEAUFORT EN VALLEE;;22.60;35.50;50.00;67.10;13.60
SEES;BEAUMONT SUR SARTHE;;9.00;14.30;20.10;28.70;5.80
SEES;BOURGUEIL;;27.20;41.50;60.90;80.90;16.40
SEES;BROU;;19.60;31.30;48.90;65.20;11.60
SEES;CHARTRES EST;;25.50;41.80;61.80;81.10;15.60
SEES;CHARTRES THIVARS;;24.20;38.10;58.00;76.20;14.30
SEES;CHATEAU DU LOIR MONTABON;;16.30;25.50;39.90;52.00;10.00
SEES;CONNERRE;;15.00;23.80;35.80;44.30;9.10
SEES;ECOMMOY;;14.10;22.60;35.20;42.80;8.90
SEES;EVRON;;17.40;28.70;43.10;57.50;10.40
SEES;ILLIERS COMBRAY;;22.40;36.10;56.60;75.70;13.10
SEES;LA FERTE BERNARD;;16.00;27.00;40.20;53.70;9.70
SEES;LAVAL EST;;19.50;31.70;47.70;63.40;11.70
SEES;LAVAL OUEST;;20.00;32.50;49.80;65.60;12.20
SEES;LE MANS CENTRE UNIVERSITE;;13.10;20.30;29.70;40.40;7.80
SEES;LE MANS ZI NORD;;11.50;18.70;27.80;34.10;7.10
SEES;LONGUE JUMELLES;;23.60;36.60;52.70;70.00;14.20
SEES;PARIGNE L EVEQUE;;12.90;20.40;30.70;41.50;7.90
SEES;PARIS LA FOLIE BESSIN;;32.50;52.80;79.60;105.70;19.80
SEES;RESTIGNE;;31.20;47.60;68.70;92.30;18.70
SEES;SAUMUR VIVY;;25.00;39.10;57.30;75.70;15.20
SEES;SILLE LE GUILLAUME MAMERS;;7.90;13.10;18.30;25.00;5.00
SEES;SILLE LE GUILLAUME SABLE;;13.90;23.70;36.60;49.20;8.90
SEES;TOURS CENTRE SAINT CHRISTOPHE;;21.90;35.40;54.40;72.30;13.70
SEES;VITRE LA GRAVELLE;;21.40;35.80;53.90;72.30;13.40
SEICHES;ABLIS;;26.10;38.90;60.20;80.80;15.60
SEICHES;ALENCON NORD;;13.40;20.70;30.30;41.20;7.80
SEICHES;ALENCON SUD;;13.10;19.80;28.10;38.00;7.70
SEICHES;AUVOURS LE MANS ZI SUD;;10.40;15.90;21.70;28.60;6.20
SEICHES;BEAUFORT EN VALLEE;;1.90;3.40;3.90;6.00;1.30
SEICHES;BEAUMONT SUR SARTHE;;11.00;16.70;23.50;29.70;6.60
SEICHES;BOURGUEIL;;6.50;9.40;14.80;19.80;4.10
SEICHES;BROU;;16.40;25.30;37.60;49.40;9.60
SEICHES;CHARTRES EST;;23.60;35.00;53.30;69.30;13.70
SEICHES;CHARTRES THIVARS;;21.70;31.50;47.40;62.90;12.50
SEICHES;CHATEAU DU LOIR MONTABON;;14.40;21.20;32.10;41.30;8.50
SEICHES;CONNERRE;;11.70;18.60;26.70;34.20;7.00
SEICHES;ECOMMOY;;12.30;18.60;28.20;34.80;7.40
SEICHES;EVRON;;14.40;21.10;32.10;41.00;8.30
SEICHES;ILLIERS COMBRAY;;19.40;28.90;45.60;58.20;11.20
SEICHES;LA FERTE BERNARD;;13.30;19.90;31.30;38.40;7.80
SEICHES;LAVAL EST;;16.50;24.10;36.70;46.90;9.60
SEICHES;LAVAL OUEST;;16.60;26.40;39.50;51.20;9.80
SEICHES;LE MANS CENTRE UNIVERSITE;;7.80;11.70;16.60;21.50;4.40
SEICHES;LE MANS ZI NORD;;8.50;13.70;18.80;24.00;4.90
SEICHES;LONGUE JUMELLES;;2.90;4.50;6.60;8.90;1.90
SEICHES;PARIGNE L EVEQUE;;10.90;16.50;23.30;29.50;6.50
SEICHES;PARIS LA FOLIE BESSIN;;30.50;47.10;72.70;93.50;18.70
SEICHES;RESTIGNE;;10.50;15.50;22.60;31.20;6.40
SEICHES;SAUMUR VIVY;;4.30;7.00;11.20;14.60;2.90
SEICHES;SILLE LE GUILLAUME MAMERS;;11.90;17.90;25.60;33.10;7.10
SEICHES;SILLE LE GUILLAUME SABLE;;11.80;17.40;25.10;32.60;7.00
SEICHES;TOURS CENTRE SAINT CHRISTOPHE;;19.00;29.60;46.10;59.50;11.30
SEICHES;VITRE LA GRAVELLE;;20.40;30.20;48.10;63.20;12.40
SELLES SUR CHER;ALLAINVILLE;;20.30;33.10;50.50;65.80;12.30
SELLES SUR CHER;AMBERIEU EN BUGEY;;70.10;108.00;171.60;228.20;39.40
SELLES SUR CHER;ARLAY;;64.20;99.80;160.30;211.40;35.70
SELLES SUR CHER;ARTENAY;;15.10;23.70;37.00;51.10;9.20
SELLES SUR CHER;AUXERRE NORD;;42.00;64.40;103.90;134.20;22.20
SELLES SUR CHER;AUXERRE SUD;;42.00;64.40;103.90;134.20;22.20
SELLES SUR CHER;AUXY;;24.80;37.70;60.00;77.90;13.00
SELLES SUR CHER;AVALLON;;46.20;71.10;114.90;149.90;25.10
SELLES SUR CHER;BALAN;;71.00;110.10;174.40;231.50;40.00
SELLES SUR CHER;BARRIERE DE MONTREUIL AUX LIONS;;71.20;107.90;171.50;224.40;39.40
SELLES SUR CHER;BAUME LES DAMES;;67.30;104.50;166.70;221.60;37.90
SELLES SUR CHER;BEAUMONT;;71.50;109.30;174.30;227.70;39.10
SELLES SUR CHER;BEAUNE NORD;;54.70;84.90;135.70;177.60;30.20
SELLES SUR CHER;BEAUNE SUD;;56.00;86.40;138.30;181.70;30.80
SELLES SUR CHER;BEAUPONT;;67.50;105.00;168.20;223.00;38.20
SELLES SUR CHER;BEAUREPAIRE;;65.40;101.50;162.40;215.90;36.40
SELLES SUR CHER;BELLEGARDE;;77.00;119.80;190.10;253.60;43.80
SELLES SUR CHER;BELLEVILLE SUR SAONE;;65.50;101.40;161.00;213.50;36.40
SELLES SUR CHER;BERSAILLIN;;64.00;98.30;158.80;209.70;35.60
SELLES SUR CHER;BESANCON EST;;64.50;100.90;161.20;214.20;36.20
SELLES SUR CHER;BESANCON NORD;;64.50;99.80;159.60;211.20;35.80
SELLES SUR CHER;BESANCON OUEST;;64.50;99.20;159.10;210.10;35.70
SELLES SUR CHER;BEYNOST;;73.50;114.20;180.60;240.50;42.00
SELLES SUR CHER;BIERRE LES SEMUR;;48.30;74.00;119.50;156.20;26.30
SELLES SUR CHER;BLERE;;4.60;6.70;10.90;12.90;2.80
SELLES SUR CHER;BLOIS;;18.30;29.30;44.50;58.90;11.00
SELLES SUR CHER;BOURG NORD;;65.70;101.90;161.20;214.20;36.80
SELLES SUR CHER;BOURG SUD;;67.00;104.20;165.30;219.40;38.20
SELLES SUR CHER;BOURGES;;8.70;14.10;21.10;28.90;5.50
SELLES SUR CHER;BULGNEVILLE;;59.00;91.20;145.00;192.50;32.40
SELLES SUR CHER;CHALON CENTRE;;58.40;90.60;143.30;189.10;32.10
SELLES SUR CHER;CHALON NORD;;58.40;90.60;143.30;189.10;32.10
SELLES SUR CHER;CHALON SUD;;58.40;90.60;143.30;189.10;32.10
SELLES SUR CHER;CHALONS LA VEUVE;;57.50;87.90;142.60;184.60;31.50
SELLES SUR CHER;CHARMONT;;49.40;76.10;122.30;160.10;26.80
SELLES SUR CHER;CHATEAU RENAULT;;20.90;33.80;48.20;68.50;13.00
SELLES SUR CHER;CHATEAU THIERRY;;66.40;100.90;161.30;212.50;36.60
SELLES SUR CHER;CHATENOIS;;59.60;91.90;146.80;194.50;33.00
SELLES SUR CHER;CHATILLON LABORDE;;45.30;69.70;111.80;145.60;24.60
SELLES SUR CHER;CHAUMONT SEMOUTIERS;;52.00;80.00;128.70;169.10;28.30
SELLES SUR CHER;CHOISEY;;60.80;93.50;150.20;198.40;33.50
SELLES SUR CHER;CLERMONT;;27.50;42.50;67.90;94.40;16.50
SELLES SUR CHER;CLERMONT EN ARGONNE;;60.80;94.60;151.20;197.40;34.00
SELLES SUR CHER;COLOMBEY LES BELLES;;62.40;95.80;153.20;204.20;34.30
SELLES SUR CHER;COMBRONDE;;22.80;35.20;54.90;76.40;13.60
SELLES SUR CHER;COURTENAY;;37.50;57.50;93.00;119.20;19.70
SELLES SUR CHER;CRIMOLOIS;;59.60;91.60;147.30;193.50;33.00
SELLES SUR CHER;DEUX CHAISES;;19.20;30.40;47.40;65.80;11.80
SELLES SUR CHER;DIJON SUD;;58.60;91.00;144.60;190.70;32.20
SELLES SUR CHER;DIJON ARC SUR TILLE;;60.30;93.40;148.50;196.10;33.30
SELLES SUR CHER;DOLE;;60.80;93.50;150.20;198.40;33.50
SELLES SUR CHER;DORMANS;;63.60;97.30;155.60;203.80;35.30
SELLES SUR CHER;EGLETONS;;37.30;57.70;86.00;120.70;22.40
SELLES SUR CHER;ELOISE ANNECY;;78.40;122.30;193.50;258.60;44.80
SELLES SUR CHER;EPERNAY;;61.10;92.80;149.40;194.60;33.10
SELLES SUR CHER;ESCRENNES;;20.30;31.70;48.00;64.00;11.00
SELLES SUR CHER;ESVRES;;6.80;9.50;15.60;18.90;3.90
SELLES SUR CHER;FEILLENS;;63.10;97.90;156.30;207.30;35.50
SELLES SUR CHER;FLEURY EN BIERE;;43.90;67.60;108.20;140.10;23.50
SELLES SUR CHER;FONTAINEBLEAU;;41.20;63.20;102.00;130.70;21.90
SELLES SUR CHER;FONTENAY SUR LOING;;28.60;44.90;74.00;94.00;15.20
SELLES SUR CHER;FORET DE TRONCAIS;;15.10;24.00;35.90;49.20;9.30
SELLES SUR CHER;FORGES;;42.90;65.40;105.20;136.70;22.50
SELLES SUR CHER;FRESNES EN WOEVRE;;66.10;102.10;163.10;212.60;36.50
SELLES SUR CHER;GANNAT;;22.50;35.10;54.10;75.70;13.50
SELLES SUR CHER;GENDREY;;61.90;95.80;153.70;203.80;34.60
SELLES SUR CHER;GERZAT;;24.40;38.10;58.50;80.00;14.70
SELLES SUR CHER;GIDY;;13.50;21.60;32.10;42.60;7.70
SELLES SUR CHER;GONDREVILLE LA FRANCHE NORD;;28.30;42.40;68.60;89.50;14.70
SELLES SUR CHER;GONDREVILLE LA FRANCHE SUD;;32.80;49.20;79.30;103.70;17.50
SELLES SUR CHER;GROISSIAT;;73.90;114.80;182.70;243.30;42.20
SELLES SUR CHER;GYE;;64.70;99.10;157.50;209.60;35.60
SELLES SUR CHER;JANVILLE ALLAINES;;17.00;27.10;39.20;55.40;10.90
SELLES SUR CHER;JARNY;;67.40;105.00;165.90;214.60;37.60
SELLES SUR CHER;JOIGNY;;39.20;59.90;96.50;124.30;20.70
SELLES SUR CHER;L ISLE SUR LE DOUBS;;68.90;106.80;170.20;226.20;38.70
SELLES SUR CHER;LA BOISSE;;75.00;116.50;184.80;246.30;42.80
SELLES SUR CHER;LA BOISSE MONTLUEL;;72.60;112.20;175.70;233.40;41.20
SELLES SUR CHER;LA COTIERE;;73.40;113.40;180.00;237.80;41.90
SELLES SUR CHER;LA CROIX CHALON;;72.10;112.00;178.30;237.50;40.90
SELLES SUR CHER;LAMOTTE BEUVRON;;7.60;11.60;16.70;25.60;4.90
SELLES SUR CHER;LANGRES NORD;;54.10;82.80;131.50;174.10;29.50
SELLES SUR CHER;LANGRES SUD;;54.90;84.20;134.30;177.00;30.20
SELLES SUR CHER;LE MIROIR;;66.50;103.00;164.90;218.20;37.30
SELLES SUR CHER;LES EPRUNES;;46.40;72.00;115.70;151.50;25.50
SELLES SUR CHER;MACON NORD;;63.00;97.50;154.30;204.40;35.10
SELLES SUR CHER;MACON SUD;;63.90;99.00;156.80;207.60;35.60
SELLES SUR CHER;MAGNANT;;48.50;74.50;119.40;156.90;26.30
SELLES SUR CHER;MANZAT;;24.40;38.50;58.60;80.70;14.80
SELLES SUR CHER;MAROLLES SUR SEINE;;42.90;65.40;105.20;136.70;22.50
SELLES SUR CHER;MER;;17.30;27.40;37.80;54.80;10.50
SELLES SUR CHER;MEUNG;;14.00;22.90;32.40;44.70;8.50
SELLES SUR CHER;MONT CHOISY;;55.00;85.00;137.60;179.30;30.40
SELLES SUR CHER;MONTIGNY LE ROI;;55.80;85.30;136.80;181.00;30.60
SELLES SUR CHER;MONTLUCON;;17.50;27.60;41.80;58.40;10.60
SELLES SUR CHER;MONTMARAULT;;18.80;29.70;46.00;64.50;11.40
SELLES SUR CHER;MONTREUIL AUX LIONS;;69.00;104.40;166.10;216.00;37.90
SELLES SUR CHER;NEMOURS;;41.20;63.20;102.00;130.70;21.90
SELLES SUR CHER;NITRY;;44.30;68.00;109.30;142.70;23.70
SELLES SUR CHER;NUITS SAINT GEORGES;;56.90;88.00;141.00;185.60;31.30
SELLES SUR CHER;OLIVET;;11.20;17.40;26.20;38.80;6.90
SELLES SUR CHER;ORLEANS CENTRE;;12.80;19.30;28.40;41.50;7.50
SELLES SUR CHER;ORLEANS NORD;;12.90;20.60;30.60;42.20;7.60
SELLES SUR CHER;ORMES;;62.60;94.90;152.50;198.70;33.90
SELLES SUR CHER;PARIS LA FOLIE BESSIN;;25.20;39.80;61.20;80.50;15.50
SELLES SUR CHER;PEROUGES;;71.00;110.10;174.40;231.50;40.00
SELLES SUR CHER;PONT D AIN;;68.40;106.60;170.10;225.20;38.80
SELLES SUR CHER;POUILLY EN AUXOIS;;52.10;80.20;128.30;169.40;28.20
SELLES SUR CHER;REIMS TAISSY;;61.30;93.30;150.80;196.30;33.40
SELLES SUR CHER;REIMS TINQUEUX;;63.00;95.70;153.10;200.70;34.30
SELLES SUR CHER;REPLONGES;;63.10;97.90;156.30;207.30;35.50
SELLES SUR CHER;RIOM;;24.20;37.90;57.90;79.80;14.50
SELLES SUR CHER;ROBECOURT;;57.50;88.90;141.60;187.60;31.70
SELLES SUR CHER;ROMORANTIN;;2.30;3.30;5.40;6.70;1.60
SELLES SUR CHER;SAINT AIGNAN SUR CHER;;1.10;1.80;3.60;4.40;0.70
SELLES SUR CHER;SAINT AMAND;;12.50;20.00;30.10;40.80;7.70
SELLES SUR CHER;SAINT DENIS LES SENS;;39.90;61.30;98.40;126.40;21.10
SELLES SUR CHER;SAINT ETIENNE AU TEMPLE;;56.90;88.20;143.00;187.20;31.60
SELLES SUR CHER;SAINT GENIS;;67.60;104.60;164.60;217.70;37.80
SELLES SUR CHER;SAINT GERMAIN LAXIS;;45.30;69.70;111.80;145.60;24.60
SELLES SUR CHER;SAINT GIBRIEN;;56.10;86.30;139.30;182.10;30.90
SELLES SUR CHER;SAINT HILAIRE LES ANDRESIS;;33.40;51.30;82.40;104.70;17.60
SELLES SUR CHER;SAINT MARTIN DU FRESNE;;71.80;111.90;176.80;235.70;40.90
SELLES SUR CHER;SAINT MAURICE;;73.60;114.10;182.70;244.00;42.00
SELLES SUR CHER;SAINT THIBAULT;;45.80;70.50;113.90;148.90;25.00
SELLES SUR CHER;SAINTE MENEHOULD;;59.20;92.00;149.00;195.00;33.10
SELLES SUR CHER;SALBRIS;;6.20;9.60;13.70;19.60;4.10
SELLES SUR CHER;SAVIGNY SUR CLAIRIS;;34.00;51.50;83.20;107.60;17.90
SELLES SUR CHER;SEURRE;;58.10;90.20;143.20;189.30;32.00
SELLES SUR CHER;SOIRANS;;59.50;91.50;148.20;194.60;33.30
SELLES SUR CHER;SOMMESOUS;;52.70;81.50;131.60;172.00;28.90
SELLES SUR CHER;ST GERMAIN LES VERGNES;;42.60;66.20;97.60;136.00;25.70
SELLES SUR CHER;ST JULIEN SANCY;;29.40;46.20;69.90;96.00;17.90
SELLES SUR CHER;SYLANS;;72.50;112.90;178.40;237.90;41.30
SELLES SUR CHER;THENNELIERES;;47.20;72.80;115.60;151.00;25.90
SELLES SUR CHER;TIL CHATEL;;57.40;87.70;141.40;187.30;31.50
SELLES SUR CHER;TORVILLIERS;;45.30;69.70;112.10;145.90;24.60
SELLES SUR CHER;TOURNUS;;60.10;93.10;148.00;194.90;33.30
SELLES SUR CHER;TOURS CENTRE MONNAIE;;25.00;40.70;58.90;81.70;15.50
SELLES SUR CHER;TULLE EST;;40.20;62.30;92.80;127.20;24.00
SELLES SUR CHER;TULLE NORD;;40.90;63.60;93.60;132.30;24.30
SELLES SUR CHER;URY;;42.00;64.30;103.30;132.90;22.40
SELLES SUR CHER;USSEL EST;;32.20;50.80;76.60;105.90;19.30
SELLES SUR CHER;USSEL OUEST;;34.30;52.80;80.20;111.40;20.60
SELLES SUR CHER;VAL DE SAONE;;70.40;107.30;172.20;228.80;39.10
SELLES SUR CHER;VALLEE DE L AUBE;;50.60;78.20;125.50;164.30;27.60
SELLES SUR CHER;VATRY;;53.50;82.20;131.70;173.40;29.10
SELLES SUR CHER;VEIGNE;;7.80;12.40;20.00;26.70;4.40
SELLES SUR CHER;VERDUN;;66.10;102.10;163.10;212.60;36.50
SELLES SUR CHER;VIERZON EST;;5.90;9.50;15.20;19.20;3.90
SELLES SUR CHER;VIERZON NORD;;5.20;8.60;13.40;17.20;3.40
SELLES SUR CHER;VILLE SOUS LA FERTE;;50.10;77.30;124.60;163.20;27.20
SELLES SUR CHER;VILLEFRANCHE NORD;;66.50;102.30;164.30;217.60;37.40
SELLES SUR CHER;VILLEFRANCHE LIMAS;;70.70;109.00;172.80;229.60;39.40
SELLES SUR CHER;VILLEFRANCHE VILLE;;67.10;103.90;165.10;218.70;37.70
SELLES SUR CHER;VILLENEUVE DONDAGRE;;38.60;59.30;95.50;122.80;20.40
SELLES SUR CHER;VIRIAT;;65.80;102.00;161.80;215.20;37.50
SELLES SUR CHER;VIRY;;82.80;129.80;205.20;273.80;47.70
SELLES SUR CHER;VOIE SACREE;;63.30;98.10;155.00;203.60;35.10
SELLES SUR CHER;VULAINES;;43.20;65.40;105.20;136.60;22.60
SELLES SUR CHER;VULCANIA BROMONT;;26.80;41.90;64.00;88.30;16.20
SEURRE;ALLAINVILLE;;49.20;76.60;124.10;162.30;27.10
SEURRE;ARTENAY;;45.10;69.40;112.10;148.40;24.60
SEURRE;AUXY;;30.50;48.10;76.70;101.90;17.50
SEURRE;BLERE;;61.90;96.20;153.90;200.90;34.80
SEURRE;BLOIS;;52.00;80.30;129.20;170.00;28.70
SEURRE;BOURGES;;58.80;90.90;146.50;192.70;32.80
SEURRE;CHATEAU RENAULT;;54.90;84.40;134.80;178.70;30.70
SEURRE;ESCRENNES;;35.00;54.80;89.20;117.30;19.90
SEURRE;ESVRES;;63.20;98.40;157.70;205.10;35.30
SEURRE;FONTENAY SUR LOING;;26.80;41.10;64.00;87.10;15.30
SEURRE;GIDY;;45.60;70.20;113.00;149.50;24.80
SEURRE;GONDREVILLE LA FRANCHE NORD;;28.60;44.30;68.20;91.30;15.80
SEURRE;GONDREVILLE LA FRANCHE SUD;;33.10;51.10;78.90;105.50;18.60
SEURRE;JANVILLE ALLAINES;;46.20;71.30;114.60;151.80;25.40
SEURRE;LAMOTTE BEUVRON;;50.70;78.10;125.60;165.90;28.10
SEURRE;MER;;50.60;77.10;123.90;163.40;27.90
SEURRE;MEUNG;;48.50;74.50;118.60;157.50;26.60
SEURRE;OLIVET;;47.30;72.80;117.10;153.90;26.10
SEURRE;ORLEANS CENTRE;;46.60;71.90;115.30;151.50;25.50
SEURRE;ORLEANS NORD;;45.80;70.50;113.30;149.80;25.10
SEURRE;PARIS LA FOLIE BESSIN;;54.40;82.90;135.40;178.40;30.30
SEURRE;ROMORANTIN;;56.30;87.40;139.20;183.60;31.00
SEURRE;SAINT AIGNAN SUR CHER;;59.00;91.80;145.80;193.20;32.60
SEURRE;SAINT HILAIRE LES ANDRESIS;;21.80;34.50;53.40;74.00;12.90
SEURRE;SALBRIS;;52.30;81.10;130.00;172.80;28.90
SEURRE;SAVIGNY SUR CLAIRIS;;20.80;32.90;50.60;70.60;12.40
SEURRE;SELLES SUR CHER;;58.10;90.20;143.20;189.30;32.00
SEURRE;TOURS CENTRE MONNAIE;;59.50;90.90;144.30;191.50;33.20
SEURRE;VEIGNE;;65.40;101.90;163.60;213.20;36.50
SEURRE;VIERZON EST;;55.20;84.70;137.30;180.40;30.70
SEURRE;VIERZON NORD;;54.60;84.30;136.70;180.00;30.10
SILLE LE GUILLAUME MAMERS;ABLIS;;20.40;31.80;51.80;66.80;12.40
SILLE LE GUILLAUME MAMERS;ALENCON NORD;;1.20;2.20;2.80;4.40;0.80
SILLE LE GUILLAUME MAMERS;ALENCON SUD;;0.70;1.00;1.80;2.00;0.50
SILLE LE GUILLAUME MAMERS;PEAGE DE CORZE;;14.30;21.60;31.80;39.70;8.60
SILLE LE GUILLAUME MAMERS;ARGENTAN;;12.00;20.80;30.20;40.50;7.30
SILLE LE GUILLAUME MAMERS;AUVOURS LE MANS ZI SUD;;3.50;5.80;9.50;12.60;2.60
SILLE LE GUILLAUME MAMERS;BEAUFORT EN VALLEE;;13.60;21.40;29.30;38.30;8.50
SILLE LE GUILLAUME MAMERS;BEAUMONT SUR SARTHE;;0.90;1.70;2.10;2.60;0.60
SILLE LE GUILLAUME MAMERS;BERNAY;;21.30;34.40;51.00;70.60;13.30
SILLE LE GUILLAUME MAMERS;BOURGUEIL;;18.20;27.40;40.20;52.10;11.30
SILLE LE GUILLAUME MAMERS;BRIONNE;;26.90;43.70;61.40;83.50;17.00
SILLE LE GUILLAUME MAMERS;BROU;;10.40;16.90;28.50;36.30;6.20
SILLE LE GUILLAUME MAMERS;CHARTRES EST;;17.00;26.60;44.10;57.60;10.40
SILLE LE GUILLAUME MAMERS;CHARTRES THIVARS;;14.90;24.30;40.10;49.60;9.00
SILLE LE GUILLAUME MAMERS;CHATEAU DU LOIR MONTABON;;8.00;11.60;20.60;22.40;4.90
SILLE LE GUILLAUME MAMERS;CONNERRE;;6.50;9.40;14.50;18.90;3.80
SILLE LE GUILLAUME MAMERS;DURTAL;;9.20;14.10;21.00;26.80;5.70
SILLE LE GUILLAUME MAMERS;ECOMMOY;;6.10;9.10;14.50;18.00;4.00
SILLE LE GUILLAUME MAMERS;EVRON;;9.00;14.30;22.40;29.70;5.10
SILLE LE GUILLAUME MAMERS;GACE;;11.90;19.50;27.00;36.80;7.70
SILLE LE GUILLAUME MAMERS;ILLIERS COMBRAY;;13.10;21.00;35.60;47.20;7.30
SILLE LE GUILLAUME MAMERS;LA FERTE BERNARD;;7.50;12.60;19.00;25.60;4.70
SILLE LE GUILLAUME MAMERS;LAVAL EST;;11.10;17.30;27.00;35.90;6.40
SILLE LE GUILLAUME MAMERS;LAVAL OUEST;;13.00;18.80;31.90;40.80;8.10
SILLE LE GUILLAUME MAMERS;LE MANS CENTRE UNIVERSITE;;4.10;6.20;9.00;11.60;2.70
SILLE LE GUILLAUME MAMERS;LE MANS SUD;;5.10;7.90;11.50;15.10;3.30
SILLE LE GUILLAUME MAMERS;LE MANS ZI NORD;;3.00;4.30;6.10;8.70;1.80
SILLE LE GUILLAUME MAMERS;LONGUE JUMELLES;;14.60;22.50;32.00;41.20;9.10
SILLE LE GUILLAUME MAMERS;ORBEC;;16.90;27.80;39.70;54.10;10.80
SILLE LE GUILLAUME MAMERS;PARIGNE L EVEQUE;;4.10;6.60;9.90;13.10;3.00
SILLE LE GUILLAUME MAMERS;PARIS LA FOLIE BESSIN;;24.50;38.20;60.50;78.20;14.90
SILLE LE GUILLAUME MAMERS;RESTIGNE;;22.20;33.50;48.00;63.50;13.60
SILLE LE GUILLAUME MAMERS;ROUMOIS;;36.30;58.20;81.20;112.40;21.50
SILLE LE GUILLAUME MAMERS;SABLE LA FLECHE;;8.20;12.20;18.00;24.00;4.90
SILLE LE GUILLAUME MAMERS;SAUMUR VIVY;;16.00;25.00;36.60;46.90;10.10
SILLE LE GUILLAUME MAMERS;SEES;;7.90;13.10;18.30;25.00;5.00
SILLE LE GUILLAUME MAMERS;SEICHES;;11.90;17.90;25.60;33.10;7.10
SILLE LE GUILLAUME MAMERS;SILLE LE GUILLAUME SABLE;;6.50;9.60;16.90;21.60;4.00
SILLE LE GUILLAUME MAMERS;TOURS CENTRE SAINT CHRISTOPHE;;12.80;19.30;33.20;38.00;8.00
SILLE LE GUILLAUME MAMERS;VITRE LA GRAVELLE;;14.60;23.20;36.20;48.20;8.90
SILLE LE GUILLAUME SABLE;ABLIS;;21.50;34.10;50.20;70.10;13.20
SILLE LE GUILLAUME SABLE;ALENCON NORD;;7.40;12.80;21.30;28.80;4.70
SILLE LE GUILLAUME SABLE;ALENCON SUD;;7.20;12.50;20.40;25.80;4.50
SILLE LE GUILLAUME SABLE;PEAGE DE CORZE;;14.20;21.10;31.30;39.20;8.50
SILLE LE GUILLAUME SABLE;ARGENTAN;;18.00;31.40;48.50;64.70;11.20
SILLE LE GUILLAUME SABLE;AUVOURS LE MANS ZI SUD;;5.00;8.50;13.90;17.40;3.30
SILLE LE GUILLAUME SABLE;BEAUFORT EN VALLEE;;13.50;20.90;28.80;37.80;8.40
SILLE LE GUILLAUME SABLE;BEAUMONT SUR SARTHE;;5.30;8.80;14.10;17.20;3.30
SILLE LE GUILLAUME SABLE;BERNAY;;27.30;45.00;69.30;94.80;17.20
SILLE LE GUILLAUME SABLE;BOURGUEIL;;18.10;26.90;39.70;51.60;11.20
SILLE LE GUILLAUME SABLE;BRIONNE;;32.90;54.30;79.70;107.70;20.90
SILLE LE GUILLAUME SABLE;BROU;;12.50;19.60;30.10;38.80;8.00
SILLE LE GUILLAUME SABLE;CHARTRES EST;;17.20;29.00;43.30;58.70;11.00
SILLE LE GUILLAUME SABLE;CHARTRES THIVARS;;15.60;26.40;39.20;51.50;10.00
SILLE LE GUILLAUME SABLE;CHATEAU DU LOIR MONTABON;;9.10;15.20;24.10;31.60;5.30
SILLE LE GUILLAUME SABLE;CONNERRE;;7.60;11.20;17.90;21.80;4.80
SILLE LE GUILLAUME SABLE;DURTAL;;9.10;13.60;20.50;26.30;5.60
SILLE LE GUILLAUME SABLE;ECOMMOY;;7.10;12.10;19.80;23.40;4.70
SILLE LE GUILLAUME SABLE;EVRON;;1.70;2.40;4.00;5.30;1.00
SILLE LE GUILLAUME SABLE;GACE;;17.90;30.10;45.30;61.00;11.60
SILLE LE GUILLAUME SABLE;ILLIERS COMBRAY;;14.50;23.00;37.60;49.30;9.20
SILLE LE GUILLAUME SABLE;LA FERTE BERNARD;;7.80;13.40;21.30;27.70;5.10
SILLE LE GUILLAUME SABLE;LAVAL EST;;3.80;5.40;9.00;11.30;2.50
SILLE LE GUILLAUME SABLE;LAVAL OUEST;;5.10;6.80;11.40;13.60;3.00
SILLE LE GUILLAUME SABLE;LE MANS CENTRE UNIVERSITE;;4.00;5.70;8.50;11.10;2.60
SILLE LE GUILLAUME SABLE;LE MANS SUD;;5.00;7.40;11.00;14.60;3.20
SILLE LE GUILLAUME SABLE;LE MANS ZI NORD;;4.30;6.10;9.60;11.80;2.60
SILLE LE GUILLAUME SABLE;LONGUE JUMELLES;;14.50;22.00;31.50;40.70;9.00
SILLE LE GUILLAUME SABLE;ORBEC;;22.90;38.40;58.00;78.30;14.70
SILLE LE GUILLAUME SABLE;PARIGNE L EVEQUE;;5.90;9.60;14.80;18.50;3.80
SILLE LE GUILLAUME SABLE;PARIS LA FOLIE BESSIN;;25.70;40.70;58.20;82.40;16.40
SILLE LE GUILLAUME SABLE;RESTIGNE;;22.10;33.00;47.50;63.00;13.50
SILLE LE GUILLAUME SABLE;ROUMOIS;;42.30;68.80;99.50;136.60;25.40
SILLE LE GUILLAUME SABLE;SABLE LA FLECHE;;8.10;11.70;17.50;23.50;4.80
SILLE LE GUILLAUME SABLE;SAUMUR VIVY;;15.90;24.50;36.10;46.40;10.00
SILLE LE GUILLAUME SABLE;SEES;;13.90;23.70;36.60;49.20;8.90
SILLE LE GUILLAUME SABLE;SEICHES;;11.80;17.40;25.10;32.60;7.00
SILLE LE GUILLAUME SABLE;SILLE LE GUILLAUME MAMERS;;6.50;9.60;16.90;21.60;4.00
SILLE LE GUILLAUME SABLE;TOURS CENTRE SAINT CHRISTOPHE;;14.00;23.30;37.20;48.40;8.50
SILLE LE GUILLAUME SABLE;VITRE LA GRAVELLE;;7.40;11.50;18.90;25.90;4.60
SOIRANS;ALLAINVILLE;;50.60;77.90;129.10;167.60;28.40
SOIRANS;ARTENAY;;46.50;70.70;117.10;153.70;25.90
SOIRANS;AUXY;;31.90;49.40;81.70;107.20;18.80
SOIRANS;BLERE;;63.30;97.50;158.90;206.20;36.10
SOIRANS;BLOIS;;53.40;81.60;134.20;175.30;30.00
SOIRANS;BOURGES;;60.20;92.20;151.50;198.00;34.10
SOIRANS;CHATEAU RENAULT;;56.30;85.70;139.80;184.00;32.00
SOIRANS;ESCRENNES;;36.40;56.10;94.20;122.60;21.20
SOIRANS;ESVRES;;64.60;99.70;162.70;210.40;36.60
SOIRANS;FONTENAY SUR LOING;;28.20;42.40;69.00;92.40;16.60
SOIRANS;GIDY;;47.00;71.50;118.00;154.80;26.10
SOIRANS;GONDREVILLE LA FRANCHE NORD;;30.00;45.60;73.20;96.60;17.10
SOIRANS;GONDREVILLE LA FRANCHE SUD;;34.50;52.40;83.90;110.80;19.90
SOIRANS;JANVILLE ALLAINES;;47.60;72.60;119.60;157.10;26.70
SOIRANS;LAMOTTE BEUVRON;;52.10;79.40;130.60;171.20;29.40
SOIRANS;MER;;52.00;78.40;128.90;168.70;29.20
SOIRANS;MEUNG;;49.90;75.80;123.60;162.80;27.90
SOIRANS;OLIVET;;48.70;74.10;122.10;159.20;27.40
SOIRANS;ORLEANS CENTRE;;48.00;73.20;120.30;156.80;26.80
SOIRANS;ORLEANS NORD;;47.20;71.80;118.30;155.10;26.40
SOIRANS;PARIS LA FOLIE BESSIN;;55.80;84.20;140.40;183.70;31.60
SOIRANS;ROMORANTIN;;57.70;88.70;144.20;188.90;32.30
SOIRANS;SAINT AIGNAN SUR CHER;;60.40;93.10;150.80;198.50;33.90
SOIRANS;SAINT HILAIRE LES ANDRESIS;;23.20;35.80;58.40;79.30;14.20
SOIRANS;SALBRIS;;53.70;82.40;135.00;178.10;30.20
SOIRANS;SAVIGNY SUR CLAIRIS;;22.20;34.20;55.60;75.90;13.70
SOIRANS;SELLES SUR CHER;;59.50;91.50;148.20;194.60;33.30
SOIRANS;TOURS CENTRE MONNAIE;;60.90;92.20;149.30;196.80;34.50
SOIRANS;VEIGNE;;66.80;103.20;168.60;218.50;37.80
SOIRANS;VIERZON EST;;56.60;86.00;142.30;185.70;32.00
SOIRANS;VIERZON NORD;;56.00;85.60;141.70;185.30;31.40
SOMMESOUS;ALLAINVILLE;;43.80;67.90;112.50;145.00;24.00
SOMMESOUS;ARTENAY;;39.70;60.70;100.50;131.10;21.50
SOMMESOUS;AUXY;;25.10;39.40;65.10;84.60;14.40
SOMMESOUS;BLERE;;56.50;87.50;142.30;183.60;31.70
SOMMESOUS;BLOIS;;46.60;71.60;117.60;152.70;25.60
SOMMESOUS;BOURGES;;53.40;82.20;134.90;175.40;29.70
SOMMESOUS;CHATEAU RENAULT;;49.50;75.70;123.20;161.40;27.60
SOMMESOUS;ESCRENNES;;29.60;46.10;77.60;100.00;16.80
SOMMESOUS;ESVRES;;57.80;89.70;146.10;187.80;32.20
SOMMESOUS;FONTENAY SUR LOING;;21.40;32.40;52.40;69.80;12.20
SOMMESOUS;GIDY;;40.20;61.50;101.40;132.20;21.70
SOMMESOUS;GONDREVILLE LA FRANCHE NORD;;23.20;35.60;56.60;74.00;12.70
SOMMESOUS;GONDREVILLE LA FRANCHE SUD;;27.70;42.40;67.30;88.20;15.50
SOMMESOUS;JANVILLE ALLAINES;;40.80;62.60;103.00;134.50;22.30
SOMMESOUS;LAMOTTE BEUVRON;;45.30;69.40;114.00;148.60;25.00
SOMMESOUS;MER;;45.20;68.40;112.30;146.10;24.80
SOMMESOUS;MEUNG;;43.10;65.80;107.00;140.20;23.50
SOMMESOUS;OLIVET;;41.90;64.10;105.50;136.60;23.00
SOMMESOUS;ORLEANS CENTRE;;41.20;63.20;103.70;134.20;22.40
SOMMESOUS;ORLEANS NORD;;40.40;61.80;101.70;132.50;22.00
SOMMESOUS;PARIS LA FOLIE BESSIN;;49.00;74.20;123.80;161.10;27.20
SOMMESOUS;ROMORANTIN;;50.90;78.70;127.60;166.30;27.90
SOMMESOUS;SAINT AIGNAN SUR CHER;;53.60;83.10;134.20;175.90;29.50
SOMMESOUS;SAINT HILAIRE LES ANDRESIS;;16.40;25.80;41.80;56.70;9.80
SOMMESOUS;SALBRIS;;46.90;72.40;118.40;155.50;25.80
SOMMESOUS;SAVIGNY SUR CLAIRIS;;15.40;24.20;39.00;53.30;9.30
SOMMESOUS;SELLES SUR CHER;;52.70;81.50;131.60;172.00;28.90
SOMMESOUS;TOURS CENTRE MONNAIE;;54.10;82.20;132.70;174.20;30.10
SOMMESOUS;VEIGNE;;60.00;93.20;152.00;195.90;33.40
SOMMESOUS;VIERZON EST;;49.80;76.00;125.70;163.10;27.60
SOMMESOUS;VIERZON NORD;;49.20;75.60;125.10;162.70;27.00
ST GERMAIN LES VERGNES;ALLAINVILLE;;56.50;87.60;130.40;178.60;33.40
ST GERMAIN LES VERGNES;ARTENAY;;50.00;78.60;117.10;160.50;30.20
ST GERMAIN LES VERGNES;AUXY;;59.40;90.50;139.80;188.40;34.00
ST GERMAIN LES VERGNES;BLERE;;47.90;74.80;111.70;152.80;28.80
ST GERMAIN LES VERGNES;BLOIS;;53.40;82.40;125.40;167.40;32.10
ST GERMAIN LES VERGNES;BOURGES;;33.90;52.10;76.50;107.10;20.20
ST GERMAIN LES VERGNES;CHATEAU RENAULT;;55.10;86.70;130.00;178.60;33.40
ST GERMAIN LES VERGNES;ESCRENNES;;54.90;84.50;127.80;174.50;32.00
ST GERMAIN LES VERGNES;ESVRES;;50.30;78.60;117.80;158.10;30.00
ST GERMAIN LES VERGNES;FONTENAY SUR LOING;;63.20;97.70;153.80;204.50;36.20
ST GERMAIN LES VERGNES;GIDY;;48.10;74.40;112.30;153.10;28.70
ST GERMAIN LES VERGNES;GONDREVILLE LA FRANCHE NORD;;62.90;95.20;148.40;200.00;35.70
ST GERMAIN LES VERGNES;GONDREVILLE LA FRANCHE SUD;;67.40;102.00;159.10;214.20;38.50
ST GERMAIN LES VERGNES;JANVILLE ALLAINES;;52.30;81.80;121.90;166.40;31.50
ST GERMAIN LES VERGNES;LAMOTTE BEUVRON;;41.30;63.90;96.50;130.60;24.30
ST GERMAIN LES VERGNES;MER;;51.50;80.20;120.00;164.20;30.40
ST GERMAIN LES VERGNES;MEUNG;;49.10;76.90;113.40;157.30;29.40
ST GERMAIN LES VERGNES;OLIVET;;46.00;70.60;105.50;144.30;27.10
ST GERMAIN LES VERGNES;ORLEANS CENTRE;;46.20;72.10;109.80;146.10;27.40
ST GERMAIN LES VERGNES;ORLEANS NORD;;47.90;73.80;110.90;151.60;28.40
ST GERMAIN LES VERGNES;PARIS LA FOLIE BESSIN;;58.50;91.70;140.90;189.60;35.90
ST GERMAIN LES VERGNES;ROMORANTIN;;40.60;63.50;94.20;129.20;24.60
ST GERMAIN LES VERGNES;SAINT AIGNAN SUR CHER;;44.40;69.10;103.60;143.20;26.30
ST GERMAIN LES VERGNES;SAINT HILAIRE LES ANDRESIS;;68.00;104.10;162.20;215.20;38.60
ST GERMAIN LES VERGNES;SALBRIS;;39.20;61.10;91.00;123.50;23.70
ST GERMAIN LES VERGNES;SAVIGNY SUR CLAIRIS;;68.60;104.30;163.00;218.10;38.90
ST GERMAIN LES VERGNES;SELLES SUR CHER;;42.60;66.20;97.60;136.00;25.70
ST GERMAIN LES VERGNES;TOURS CENTRE MONNAIE;;60.00;94.50;139.50;191.80;35.60
ST GERMAIN LES VERGNES;VEIGNE;;50.60;80.10;121.20;163.80;31.20
ST GERMAIN LES VERGNES;VIERZON EST;;36.90;57.30;83.60;116.30;22.50
ST GERMAIN LES VERGNES;VIERZON NORD;;37.10;57.50;85.90;118.20;22.60
ST JULIEN SANCY;ALLAINVILLE;;43.30;67.60;102.70;138.60;25.60
ST JULIEN SANCY;ARTENAY;;36.80;58.60;89.40;120.50;22.40
ST JULIEN SANCY;AUXY;;46.20;70.50;112.10;148.40;26.20
ST JULIEN SANCY;BLERE;;34.70;54.80;84.00;112.80;21.00
ST JULIEN SANCY;BLOIS;;40.20;62.40;97.70;127.40;24.30
ST JULIEN SANCY;BOURGES;;20.70;32.10;48.80;67.10;12.40
ST JULIEN SANCY;CHATEAU RENAULT;;41.90;66.70;102.30;138.60;25.60
ST JULIEN SANCY;ESCRENNES;;41.70;64.50;100.10;134.50;24.20
ST JULIEN SANCY;ESVRES;;37.10;58.60;90.10;118.10;22.20
ST JULIEN SANCY;FONTENAY SUR LOING;;50.00;77.70;126.10;164.50;28.40
ST JULIEN SANCY;GIDY;;34.90;54.40;84.60;113.10;20.90
ST JULIEN SANCY;GONDREVILLE LA FRANCHE NORD;;49.70;75.20;120.70;160.00;27.90
ST JULIEN SANCY;GONDREVILLE LA FRANCHE SUD;;54.20;82.00;131.40;174.20;30.70
ST JULIEN SANCY;JANVILLE ALLAINES;;39.10;61.80;94.20;126.40;23.70
ST JULIEN SANCY;LAMOTTE BEUVRON;;28.10;43.90;68.80;90.60;16.50
ST JULIEN SANCY;MER;;38.30;60.20;92.30;124.20;22.60
ST JULIEN SANCY;MEUNG;;35.90;56.90;85.70;117.30;21.60
ST JULIEN SANCY;OLIVET;;32.80;50.60;77.80;104.30;19.30
ST JULIEN SANCY;ORLEANS CENTRE;;33.00;52.10;82.10;106.10;19.60
ST JULIEN SANCY;ORLEANS NORD;;34.70;53.80;83.20;111.60;20.60
ST JULIEN SANCY;PARIS LA FOLIE BESSIN;;45.30;71.70;113.20;149.60;28.10
ST JULIEN SANCY;ROMORANTIN;;27.40;43.50;66.50;89.20;16.80
ST JULIEN SANCY;SAINT AIGNAN SUR CHER;;31.20;49.10;75.90;103.20;18.50
ST JULIEN SANCY;SAINT HILAIRE LES ANDRESIS;;54.80;84.10;134.50;175.20;30.80
ST JULIEN SANCY;SALBRIS;;26.00;41.10;63.30;83.50;15.90
ST JULIEN SANCY;SAVIGNY SUR CLAIRIS;;55.40;84.30;135.30;178.10;31.10
ST JULIEN SANCY;SELLES SUR CHER;;29.40;46.20;69.90;96.00;17.90
ST JULIEN SANCY;TOURS CENTRE MONNAIE;;46.80;74.50;111.80;151.80;27.80
ST JULIEN SANCY;VEIGNE;;37.40;60.10;93.50;123.80;23.40
ST JULIEN SANCY;VIERZON EST;;23.70;37.30;55.90;76.30;14.70
ST JULIEN SANCY;VIERZON NORD;;23.90;37.50;58.20;78.20;14.80
STE HERMINE;CHATELLERAULT NORD;;17.30;26.70;41.10;50.00;11.50
STE HERMINE;CHATELLERAULT SUD;;16.50;25.10;36.40;45.30;10.50
STE HERMINE;FUTUROSCOPE;;14.30;21.90;32.60;39.50;9.30
STE HERMINE;POITIERS NORD;;13.60;21.10;30.80;37.70;9.00
STE HERMINE;POITIERS SUD;;12.50;18.90;27.60;34.40;8.20
STE HERMINE;SAINTE MAURE;;20.70;32.10;48.10;61.80;13.50
STE HERMINE;TOURS CENTRE SORIGNY;;27.40;40.90;62.90;81.70;17.30
SYLANS;ALLAINVILLE;;63.60;99.30;159.30;210.90;36.40
SYLANS;ARTENAY;;59.50;92.10;147.30;197.00;33.90
SYLANS;AUXY;;44.90;70.80;111.90;150.50;26.80
SYLANS;BLERE;;76.30;118.90;189.10;249.50;44.10
SYLANS;BLOIS;;66.40;103.00;164.40;218.60;38.00
SYLANS;BOURGES;;73.20;113.60;181.70;241.30;42.10
SYLANS;CHATEAU RENAULT;;69.30;107.10;170.00;227.30;40.00
SYLANS;ESCRENNES;;49.40;77.50;124.40;165.90;29.20
SYLANS;ESVRES;;77.60;121.10;192.90;253.70;44.60
SYLANS;FONTENAY SUR LOING;;41.20;63.80;99.20;135.70;24.60
SYLANS;GIDY;;60.00;92.90;148.20;198.10;34.10
SYLANS;GONDREVILLE LA FRANCHE NORD;;43.00;67.00;103.40;139.90;25.10
SYLANS;GONDREVILLE LA FRANCHE SUD;;47.50;73.80;114.10;154.10;27.90
SYLANS;JANVILLE ALLAINES;;60.60;94.00;149.80;200.40;34.70
SYLANS;LAMOTTE BEUVRON;;65.10;100.80;160.80;214.50;37.40
SYLANS;MER;;65.00;99.80;159.10;212.00;37.20
SYLANS;MEUNG;;62.90;97.20;153.80;206.10;35.90
SYLANS;OLIVET;;61.70;95.50;152.30;202.50;35.40
SYLANS;ORLEANS CENTRE;;61.00;94.60;150.50;200.10;34.80
SYLANS;ORLEANS NORD;;60.20;93.20;148.50;198.40;34.40
SYLANS;PARIS LA FOLIE BESSIN;;68.80;105.60;170.60;227.00;39.60
SYLANS;ROMORANTIN;;70.70;110.10;174.40;232.20;40.30
SYLANS;SAINT AIGNAN SUR CHER;;73.40;114.50;181.00;241.80;41.90
SYLANS;SAINT HILAIRE LES ANDRESIS;;36.20;57.20;88.60;122.60;22.20
SYLANS;SALBRIS;;66.70;103.80;165.20;221.40;38.20
SYLANS;SAVIGNY SUR CLAIRIS;;35.20;55.60;85.80;119.20;21.70
SYLANS;SELLES SUR CHER;;72.50;112.90;178.40;237.90;41.30
SYLANS;TOURS CENTRE MONNAIE;;73.90;113.60;179.50;240.10;42.50
SYLANS;VEIGNE;;79.80;124.60;198.80;261.80;45.80
SYLANS;VIERZON EST;;69.60;107.40;172.50;229.00;40.00
SYLANS;VIERZON NORD;;69.00;107.00;171.90;228.60;39.40
THENNELIERES;ALLAINVILLE;;38.30;59.20;96.50;124.00;21.00
THENNELIERES;ARTENAY;;34.20;52.00;84.50;110.10;18.50
THENNELIERES;AUXY;;19.60;30.70;49.10;63.60;11.40
THENNELIERES;BLERE;;51.00;78.80;126.30;162.60;28.70
THENNELIERES;BLOIS;;41.10;62.90;101.60;131.70;22.60
THENNELIERES;BOURGES;;47.90;73.50;118.90;154.40;26.70
THENNELIERES;CHATEAU RENAULT;;44.00;67.00;107.20;140.40;24.60
THENNELIERES;ESCRENNES;;24.10;37.40;61.60;79.00;13.80
THENNELIERES;ESVRES;;52.30;81.00;130.10;166.80;29.20
THENNELIERES;FONTENAY SUR LOING;;15.90;23.70;36.40;48.80;9.20
THENNELIERES;GIDY;;34.70;52.80;85.40;111.20;18.70
THENNELIERES;GONDREVILLE LA FRANCHE NORD;;17.70;26.90;40.60;53.00;9.70
THENNELIERES;GONDREVILLE LA FRANCHE SUD;;22.20;33.70;51.30;67.20;12.50
THENNELIERES;JANVILLE ALLAINES;;35.30;53.90;87.00;113.50;19.30
THENNELIERES;LAMOTTE BEUVRON;;39.80;60.70;98.00;127.60;22.00
THENNELIERES;MER;;39.70;59.70;96.30;125.10;21.80
THENNELIERES;MEUNG;;37.60;57.10;91.00;119.20;20.50
THENNELIERES;OLIVET;;36.40;55.40;89.50;115.60;20.00
THENNELIERES;ORLEANS CENTRE;;35.70;54.50;87.70;113.20;19.40
THENNELIERES;ORLEANS NORD;;34.90;53.10;85.70;111.50;19.00
THENNELIERES;PARIS LA FOLIE BESSIN;;43.50;65.50;107.80;140.10;24.20
THENNELIERES;ROMORANTIN;;45.40;70.00;111.60;145.30;24.90
THENNELIERES;SAINT AIGNAN SUR CHER;;48.10;74.40;118.20;154.90;26.50
THENNELIERES;SAINT HILAIRE LES ANDRESIS;;10.90;17.10;25.80;35.70;6.80
THENNELIERES;SALBRIS;;41.40;63.70;102.40;134.50;22.80
THENNELIERES;SAVIGNY SUR CLAIRIS;;9.90;15.50;23.00;32.30;6.30
THENNELIERES;SELLES SUR CHER;;47.20;72.80;115.60;151.00;25.90
THENNELIERES;TOURS CENTRE MONNAIE;;48.60;73.50;116.70;153.20;27.10
THENNELIERES;VEIGNE;;54.50;84.50;136.00;174.90;30.40
THENNELIERES;VIERZON EST;;44.30;67.30;109.70;142.10;24.60
THENNELIERES;VIERZON NORD;;43.70;66.90;109.10;141.70;24.00
TIL CHATEL;ALLAINVILLE;;48.50;74.10;122.30;160.30;26.60
TIL CHATEL;ARTENAY;;44.40;66.90;110.30;146.40;24.10
TIL CHATEL;AUXY;;29.80;45.60;74.90;99.90;17.00
TIL CHATEL;BLERE;;61.20;93.70;152.10;198.90;34.30
TIL CHATEL;BLOIS;;51.30;77.80;127.40;168.00;28.20
TIL CHATEL;BOURGES;;58.10;88.40;144.70;190.70;32.30
TIL CHATEL;CHATEAU RENAULT;;54.20;81.90;133.00;176.70;30.20
TIL CHATEL;ESCRENNES;;34.30;52.30;87.40;115.30;19.40
TIL CHATEL;ESVRES;;62.50;95.90;155.90;203.10;34.80
TIL CHATEL;FONTENAY SUR LOING;;26.10;38.60;62.20;85.10;14.80
TIL CHATEL;GIDY;;44.90;67.70;111.20;147.50;24.30
TIL CHATEL;GONDREVILLE LA FRANCHE NORD;;27.90;41.80;66.40;89.30;15.30
TIL CHATEL;GONDREVILLE LA FRANCHE SUD;;32.40;48.60;77.10;103.50;18.10
TIL CHATEL;JANVILLE ALLAINES;;45.50;68.80;112.80;149.80;24.90
TIL CHATEL;LAMOTTE BEUVRON;;50.00;75.60;123.80;163.90;27.60
TIL CHATEL;MER;;49.90;74.60;122.10;161.40;27.40
TIL CHATEL;MEUNG;;47.80;72.00;116.80;155.50;26.10
TIL CHATEL;OLIVET;;46.60;70.30;115.30;151.90;25.60
TIL CHATEL;ORLEANS CENTRE;;45.90;69.40;113.50;149.50;25.00
TIL CHATEL;ORLEANS NORD;;45.10;68.00;111.50;147.80;24.60
TIL CHATEL;PARIS LA FOLIE BESSIN;;53.70;80.40;133.60;176.40;29.80
TIL CHATEL;ROMORANTIN;;55.60;84.90;137.40;181.60;30.50
TIL CHATEL;SAINT AIGNAN SUR CHER;;58.30;89.30;144.00;191.20;32.10
TIL CHATEL;SAINT HILAIRE LES ANDRESIS;;21.10;32.00;51.60;72.00;12.40
TIL CHATEL;SALBRIS;;51.60;78.60;128.20;170.80;28.40
TIL CHATEL;SAVIGNY SUR CLAIRIS;;20.10;30.40;48.80;68.60;11.90
TIL CHATEL;SELLES SUR CHER;;57.40;87.70;141.40;187.30;31.50
TIL CHATEL;TOURS CENTRE MONNAIE;;58.80;88.40;142.50;189.50;32.70
TIL CHATEL;VEIGNE;;64.70;99.40;161.80;211.20;36.00
TIL CHATEL;VIERZON EST;;54.50;82.20;135.50;178.40;30.20
TIL CHATEL;VIERZON NORD;;53.90;81.80;134.90;178.00;29.60
TORVILLIERS;ALLAINVILLE;;36.40;56.10;93.00;118.90;19.70
TORVILLIERS;ARTENAY;;32.30;48.90;81.00;105.00;17.20
TORVILLIERS;AUXY;;17.70;27.60;45.60;58.50;10.10
TORVILLIERS;BLERE;;49.10;75.70;122.80;157.50;27.40
TORVILLIERS;BLOIS;;39.20;59.80;98.10;126.60;21.30
TORVILLIERS;BOURGES;;46.00;70.40;115.40;149.30;25.40
TORVILLIERS;CHATEAU RENAULT;;42.10;63.90;103.70;135.30;23.30
TORVILLIERS;ESCRENNES;;22.20;34.30;58.10;73.90;12.50
TORVILLIERS;ESVRES;;50.40;77.90;126.60;161.70;27.90
TORVILLIERS;FONTENAY SUR LOING;;14.00;20.60;32.90;43.70;7.90
TORVILLIERS;GIDY;;32.80;49.70;81.90;106.10;17.40
TORVILLIERS;GONDREVILLE LA FRANCHE NORD;;15.80;23.80;37.10;47.90;8.40
TORVILLIERS;GONDREVILLE LA FRANCHE SUD;;20.30;30.60;47.80;62.10;11.20
TORVILLIERS;JANVILLE ALLAINES;;33.40;50.80;83.50;108.40;18.00
TORVILLIERS;LAMOTTE BEUVRON;;37.90;57.60;94.50;122.50;20.70
TORVILLIERS;MER;;37.80;56.60;92.80;120.00;20.50
TORVILLIERS;MEUNG;;35.70;54.00;87.50;114.10;19.20
TORVILLIERS;OLIVET;;34.50;52.30;86.00;110.50;18.70
TORVILLIERS;ORLEANS CENTRE;;33.80;51.40;84.20;108.10;18.10
TORVILLIERS;ORLEANS NORD;;33.00;50.00;82.20;106.40;17.70
TORVILLIERS;PARIS LA FOLIE BESSIN;;41.60;62.40;104.30;135.00;22.90
TORVILLIERS;ROMORANTIN;;43.50;66.90;108.10;140.20;23.60
TORVILLIERS;SAINT AIGNAN SUR CHER;;46.20;71.30;114.70;149.80;25.20
TORVILLIERS;SAINT HILAIRE LES ANDRESIS;;9.00;14.00;22.30;30.60;5.50
TORVILLIERS;SALBRIS;;39.50;60.60;98.90;129.40;21.50
TORVILLIERS;SAVIGNY SUR CLAIRIS;;8.00;12.40;19.50;27.20;5.00
TORVILLIERS;SELLES SUR CHER;;45.30;69.70;112.10;145.90;24.60
TORVILLIERS;TOURS CENTRE MONNAIE;;46.70;70.40;113.20;148.10;25.80
TORVILLIERS;VEIGNE;;52.60;81.40;132.50;169.80;29.10
TORVILLIERS;VIERZON EST;;42.40;64.20;106.20;137.00;23.30
TORVILLIERS;VIERZON NORD;;41.80;63.80;105.60;136.60;22.70
TOURNUS;ALLAINVILLE;;51.20;79.50;128.90;167.90;28.40
TOURNUS;ARTENAY;;47.10;72.30;116.90;154.00;25.90
TOURNUS;AUXY;;32.50;51.00;81.50;107.50;18.80
TOURNUS;BLERE;;63.90;99.10;158.70;206.50;36.10
TOURNUS;BLOIS;;54.00;83.20;134.00;175.60;30.00
TOURNUS;BOURGES;;60.80;93.80;151.30;198.30;34.10
TOURNUS;CHATEAU RENAULT;;56.90;87.30;139.60;184.30;32.00
TOURNUS;ESCRENNES;;37.00;57.70;94.00;122.90;21.20
TOURNUS;ESVRES;;65.20;101.30;162.50;210.70;36.60
TOURNUS;FONTENAY SUR LOING;;28.80;44.00;68.80;92.70;16.60
TOURNUS;GIDY;;47.60;73.10;117.80;155.10;26.10
TOURNUS;GONDREVILLE LA FRANCHE NORD;;30.60;47.20;73.00;96.90;17.10
TOURNUS;GONDREVILLE LA FRANCHE SUD;;35.10;54.00;83.70;111.10;19.90
TOURNUS;JANVILLE ALLAINES;;48.20;74.20;119.40;157.40;26.70
TOURNUS;LAMOTTE BEUVRON;;52.70;81.00;130.40;171.50;29.40
TOURNUS;MER;;52.60;80.00;128.70;169.00;29.20
TOURNUS;MEUNG;;50.50;77.40;123.40;163.10;27.90
TOURNUS;OLIVET;;49.30;75.70;121.90;159.50;27.40
TOURNUS;ORLEANS CENTRE;;48.60;74.80;120.10;157.10;26.80
TOURNUS;ORLEANS NORD;;47.80;73.40;118.10;155.40;26.40
TOURNUS;PARIS LA FOLIE BESSIN;;56.40;85.80;140.20;184.00;31.60
TOURNUS;ROMORANTIN;;58.30;90.30;144.00;189.20;32.30
TOURNUS;SAINT AIGNAN SUR CHER;;61.00;94.70;150.60;198.80;33.90
TOURNUS;SAINT HILAIRE LES ANDRESIS;;23.80;37.40;58.20;79.60;14.20
TOURNUS;SALBRIS;;54.30;84.00;134.80;178.40;30.20
TOURNUS;SAVIGNY SUR CLAIRIS;;22.80;35.80;55.40;76.20;13.70
TOURNUS;SELLES SUR CHER;;60.10;93.10;148.00;194.90;33.30
TOURNUS;TOURS CENTRE MONNAIE;;61.50;93.80;149.10;197.10;34.50
TOURNUS;VEIGNE;;67.40;104.80;168.40;218.80;37.80
TOURNUS;VIERZON EST;;57.20;87.60;142.10;186.00;32.00
TOURNUS;VIERZON NORD;;56.60;87.20;141.50;185.60;31.40
TOURS CENTRE;CHAMBRAY;;0.90;0.90;1.80;1.80;0.90
TOURS CENTRE;JOUE LES TOURS;;0.90;0.90;1.80;1.80;0.90
TOURS CENTRE;MONTS SORIGNY;;2.00;2.70;4.40;5.00;1.40
TOURS CENTRE;NEUILLE PONT PIERRE;;1.70;3.10;4.50;5.00;1.30
TOURS CENTRE;TOURS NORD;;0.90;0.90;1.80;1.80;0.90
TOURS CENTRE CANDE;DRUYE CANDE;;2.10;3.40;5.80;7.50;1.40
TOURS CENTRE MONNAIE;ALLAINVILLE;;21.50;34.00;53.20;69.30;13.60
TOURS CENTRE MONNAIE;AMBERIEU EN BUGEY;;71.50;108.70;172.70;230.40;40.60
TOURS CENTRE MONNAIE;ARLAY;;65.60;100.50;161.40;213.60;36.90
TOURS CENTRE MONNAIE;ARTENAY;;16.80;26.70;40.90;53.70;10.60
TOURS CENTRE MONNAIE;AUXERRE NORD;;43.40;65.10;105.00;136.40;23.40
TOURS CENTRE MONNAIE;AUXERRE SUD;;43.40;65.10;105.00;136.40;23.40
TOURS CENTRE MONNAIE;AUXY;;26.20;38.40;61.10;80.10;14.20
TOURS CENTRE MONNAIE;AVALLON;;47.60;71.80;116.00;152.10;26.30
TOURS CENTRE MONNAIE;BALAN;;72.40;110.80;175.50;233.70;41.20
TOURS CENTRE MONNAIE;BARRIERE DE MONTREUIL AUX LIONS;;72.60;108.60;172.60;226.60;40.60
TOURS CENTRE MONNAIE;BAUME LES DAMES;;68.70;105.20;167.80;223.80;39.10
TOURS CENTRE MONNAIE;BEAUMONT;;72.90;110.00;175.40;229.90;40.30
TOURS CENTRE MONNAIE;BEAUNE NORD;;56.10;85.60;136.80;179.80;31.40
TOURS CENTRE MONNAIE;BEAUNE SUD;;57.40;87.10;139.40;183.90;32.00
TOURS CENTRE MONNAIE;BEAUPONT;;68.90;105.70;169.30;225.20;39.40
TOURS CENTRE MONNAIE;BEAUREPAIRE;;66.80;102.20;163.50;218.10;37.60
TOURS CENTRE MONNAIE;BELLEGARDE;;78.40;120.50;191.20;255.80;45.00
TOURS CENTRE MONNAIE;BELLEVILLE SUR SAONE;;66.90;102.10;162.10;215.70;37.60
TOURS CENTRE MONNAIE;BERSAILLIN;;65.40;99.00;159.90;211.90;36.80
TOURS CENTRE MONNAIE;BESANCON EST;;65.90;101.60;162.30;216.40;37.40
TOURS CENTRE MONNAIE;BESANCON NORD;;65.90;100.50;160.70;213.40;37.00
TOURS CENTRE MONNAIE;BESANCON OUEST;;65.90;99.90;160.20;212.30;36.90
TOURS CENTRE MONNAIE;BEYNOST;;74.90;114.90;181.70;242.70;43.20
TOURS CENTRE MONNAIE;BIERRE LES SEMUR;;49.70;74.70;120.60;158.40;27.50
TOURS CENTRE MONNAIE;BLERE;;28.50;47.10;74.20;93.10;18.00
TOURS CENTRE MONNAIE;BLOIS;;6.90;11.60;17.00;24.00;4.40
TOURS CENTRE MONNAIE;BOURG NORD;;67.10;102.60;162.30;216.40;38.00
TOURS CENTRE MONNAIE;BOURG SUD;;68.40;104.90;166.40;221.60;39.40
TOURS CENTRE MONNAIE;BOURGES;;26.10;42.40;63.00;84.70;15.40
TOURS CENTRE MONNAIE;BULGNEVILLE;;60.40;91.90;146.10;194.70;33.60
TOURS CENTRE MONNAIE;CHALON CENTRE;;59.80;91.30;144.40;191.30;33.30
TOURS CENTRE MONNAIE;CHALON NORD;;59.80;91.30;144.40;191.30;33.30
TOURS CENTRE MONNAIE;CHALON SUD;;59.80;91.30;144.40;191.30;33.30
TOURS CENTRE MONNAIE;CHALONS LA VEUVE;;58.90;88.60;143.70;186.80;32.70
TOURS CENTRE MONNAIE;CHARMONT;;50.80;76.80;123.40;162.30;28.00
TOURS CENTRE MONNAIE;CHATEAU RENAULT;;3.30;4.80;8.10;10.90;2.00
TOURS CENTRE MONNAIE;CHATEAU THIERRY;;67.80;101.60;162.40;214.70;37.80
TOURS CENTRE MONNAIE;CHATENOIS;;61.00;92.60;147.90;196.70;34.20
TOURS CENTRE MONNAIE;CHATILLON LABORDE;;46.70;70.40;112.90;147.80;25.80
TOURS CENTRE MONNAIE;CHAUMONT SEMOUTIERS;;53.40;80.70;129.80;171.30;29.50
TOURS CENTRE MONNAIE;CHOISEY;;62.20;94.20;151.30;200.60;34.70
TOURS CENTRE MONNAIE;CLERMONT;;44.90;70.80;109.80;150.20;26.40
TOURS CENTRE MONNAIE;CLERMONT EN ARGONNE;;62.20;95.30;152.30;199.60;35.20
TOURS CENTRE MONNAIE;COLOMBEY LES BELLES;;63.80;96.50;154.30;206.40;35.50
TOURS CENTRE MONNAIE;COMBRONDE;;40.20;63.50;96.80;132.20;23.50
TOURS CENTRE MONNAIE;COURTENAY;;38.90;58.20;94.10;121.40;20.90
TOURS CENTRE MONNAIE;CRIMOLOIS;;61.00;92.30;148.40;195.70;34.20
TOURS CENTRE MONNAIE;DEUX CHAISES;;36.60;58.70;89.30;121.60;21.70
TOURS CENTRE MONNAIE;DIJON SUD;;60.00;91.70;145.70;192.90;33.40
TOURS CENTRE MONNAIE;DIJON ARC SUR TILLE;;61.70;94.10;149.60;198.30;34.50
TOURS CENTRE MONNAIE;DOLE;;62.20;94.20;151.30;200.60;34.70
TOURS CENTRE MONNAIE;DORMANS;;65.00;98.00;156.70;206.00;36.50
TOURS CENTRE MONNAIE;EGLETONS;;54.70;86.00;127.90;176.50;32.30
TOURS CENTRE MONNAIE;ELOISE ANNECY;;79.80;123.00;194.60;260.80;46.00
TOURS CENTRE MONNAIE;EPERNAY;;62.50;93.50;150.50;196.80;34.30
TOURS CENTRE MONNAIE;ESCRENNES;;21.70;32.40;49.10;66.20;12.20
TOURS CENTRE MONNAIE;ESVRES;;29.70;48.80;76.80;98.10;18.90
TOURS CENTRE MONNAIE;FEILLENS;;64.50;98.60;157.40;209.50;36.70
TOURS CENTRE MONNAIE;FLEURY EN BIERE;;45.30;68.30;109.30;142.30;24.70
TOURS CENTRE MONNAIE;FONTAINEBLEAU;;42.60;63.90;103.10;132.90;23.10
TOURS CENTRE MONNAIE;FONTENAY SUR LOING;;30.00;45.60;75.10;96.20;16.40
TOURS CENTRE MONNAIE;FORET DE TRONCAIS;;32.50;52.30;77.80;105.00;19.20
TOURS CENTRE MONNAIE;FORGES;;44.30;66.10;106.30;138.90;23.70
TOURS CENTRE MONNAIE;FRESNES EN WOEVRE;;67.50;102.80;164.20;214.80;37.70
TOURS CENTRE MONNAIE;GANNAT;;39.90;63.40;96.00;131.50;23.40
TOURS CENTRE MONNAIE;GENDREY;;63.30;96.50;154.80;206.00;35.80
TOURS CENTRE MONNAIE;GERZAT;;41.80;66.40;100.40;135.80;24.60
TOURS CENTRE MONNAIE;GIDY;;14.90;22.30;33.60;44.80;8.90
TOURS CENTRE MONNAIE;GONDREVILLE LA FRANCHE NORD;;29.70;43.10;69.70;91.70;15.90
TOURS CENTRE MONNAIE;GONDREVILLE LA FRANCHE SUD;;34.20;49.90;80.40;105.90;18.70
TOURS CENTRE MONNAIE;GROISSIAT;;75.30;115.50;183.80;245.50;43.40
TOURS CENTRE MONNAIE;GYE;;66.10;99.80;158.60;211.80;36.80
TOURS CENTRE MONNAIE;JANVILLE ALLAINES;;17.90;28.40;44.10;58.30;11.30
TOURS CENTRE MONNAIE;JARNY;;68.80;105.70;167.00;216.80;38.80
TOURS CENTRE MONNAIE;JOIGNY;;40.60;60.60;97.60;126.50;21.90
TOURS CENTRE MONNAIE;L ISLE SUR LE DOUBS;;70.30;107.50;171.30;228.40;39.90
TOURS CENTRE MONNAIE;LA BOISSE;;76.40;117.20;185.90;248.50;44.00
TOURS CENTRE MONNAIE;LA BOISSE MONTLUEL;;74.00;112.90;176.80;235.60;42.40
TOURS CENTRE MONNAIE;LA COTIERE;;74.80;114.10;181.10;240.00;43.10
TOURS CENTRE MONNAIE;LA CROIX CHALON;;73.50;112.70;179.40;239.70;42.10
TOURS CENTRE MONNAIE;LAMOTTE BEUVRON;;18.20;28.50;45.00;58.70;10.80
TOURS CENTRE MONNAIE;LANGRES NORD;;55.50;83.50;132.60;176.30;30.70
TOURS CENTRE MONNAIE;LANGRES SUD;;56.30;84.90;135.40;179.20;31.40
TOURS CENTRE MONNAIE;LE MIROIR;;67.90;103.70;166.00;220.40;38.50
TOURS CENTRE MONNAIE;LES EPRUNES;;47.80;72.70;116.80;153.70;26.70
TOURS CENTRE MONNAIE;MACON NORD;;64.40;98.20;155.40;206.60;36.30
TOURS CENTRE MONNAIE;MACON SUD;;65.30;99.70;157.90;209.80;36.80
TOURS CENTRE MONNAIE;MAGNANT;;49.90;75.20;120.50;159.10;27.50
TOURS CENTRE MONNAIE;MANZAT;;41.80;66.80;100.50;136.50;24.70
TOURS CENTRE MONNAIE;MAROLLES SUR SEINE;;44.30;66.10;106.30;138.90;23.70
TOURS CENTRE MONNAIE;MER;;9.40;15.20;24.20;29.40;5.50
TOURS CENTRE MONNAIE;MEUNG;;10.70;15.90;26.50;32.60;6.80
TOURS CENTRE MONNAIE;MONT CHOISY;;56.40;85.70;138.70;181.50;31.60
TOURS CENTRE MONNAIE;MONTIGNY LE ROI;;57.20;86.00;137.90;183.20;31.80
TOURS CENTRE MONNAIE;MONTLUCON;;34.90;55.90;83.70;114.20;20.50
TOURS CENTRE MONNAIE;MONTMARAULT;;36.20;58.00;87.90;120.30;21.30
TOURS CENTRE MONNAIE;MONTREUIL AUX LIONS;;70.40;105.10;167.20;218.20;39.10
TOURS CENTRE MONNAIE;NEMOURS;;42.60;63.90;103.10;132.90;23.10
TOURS CENTRE MONNAIE;NITRY;;45.70;68.70;110.40;144.90;24.90
TOURS CENTRE MONNAIE;NUITS SAINT GEORGES;;58.30;88.70;142.10;187.80;32.50
TOURS CENTRE MONNAIE;OLIVET;;15.50;23.20;34.50;47.20;9.10
TOURS CENTRE MONNAIE;ORLEANS CENTRE;;13.40;20.00;32.40;41.10;8.10
TOURS CENTRE MONNAIE;ORLEANS NORD;;14.30;21.70;32.60;43.70;8.70
TOURS CENTRE MONNAIE;ORMES;;64.00;95.60;153.60;200.90;35.10
TOURS CENTRE MONNAIE;PARIS LA FOLIE BESSIN;;26.00;40.10;66.80;82.60;16.20
TOURS CENTRE MONNAIE;PEROUGES;;72.40;110.80;175.50;233.70;41.20
TOURS CENTRE MONNAIE;PONT D AIN;;69.80;107.30;171.20;227.40;40.00
TOURS CENTRE MONNAIE;POUILLY EN AUXOIS;;53.50;80.90;129.40;171.60;29.40
TOURS CENTRE MONNAIE;REIMS TAISSY;;62.70;94.00;151.90;198.50;34.60
TOURS CENTRE MONNAIE;REIMS TINQUEUX;;64.40;96.40;154.20;202.90;35.50
TOURS CENTRE MONNAIE;REPLONGES;;64.50;98.60;157.40;209.50;36.70
TOURS CENTRE MONNAIE;RIOM;;41.60;66.20;99.80;135.60;24.40
TOURS CENTRE MONNAIE;ROBECOURT;;58.90;89.60;142.70;189.80;32.90
TOURS CENTRE MONNAIE;ROMORANTIN;;23.00;38.00;53.70;74.70;14.50
TOURS CENTRE MONNAIE;SAINT AIGNAN SUR CHER;;25.70;42.20;62.00;88.00;16.20
TOURS CENTRE MONNAIE;SAINT AMAND;;29.90;48.30;72.00;96.60;17.60
TOURS CENTRE MONNAIE;SAINT DENIS LES SENS;;41.30;62.00;99.50;128.60;22.30
TOURS CENTRE MONNAIE;SAINT ETIENNE AU TEMPLE;;58.30;88.90;144.10;189.40;32.80
TOURS CENTRE MONNAIE;SAINT GENIS;;69.00;105.30;165.70;219.90;39.00
TOURS CENTRE MONNAIE;SAINT GERMAIN LAXIS;;46.70;70.40;112.90;147.80;25.80
TOURS CENTRE MONNAIE;SAINT GIBRIEN;;57.50;87.00;140.40;184.30;32.10
TOURS CENTRE MONNAIE;SAINT HILAIRE LES ANDRESIS;;34.80;52.00;83.50;106.90;18.80
TOURS CENTRE MONNAIE;SAINT MARTIN DU FRESNE;;73.20;112.60;177.90;237.90;42.10
TOURS CENTRE MONNAIE;SAINT MAURICE;;75.00;114.80;183.80;246.20;43.20
TOURS CENTRE MONNAIE;SAINT THIBAULT;;47.20;71.20;115.00;151.10;26.20
TOURS CENTRE MONNAIE;SAINTE MENEHOULD;;60.60;92.70;150.10;197.20;34.30
TOURS CENTRE MONNAIE;SALBRIS;;19.30;31.60;47.60;64.00;12.20
TOURS CENTRE MONNAIE;SAVIGNY SUR CLAIRIS;;35.40;52.20;84.30;109.80;19.10
TOURS CENTRE MONNAIE;SELLES SUR CHER;;25.00;40.70;58.90;81.70;15.50
TOURS CENTRE MONNAIE;SEURRE;;59.50;90.90;144.30;191.50;33.20
TOURS CENTRE MONNAIE;SOIRANS;;60.90;92.20;149.30;196.80;34.50
TOURS CENTRE MONNAIE;SOMMESOUS;;54.10;82.20;132.70;174.20;30.10
TOURS CENTRE MONNAIE;ST GERMAIN LES VERGNES;;60.00;94.50;139.50;191.80;35.60
TOURS CENTRE MONNAIE;ST JULIEN SANCY;;46.80;74.50;111.80;151.80;27.80
TOURS CENTRE MONNAIE;SYLANS;;73.90;113.60;179.50;240.10;42.50
TOURS CENTRE MONNAIE;THENNELIERES;;48.60;73.50;116.70;153.20;27.10
TOURS CENTRE MONNAIE;TIL CHATEL;;58.80;88.40;142.50;189.50;32.70
TOURS CENTRE MONNAIE;TORVILLIERS;;46.70;70.40;113.20;148.10;25.80
TOURS CENTRE MONNAIE;TOURNUS;;61.50;93.80;149.10;197.10;34.50
TOURS CENTRE MONNAIE;TULLE EST;;57.60;90.60;134.70;183.00;33.90
TOURS CENTRE MONNAIE;TULLE NORD;;58.30;91.90;135.50;188.10;34.20
TOURS CENTRE MONNAIE;URY;;43.40;65.00;104.40;135.10;23.60
TOURS CENTRE MONNAIE;USSEL EST;;49.60;79.10;118.50;161.70;29.20
TOURS CENTRE MONNAIE;USSEL OUEST;;51.70;81.10;122.10;167.20;30.50
TOURS CENTRE MONNAIE;VAL DE SAONE;;71.80;108.00;173.30;231.00;40.30
TOURS CENTRE MONNAIE;VALLEE DE L AUBE;;52.00;78.90;126.60;166.50;28.80
TOURS CENTRE MONNAIE;VATRY;;54.90;82.90;132.80;175.60;30.30
TOURS CENTRE MONNAIE;VEIGNE;;31.10;52.50;80.50;103.30;19.40
TOURS CENTRE MONNAIE;VERDUN;;67.50;102.80;164.20;214.80;37.70
TOURS CENTRE MONNAIE;VIERZON EST;;22.60;35.70;56.70;72.40;14.20
TOURS CENTRE MONNAIE;VIERZON NORD;;22.50;35.20;56.10;71.70;13.60
TOURS CENTRE MONNAIE;VILLE SOUS LA FERTE;;51.50;78.00;125.70;165.40;28.40
TOURS CENTRE MONNAIE;VILLEFRANCHE NORD;;67.90;103.00;165.40;219.80;38.60
TOURS CENTRE MONNAIE;VILLEFRANCHE LIMAS;;72.10;109.70;173.90;231.80;40.60
TOURS CENTRE MONNAIE;VILLEFRANCHE VILLE;;68.50;104.60;166.20;220.90;38.90
TOURS CENTRE MONNAIE;VILLENEUVE DONDAGRE;;40.00;60.00;96.60;125.00;21.60
TOURS CENTRE MONNAIE;VIRIAT;;67.20;102.70;162.90;217.40;38.70
TOURS CENTRE MONNAIE;VIRY;;84.20;130.50;206.30;276.00;48.90
TOURS CENTRE MONNAIE;VOIE SACREE;;64.70;98.80;156.10;205.80;36.30
TOURS CENTRE MONNAIE;VULAINES;;44.60;66.10;106.30;138.80;23.80
TOURS CENTRE MONNAIE;VULCANIA BROMONT;;44.20;70.20;105.90;144.10;26.10
TOURS CENTRE SAINT CHRISTOPHE;ABLIS;;25.70;42.30;70.00;87.90;16.00
TOURS CENTRE SAINT CHRISTOPHE;ALENCON NORD;;14.80;23.10;35.90;48.00;9.40
TOURS CENTRE SAINT CHRISTOPHE;ALENCON SUD;;14.40;21.90;35.40;41.50;9.10
TOURS CENTRE SAINT CHRISTOPHE;PEAGE DE CORZE;;21.40;33.30;52.30;66.10;12.80
TOURS CENTRE SAINT CHRISTOPHE;ARGENTAN;;26.00;43.10;66.30;87.80;16.00
TOURS CENTRE SAINT CHRISTOPHE;AUVOURS LE MANS ZI SUD;;8.90;14.10;24.40;31.30;5.50
TOURS CENTRE SAINT CHRISTOPHE;BEAUFORT EN VALLEE;;20.70;33.10;49.80;64.70;12.70
TOURS CENTRE SAINT CHRISTOPHE;BEAUMONT SUR SARTHE;;11.70;19.20;30.40;37.90;7.40
TOURS CENTRE SAINT CHRISTOPHE;BERNAY;;35.30;56.70;87.10;117.90;22.00
TOURS CENTRE SAINT CHRISTOPHE;BOURGUEIL;;25.30;39.10;60.70;78.50;15.50
TOURS CENTRE SAINT CHRISTOPHE;BRIONNE;;40.90;66.00;97.50;130.80;25.70
TOURS CENTRE SAINT CHRISTOPHE;BROU;;17.00;26.80;46.00;55.30;10.00
TOURS CENTRE SAINT CHRISTOPHE;CHARTRES EST;;22.80;37.20;61.50;77.70;13.80
TOURS CENTRE SAINT CHRISTOPHE;CHARTRES THIVARS;;21.70;34.50;55.40;69.20;13.30
TOURS CENTRE SAINT CHRISTOPHE;CHATEAU DU LOIR MONTABON;;4.40;7.60;12.40;15.90;2.80
TOURS CENTRE SAINT CHRISTOPHE;CONNERRE;;12.30;18.60;32.00;41.70;7.80
TOURS CENTRE SAINT CHRISTOPHE;DURTAL;;16.30;25.80;41.50;53.20;9.90
TOURS CENTRE SAINT CHRISTOPHE;ECOMMOY;;6.50;10.60;18.70;22.40;4.20
TOURS CENTRE SAINT CHRISTOPHE;EVRON;;17.40;28.30;45.30;54.90;10.50
TOURS CENTRE SAINT CHRISTOPHE;GACE;;25.90;41.80;63.10;84.10;16.40
TOURS CENTRE SAINT CHRISTOPHE;ILLIERS COMBRAY;;20.10;31.20;53.60;68.80;11.30
TOURS CENTRE SAINT CHRISTOPHE;LA FERTE BERNARD;;13.50;23.20;37.00;46.70;8.60
TOURS CENTRE SAINT CHRISTOPHE;LAVAL EST;;19.50;31.30;49.90;60.80;11.80
TOURS CENTRE SAINT CHRISTOPHE;LAVAL OUEST;;19.60;31.60;52.20;66.20;12.40
TOURS CENTRE SAINT CHRISTOPHE;LE MANS CENTRE UNIVERSITE;;11.20;17.90;29.50;38.00;6.90
TOURS CENTRE SAINT CHRISTOPHE;LE MANS SUD;;12.20;19.60;32.00;41.50;7.50
TOURS CENTRE SAINT CHRISTOPHE;LE MANS ZI NORD;;10.60;17.50;27.70;37.80;6.80
TOURS CENTRE SAINT CHRISTOPHE;LONGUE JUMELLES;;21.70;34.20;52.50;67.60;13.30
TOURS CENTRE SAINT CHRISTOPHE;ORBEC;;30.90;50.10;75.80;101.40;19.50
TOURS CENTRE SAINT CHRISTOPHE;PARIGNE L EVEQUE;;8.50;13.20;21.70;29.50;5.40
TOURS CENTRE SAINT CHRISTOPHE;PARIS LA FOLIE BESSIN;;29.90;49.10;78.80;97.80;19.00
TOURS CENTRE SAINT CHRISTOPHE;RESTIGNE;;29.30;45.20;68.50;89.90;17.80
TOURS CENTRE SAINT CHRISTOPHE;ROUMOIS;;50.30;80.50;117.30;159.70;30.20
TOURS CENTRE SAINT CHRISTOPHE;SABLE LA FLECHE;;15.30;23.90;38.50;50.40;9.10
TOURS CENTRE SAINT CHRISTOPHE;SAUMUR VIVY;;23.10;36.70;57.10;73.30;14.30
TOURS CENTRE SAINT CHRISTOPHE;SEES;;21.90;35.40;54.40;72.30;13.70
TOURS CENTRE SAINT CHRISTOPHE;SEICHES;;19.00;29.60;46.10;59.50;11.30
TOURS CENTRE SAINT CHRISTOPHE;SILLE LE GUILLAUME MAMERS;;12.80;19.30;33.20;38.00;8.00
TOURS CENTRE SAINT CHRISTOPHE;SILLE LE GUILLAUME SABLE;;14.00;23.30;37.20;48.40;8.50
TOURS CENTRE SAINT CHRISTOPHE;VITRE LA GRAVELLE;;19.70;33.20;52.70;68.00;13.00
TOURS CENTRE SORIGNY;AIGREFEUILLE;;32.20;48.50;73.60;98.10;20.00
TOURS CENTRE SORIGNY;BEAULIEU;;36.90;55.70;84.10;112.20;22.30
TOURS CENTRE SORIGNY;CHANTONNAY;;29.70;44.60;66.60;89.90;17.70
TOURS CENTRE SORIGNY;CHATELLERAULT NORD;;8.40;12.70;21.20;29.20;5.50
TOURS CENTRE SORIGNY;CHATELLERAULT SUD;;9.20;14.80;24.20;31.40;6.00
TOURS CENTRE SORIGNY;CHEMILLE;;33.50;50.90;77.50;103.20;20.30
TOURS CENTRE SORIGNY;CHOLET NORD;;32.00;49.00;74.10;98.00;19.70
TOURS CENTRE SORIGNY;CHOLET SUD;;31.80;48.80;72.40;96.90;19.50
TOURS CENTRE SORIGNY;FONTENAY LE COMTE;;25.30;38.50;57.10;79.50;15.40
TOURS CENTRE SORIGNY;FONTENAY OUEST;;25.90;38.60;58.70;79.70;15.50
TOURS CENTRE SORIGNY;FUTUROSCOPE;;11.60;18.00;28.00;37.20;7.30
TOURS CENTRE SORIGNY;LA ROCHE SUR YON;;30.90;46.20;69.10;94.30;19.10
TOURS CENTRE SORIGNY;LA ROCHELLE NIORT SUD;;23.00;33.90;50.70;68.90;13.70
TOURS CENTRE SORIGNY;LA VERRIE;;31.60;48.60;72.20;96.70;19.30
TOURS CENTRE SORIGNY;LE BIGNON;;32.40;48.70;73.80;98.30;20.20
TOURS CENTRE SORIGNY;LES ESSARTS;;30.60;45.70;68.80;93.70;18.80
TOURS CENTRE SORIGNY;LES HERBIERS;;31.40;48.40;72.00;96.50;19.10
TOURS CENTRE SORIGNY;MIRAMBEAU;;32.60;50.90;74.90;100.60;20.10
TOURS CENTRE SORIGNY;MONTAIGU;;32.00;48.30;73.40;97.90;19.80
TOURS CENTRE SORIGNY;NIORT EST;;20.50;30.90;48.80;65.40;12.60
TOURS CENTRE SORIGNY;NIORT NORD;;21.50;32.40;50.30;67.40;13.30
TOURS CENTRE SORIGNY;NIORT OUEST;;23.80;34.40;53.90;71.90;14.50
TOURS CENTRE SORIGNY;POITIERS NORD;;12.50;20.20;32.40;41.40;7.90
TOURS CENTRE SORIGNY;POITIERS SUD;;14.90;22.00;35.30;47.30;9.10
TOURS CENTRE SORIGNY;PONS;;30.70;47.10;68.60;94.30;18.60
TOURS CENTRE SORIGNY;SAINT AUBIN DE BLAYE;;34.30;52.40;78.00;103.80;21.10
TOURS CENTRE SORIGNY;SAINT JEAN D ANGELY;;25.80;38.70;57.90;76.40;15.80
TOURS CENTRE SORIGNY;SAINT MAIXENT LUSIGNAN;;18.10;26.80;42.10;56.30;10.80
TOURS CENTRE SORIGNY;SAINTE MAURE;;4.30;6.80;10.40;13.80;2.60
TOURS CENTRE SORIGNY;SAINTES;;29.20;43.60;65.80;86.40;17.60
TOURS CENTRE SORIGNY;STE HERMINE;;27.40;40.90;62.90;81.70;17.30
TOURS CENTRE SORIGNY;VIRSAC;;34.90;53.50;79.30;105.00;21.50
TOURS CENTRE SORIGNY;VOUILLE;;20.80;31.40;48.60;64.40;12.40
TOURS NORD;TOURS CENTRE;;0.90;0.90;1.80;1.80;0.90
TULLE EST;ALLAINVILLE;;54.10;83.70;125.60;169.80;31.70
TULLE EST;ARTENAY;;47.60;74.70;112.30;151.70;28.50
TULLE EST;AUXY;;57.00;86.60;135.00;179.60;32.30
TULLE EST;BLERE;;45.50;70.90;106.90;144.00;27.10
TULLE EST;BLOIS;;51.00;78.50;120.60;158.60;30.40
TULLE EST;BOURGES;;31.50;48.20;71.70;98.30;18.50
TULLE EST;CHATEAU RENAULT;;52.70;82.80;125.20;169.80;31.70
TULLE EST;ESCRENNES;;52.50;80.60;123.00;165.70;30.30
TULLE EST;ESVRES;;47.90;74.70;113.00;149.30;28.30
TULLE EST;FONTENAY SUR LOING;;60.80;93.80;149.00;195.70;34.50
TULLE EST;GIDY;;45.70;70.50;107.50;144.30;27.00
TULLE EST;GONDREVILLE LA FRANCHE NORD;;60.50;91.30;143.60;191.20;34.00
TULLE EST;GONDREVILLE LA FRANCHE SUD;;65.00;98.10;154.30;205.40;36.80
TULLE EST;JANVILLE ALLAINES;;49.90;77.90;117.10;157.60;29.80
TULLE EST;LAMOTTE BEUVRON;;38.90;60.00;91.70;121.80;22.60
TULLE EST;MER;;49.10;76.30;115.20;155.40;28.70
TULLE EST;MEUNG;;46.70;73.00;108.60;148.50;27.70
TULLE EST;OLIVET;;43.60;66.70;100.70;135.50;25.40
TULLE EST;ORLEANS CENTRE;;43.80;68.20;105.00;137.30;25.70
TULLE EST;ORLEANS NORD;;45.50;69.90;106.10;142.80;26.70
TULLE EST;PARIS LA FOLIE BESSIN;;56.10;87.80;136.10;180.80;34.20
TULLE EST;ROMORANTIN;;38.20;59.60;89.40;120.40;22.90
TULLE EST;SAINT AIGNAN SUR CHER;;42.00;65.20;98.80;134.40;24.60
TULLE EST;SAINT HILAIRE LES ANDRESIS;;65.60;100.20;157.40;206.40;36.90
TULLE EST;SALBRIS;;36.80;57.20;86.20;114.70;22.00
TULLE EST;SAVIGNY SUR CLAIRIS;;66.20;100.40;158.20;209.30;37.20
TULLE EST;SELLES SUR CHER;;40.20;62.30;92.80;127.20;24.00
TULLE EST;TOURS CENTRE MONNAIE;;57.60;90.60;134.70;183.00;33.90
TULLE EST;VEIGNE;;48.20;76.20;116.40;155.00;29.50
TULLE EST;VIERZON EST;;34.50;53.40;78.80;107.50;20.80
TULLE EST;VIERZON NORD;;34.70;53.60;81.10;109.40;20.90
TULLE NORD;ALLAINVILLE;;54.80;85.00;126.40;174.90;32.00
TULLE NORD;ARTENAY;;48.30;76.00;113.10;156.80;28.80
TULLE NORD;AUXY;;57.70;87.90;135.80;184.70;32.60
TULLE NORD;BLERE;;46.20;72.20;107.70;149.10;27.40
TULLE NORD;BLOIS;;51.70;79.80;121.40;163.70;30.70
TULLE NORD;BOURGES;;32.20;49.50;72.50;103.40;18.80
TULLE NORD;CHATEAU RENAULT;;53.40;84.10;126.00;174.90;32.00
TULLE NORD;ESCRENNES;;53.20;81.90;123.80;170.80;30.60
TULLE NORD;ESVRES;;48.60;76.00;113.80;154.40;28.60
TULLE NORD;FONTENAY SUR LOING;;61.50;95.10;149.80;200.80;34.80
TULLE NORD;GIDY;;46.40;71.80;108.30;149.40;27.30
TULLE NORD;GONDREVILLE LA FRANCHE NORD;;61.20;92.60;144.40;196.30;34.30
TULLE NORD;GONDREVILLE LA FRANCHE SUD;;65.70;99.40;155.10;210.50;37.10
TULLE NORD;JANVILLE ALLAINES;;50.60;79.20;117.90;162.70;30.10
TULLE NORD;LAMOTTE BEUVRON;;39.60;61.30;92.50;126.90;22.90
TULLE NORD;MER;;49.80;77.60;116.00;160.50;29.00
TULLE NORD;MEUNG;;47.40;74.30;109.40;153.60;28.00
TULLE NORD;OLIVET;;44.30;68.00;101.50;140.60;25.70
TULLE NORD;ORLEANS CENTRE;;44.50;69.50;105.80;142.40;26.00
TULLE NORD;ORLEANS NORD;;46.20;71.20;106.90;147.90;27.00
TULLE NORD;PARIS LA FOLIE BESSIN;;56.80;89.10;136.90;185.90;34.50
TULLE NORD;ROMORANTIN;;38.90;60.90;90.20;125.50;23.20
TULLE NORD;SAINT AIGNAN SUR CHER;;42.70;66.50;99.60;139.50;24.90
TULLE NORD;SAINT HILAIRE LES ANDRESIS;;66.30;101.50;158.20;211.50;37.20
TULLE NORD;SALBRIS;;37.50;58.50;87.00;119.80;22.30
TULLE NORD;SAVIGNY SUR CLAIRIS;;66.90;101.70;159.00;214.40;37.50
TULLE NORD;SELLES SUR CHER;;40.90;63.60;93.60;132.30;24.30
TULLE NORD;TOURS CENTRE MONNAIE;;58.30;91.90;135.50;188.10;34.20
TULLE NORD;VEIGNE;;48.90;77.50;117.20;160.10;29.80
TULLE NORD;VIERZON EST;;35.20;54.70;79.60;112.60;21.10
TULLE NORD;VIERZON NORD;;35.40;54.90;81.90;114.50;21.20
URY;ALLAINVILLE;;33.10;50.70;84.20;105.90;17.50
URY;ARTENAY;;29.00;43.50;72.20;92.00;15.00
URY;AUXY;;14.40;22.20;36.80;45.50;7.90
URY;BLERE;;45.80;70.30;114.00;144.50;25.20
URY;BLOIS;;35.90;54.40;89.30;113.60;19.10
URY;BOURGES;;42.70;65.00;106.60;136.30;23.20
URY;CHATEAU RENAULT;;38.80;58.50;94.90;122.30;21.10
URY;ESCRENNES;;18.90;28.90;49.30;60.90;10.30
URY;ESVRES;;47.10;72.50;117.80;148.70;25.70
URY;FONTENAY SUR LOING;;10.70;15.20;24.10;30.70;5.70
URY;GIDY;;29.50;44.30;73.10;93.10;15.20
URY;GONDREVILLE LA FRANCHE NORD;;12.50;18.40;28.30;34.90;6.20
URY;GONDREVILLE LA FRANCHE SUD;;17.00;25.20;39.00;49.10;9.00
URY;JANVILLE ALLAINES;;30.10;45.40;74.70;95.40;15.80
URY;LAMOTTE BEUVRON;;34.60;52.20;85.70;109.50;18.50
URY;MER;;34.50;51.20;84.00;107.00;18.30
URY;MEUNG;;32.40;48.60;78.70;101.10;17.00
URY;OLIVET;;31.20;46.90;77.20;97.50;16.50
URY;ORLEANS CENTRE;;30.50;46.00;75.40;95.10;15.90
URY;ORLEANS NORD;;29.70;44.60;73.40;93.40;15.50
URY;PARIS LA FOLIE BESSIN;;38.30;57.00;95.50;122.00;20.70
URY;ROMORANTIN;;40.20;61.50;99.30;127.20;21.40
URY;SAINT AIGNAN SUR CHER;;42.90;65.90;105.90;136.80;23.00
URY;SAINT HILAIRE LES ANDRESIS;;5.70;8.60;13.50;17.60;3.30
URY;SALBRIS;;36.20;55.20;90.10;116.40;19.30
URY;SAVIGNY SUR CLAIRIS;;4.70;7.00;10.70;14.20;2.80
URY;SELLES SUR CHER;;42.00;64.30;103.30;132.90;22.40
URY;TOURS CENTRE MONNAIE;;43.40;65.00;104.40;135.10;23.60
URY;VEIGNE;;49.30;76.00;123.70;156.80;26.90
URY;VIERZON EST;;39.10;58.80;97.40;124.00;21.10
URY;VIERZON NORD;;38.50;58.40;96.80;123.60;20.50
USSEL EST;ALLAINVILLE;;46.10;72.20;109.40;148.50;27.00
USSEL EST;ARTENAY;;39.60;63.20;96.10;130.40;23.80
USSEL EST;AUXY;;49.00;75.10;118.80;158.30;27.60
USSEL EST;BLERE;;37.50;59.40;90.70;122.70;22.40
USSEL EST;BLOIS;;43.00;67.00;104.40;137.30;25.70
USSEL EST;BOURGES;;23.50;36.70;55.50;77.00;13.80
USSEL EST;CHATEAU RENAULT;;44.70;71.30;109.00;148.50;27.00
USSEL EST;ESCRENNES;;44.50;69.10;106.80;144.40;25.60
USSEL EST;ESVRES;;39.90;63.20;96.80;128.00;23.60
USSEL EST;FONTENAY SUR LOING;;52.80;82.30;132.80;174.40;29.80
USSEL EST;GIDY;;37.70;59.00;91.30;123.00;22.30
USSEL EST;GONDREVILLE LA FRANCHE NORD;;52.50;79.80;127.40;169.90;29.30
USSEL EST;GONDREVILLE LA FRANCHE SUD;;57.00;86.60;138.10;184.10;32.10
USSEL EST;JANVILLE ALLAINES;;41.90;66.40;100.90;136.30;25.10
USSEL EST;LAMOTTE BEUVRON;;30.90;48.50;75.50;100.50;17.90
USSEL EST;MER;;41.10;64.80;99.00;134.10;24.00
USSEL EST;MEUNG;;38.70;61.50;92.40;127.20;23.00
USSEL EST;OLIVET;;35.60;55.20;84.50;114.20;20.70
USSEL EST;ORLEANS CENTRE;;35.80;56.70;88.80;116.00;21.00
USSEL EST;ORLEANS NORD;;37.50;58.40;89.90;121.50;22.00
USSEL EST;PARIS LA FOLIE BESSIN;;48.10;76.30;119.90;159.50;29.50
USSEL EST;ROMORANTIN;;30.20;48.10;73.20;99.10;18.20
USSEL EST;SAINT AIGNAN SUR CHER;;34.00;53.70;82.60;113.10;19.90
USSEL EST;SAINT HILAIRE LES ANDRESIS;;57.60;88.70;141.20;185.10;32.20
USSEL EST;SALBRIS;;28.80;45.70;70.00;93.40;17.30
USSEL EST;SAVIGNY SUR CLAIRIS;;58.20;88.90;142.00;188.00;32.50
USSEL EST;SELLES SUR CHER;;32.20;50.80;76.60;105.90;19.30
USSEL EST;TOURS CENTRE MONNAIE;;49.60;79.10;118.50;161.70;29.20
USSEL EST;VEIGNE;;40.20;64.70;100.20;133.70;24.80
USSEL EST;VIERZON EST;;26.50;41.90;62.60;86.20;16.10
USSEL EST;VIERZON NORD;;26.70;42.10;64.90;88.10;16.20
USSEL OUEST;ALLAINVILLE;;48.20;74.20;113.00;154.00;28.30
USSEL OUEST;ARTENAY;;41.70;65.20;99.70;135.90;25.10
USSEL OUEST;AUXY;;51.10;77.10;122.40;163.80;28.90
USSEL OUEST;BLERE;;39.60;61.40;94.30;128.20;23.70
USSEL OUEST;BLOIS;;45.10;69.00;108.00;142.80;27.00
USSEL OUEST;BOURGES;;25.60;38.70;59.10;82.50;15.10
USSEL OUEST;CHATEAU RENAULT;;46.80;73.30;112.60;154.00;28.30
USSEL OUEST;ESCRENNES;;46.60;71.10;110.40;149.90;26.90
USSEL OUEST;ESVRES;;42.00;65.20;100.40;133.50;24.90
USSEL OUEST;FONTENAY SUR LOING;;54.90;84.30;136.40;179.90;31.10
USSEL OUEST;GIDY;;39.80;61.00;94.90;128.50;23.60
USSEL OUEST;GONDREVILLE LA FRANCHE NORD;;54.60;81.80;131.00;175.40;30.60
USSEL OUEST;GONDREVILLE LA FRANCHE SUD;;59.10;88.60;141.70;189.60;33.40
USSEL OUEST;JANVILLE ALLAINES;;44.00;68.40;104.50;141.80;26.40
USSEL OUEST;LAMOTTE BEUVRON;;33.00;50.50;79.10;106.00;19.20
USSEL OUEST;MER;;43.20;66.80;102.60;139.60;25.30
USSEL OUEST;MEUNG;;40.80;63.50;96.00;132.70;24.30
USSEL OUEST;OLIVET;;37.70;57.20;88.10;119.70;22.00
USSEL OUEST;ORLEANS CENTRE;;37.90;58.70;92.40;121.50;22.30
USSEL OUEST;ORLEANS NORD;;39.60;60.40;93.50;127.00;23.30
USSEL OUEST;PARIS LA FOLIE BESSIN;;50.20;78.30;123.50;165.00;30.80
USSEL OUEST;ROMORANTIN;;32.30;50.10;76.80;104.60;19.50
USSEL OUEST;SAINT AIGNAN SUR CHER;;36.10;55.70;86.20;118.60;21.20
USSEL OUEST;SAINT HILAIRE LES ANDRESIS;;59.70;90.70;144.80;190.60;33.50
USSEL OUEST;SALBRIS;;30.90;47.70;73.60;98.90;18.60
USSEL OUEST;SAVIGNY SUR CLAIRIS;;60.30;90.90;145.60;193.50;33.80
USSEL OUEST;SELLES SUR CHER;;34.30;52.80;80.20;111.40;20.60
USSEL OUEST;TOURS CENTRE MONNAIE;;51.70;81.10;122.10;167.20;30.50
USSEL OUEST;VEIGNE;;42.30;66.70;103.80;139.20;26.10
USSEL OUEST;VIERZON EST;;28.60;43.90;66.20;91.70;17.40
USSEL OUEST;VIERZON NORD;;28.80;44.10;68.50;93.60;17.50
VAL DE SAONE;ALLAINVILLE;;61.50;93.70;153.10;201.80;34.20
VAL DE SAONE;ARTENAY;;57.40;86.50;141.10;187.90;31.70
VAL DE SAONE;AUXY;;42.80;65.20;105.70;141.40;24.60
VAL DE SAONE;BLERE;;74.20;113.30;182.90;240.40;41.90
VAL DE SAONE;BLOIS;;64.30;97.40;158.20;209.50;35.80
VAL DE SAONE;BOURGES;;71.10;108.00;175.50;232.20;39.90
VAL DE SAONE;CHATEAU RENAULT;;67.20;101.50;163.80;218.20;37.80
VAL DE SAONE;ESCRENNES;;47.30;71.90;118.20;156.80;27.00
VAL DE SAONE;ESVRES;;75.50;115.50;186.70;244.60;42.40
VAL DE SAONE;FONTENAY SUR LOING;;39.10;58.20;93.00;126.60;22.40
VAL DE SAONE;GIDY;;57.90;87.30;142.00;189.00;31.90
VAL DE SAONE;GONDREVILLE LA FRANCHE NORD;;40.90;61.40;97.20;130.80;22.90
VAL DE SAONE;GONDREVILLE LA FRANCHE SUD;;45.40;68.20;107.90;145.00;25.70
VAL DE SAONE;JANVILLE ALLAINES;;58.50;88.40;143.60;191.30;32.50
VAL DE SAONE;LAMOTTE BEUVRON;;63.00;95.20;154.60;205.40;35.20
VAL DE SAONE;MER;;62.90;94.20;152.90;202.90;35.00
VAL DE SAONE;MEUNG;;60.80;91.60;147.60;197.00;33.70
VAL DE SAONE;OLIVET;;59.60;89.90;146.10;193.40;33.20
VAL DE SAONE;ORLEANS CENTRE;;58.90;89.00;144.30;191.00;32.60
VAL DE SAONE;ORLEANS NORD;;58.10;87.60;142.30;189.30;32.20
VAL DE SAONE;PARIS LA FOLIE BESSIN;;66.70;100.00;164.40;217.90;37.40
VAL DE SAONE;ROMORANTIN;;68.60;104.50;168.20;223.10;38.10
VAL DE SAONE;SAINT AIGNAN SUR CHER;;71.30;108.90;174.80;232.70;39.70
VAL DE SAONE;SAINT HILAIRE LES ANDRESIS;;34.10;51.60;82.40;113.50;20.00
VAL DE SAONE;SALBRIS;;64.60;98.20;159.00;212.30;36.00
VAL DE SAONE;SAVIGNY SUR CLAIRIS;;33.10;50.00;79.60;110.10;19.50
VAL DE SAONE;SELLES SUR CHER;;70.40;107.30;172.20;228.80;39.10
VAL DE SAONE;TOURS CENTRE MONNAIE;;71.80;108.00;173.30;231.00;40.30
VAL DE SAONE;VEIGNE;;77.70;119.00;192.60;252.70;43.60
VAL DE SAONE;VIERZON EST;;67.50;101.80;166.30;219.90;37.80
VAL DE SAONE;VIERZON NORD;;66.90;101.40;165.70;219.50;37.20
VALLEE DE L AUBE;ALLAINVILLE;;41.70;64.60;106.40;137.30;22.70
VALLEE DE L AUBE;ARTENAY;;37.60;57.40;94.40;123.40;20.20
VALLEE DE L AUBE;AUXY;;23.00;36.10;59.00;76.90;13.10
VALLEE DE L AUBE;BLERE;;54.40;84.20;136.20;175.90;30.40
VALLEE DE L AUBE;BLOIS;;44.50;68.30;111.50;145.00;24.30
VALLEE DE L AUBE;BOURGES;;51.30;78.90;128.80;167.70;28.40
VALLEE DE L AUBE;CHATEAU RENAULT;;47.40;72.40;117.10;153.70;26.30
VALLEE DE L AUBE;ESCRENNES;;27.50;42.80;71.50;92.30;15.50
VALLEE DE L AUBE;ESVRES;;55.70;86.40;140.00;180.10;30.90
VALLEE DE L AUBE;FONTENAY SUR LOING;;19.30;29.10;46.30;62.10;10.90
VALLEE DE L AUBE;GIDY;;38.10;58.20;95.30;124.50;20.40
VALLEE DE L AUBE;GONDREVILLE LA FRANCHE NORD;;21.10;32.30;50.50;66.30;11.40
VALLEE DE L AUBE;GONDREVILLE LA FRANCHE SUD;;25.60;39.10;61.20;80.50;14.20
VALLEE DE L AUBE;JANVILLE ALLAINES;;38.70;59.30;96.90;126.80;21.00
VALLEE DE L AUBE;LAMOTTE BEUVRON;;43.20;66.10;107.90;140.90;23.70
VALLEE DE L AUBE;MER;;43.10;65.10;106.20;138.40;23.50
VALLEE DE L AUBE;MEUNG;;41.00;62.50;100.90;132.50;22.20
VALLEE DE L AUBE;OLIVET;;39.80;60.80;99.40;128.90;21.70
VALLEE DE L AUBE;ORLEANS CENTRE;;39.10;59.90;97.60;126.50;21.10
VALLEE DE L AUBE;ORLEANS NORD;;38.30;58.50;95.60;124.80;20.70
VALLEE DE L AUBE;PARIS LA FOLIE BESSIN;;46.90;70.90;117.70;153.40;25.90
VALLEE DE L AUBE;ROMORANTIN;;48.80;75.40;121.50;158.60;26.60
VALLEE DE L AUBE;SAINT AIGNAN SUR CHER;;51.50;79.80;128.10;168.20;28.20
VALLEE DE L AUBE;SAINT HILAIRE LES ANDRESIS;;14.30;22.50;35.70;49.00;8.50
VALLEE DE L AUBE;SALBRIS;;44.80;69.10;112.30;147.80;24.50
VALLEE DE L AUBE;SAVIGNY SUR CLAIRIS;;13.30;20.90;32.90;45.60;8.00
VALLEE DE L AUBE;SELLES SUR CHER;;50.60;78.20;125.50;164.30;27.60
VALLEE DE L AUBE;TOURS CENTRE MONNAIE;;52.00;78.90;126.60;166.50;28.80
VALLEE DE L AUBE;VEIGNE;;57.90;89.90;145.90;188.20;32.10
VALLEE DE L AUBE;VIERZON EST;;47.70;72.70;119.60;155.40;26.30
VALLEE DE L AUBE;VIERZON NORD;;47.10;72.30;119.00;155.00;25.70
VATRY;ALLAINVILLE;;44.60;68.60;112.60;146.40;24.20
VATRY;ARTENAY;;40.50;61.40;100.60;132.50;21.70
VATRY;AUXY;;25.90;40.10;65.20;86.00;14.60
VATRY;BLERE;;57.30;88.20;142.40;185.00;31.90
VATRY;BLOIS;;47.40;72.30;117.70;154.10;25.80
VATRY;BOURGES;;54.20;82.90;135.00;176.80;29.90
VATRY;CHATEAU RENAULT;;50.30;76.40;123.30;162.80;27.80
VATRY;ESCRENNES;;30.40;46.80;77.70;101.40;17.00
VATRY;ESVRES;;58.60;90.40;146.20;189.20;32.40
VATRY;FONTENAY SUR LOING;;22.20;33.10;52.50;71.20;12.40
VATRY;GIDY;;41.00;62.20;101.50;133.60;21.90
VATRY;GONDREVILLE LA FRANCHE NORD;;24.00;36.30;56.70;75.40;12.90
VATRY;GONDREVILLE LA FRANCHE SUD;;28.50;43.10;67.40;89.60;15.70
VATRY;JANVILLE ALLAINES;;41.60;63.30;103.10;135.90;22.50
VATRY;LAMOTTE BEUVRON;;46.10;70.10;114.10;150.00;25.20
VATRY;MER;;46.00;69.10;112.40;147.50;25.00
VATRY;MEUNG;;43.90;66.50;107.10;141.60;23.70
VATRY;OLIVET;;42.70;64.80;105.60;138.00;23.20
VATRY;ORLEANS CENTRE;;42.00;63.90;103.80;135.60;22.60
VATRY;ORLEANS NORD;;41.20;62.50;101.80;133.90;22.20
VATRY;PARIS LA FOLIE BESSIN;;49.80;74.90;123.90;162.50;27.40
VATRY;ROMORANTIN;;51.70;79.40;127.70;167.70;28.10
VATRY;SAINT AIGNAN SUR CHER;;54.40;83.80;134.30;177.30;29.70
VATRY;SAINT HILAIRE LES ANDRESIS;;17.20;26.50;41.90;58.10;10.00
VATRY;SALBRIS;;47.70;73.10;118.50;156.90;26.00
VATRY;SAVIGNY SUR CLAIRIS;;16.20;24.90;39.10;54.70;9.50
VATRY;SELLES SUR CHER;;53.50;82.20;131.70;173.40;29.10
VATRY;TOURS CENTRE MONNAIE;;54.90;82.90;132.80;175.60;30.30
VATRY;VEIGNE;;60.80;93.90;152.10;197.30;33.60
VATRY;VIERZON EST;;50.60;76.70;125.80;164.50;27.80
VATRY;VIERZON NORD;;50.00;76.30;125.20;164.10;27.20
VEIGNE;ALLAINVILLE;;27.10;44.60;72.10;87.30;16.80
VEIGNE;AMBERIEU EN BUGEY;;77.40;119.70;192.00;252.10;43.90
VEIGNE;ARLAY;;71.50;111.50;180.70;235.30;40.20
VEIGNE;ARTENAY;;22.00;36.30;58.80;75.20;13.80
VEIGNE;AUXERRE NORD;;49.30;76.10;124.30;158.10;26.70
VEIGNE;AUXERRE SUD;;49.30;76.10;124.30;158.10;26.70
VEIGNE;AUXY;;32.10;49.40;80.40;101.80;17.50
VEIGNE;AVALLON;;53.50;82.80;135.30;173.80;29.60
VEIGNE;BALAN;;78.30;121.80;194.80;255.40;44.50
VEIGNE;BARRIERE DE MONTREUIL AUX LIONS;;78.50;119.60;191.90;248.30;43.90
VEIGNE;BAUME LES DAMES;;74.60;116.20;187.10;245.50;42.40
VEIGNE;BEAUMONT;;78.80;121.00;194.70;251.60;43.60
VEIGNE;BEAUNE NORD;;62.00;96.60;156.10;201.50;34.70
VEIGNE;BEAUNE SUD;;63.30;98.10;158.70;205.60;35.30
VEIGNE;BEAUPONT;;74.80;116.70;188.60;246.90;42.70
VEIGNE;BEAUREPAIRE;;72.70;113.20;182.80;239.80;40.90
VEIGNE;BELLEGARDE;;84.30;131.50;210.50;277.50;48.30
VEIGNE;BELLEVILLE SUR SAONE;;72.80;113.10;181.40;237.40;40.90
VEIGNE;BERSAILLIN;;71.30;110.00;179.20;233.60;40.10
VEIGNE;BESANCON EST;;71.80;112.60;181.60;238.10;40.70
VEIGNE;BESANCON NORD;;71.80;111.50;180.00;235.10;40.30
VEIGNE;BESANCON OUEST;;71.80;110.90;179.50;234.00;40.20
VEIGNE;BEYNOST;;80.80;125.90;201.00;264.40;46.50
VEIGNE;BIERRE LES SEMUR;;55.60;85.70;139.90;180.10;30.80
VEIGNE;BLERE;;2.60;4.90;8.50;10.60;1.70
VEIGNE;BLOIS;;25.40;42.10;65.00;82.10;15.20
VEIGNE;BOURG NORD;;73.00;113.60;181.60;238.10;41.30
VEIGNE;BOURG SUD;;74.30;115.90;185.70;243.30;42.70
VEIGNE;BOURGES;;16.70;28.00;44.70;56.70;11.00
VEIGNE;BULGNEVILLE;;66.30;102.90;165.40;216.40;36.90
VEIGNE;CHALON CENTRE;;65.70;102.30;163.70;213.00;36.60
VEIGNE;CHALON NORD;;65.70;102.30;163.70;213.00;36.60
VEIGNE;CHALON SUD;;65.70;102.30;163.70;213.00;36.60
VEIGNE;CHALONS LA VEUVE;;64.80;99.60;163.00;208.50;36.00
VEIGNE;CHARMONT;;56.70;87.80;142.70;184.00;31.30
VEIGNE;CHATEAU RENAULT;;27.10;45.90;70.60;91.00;17.40
VEIGNE;CHATEAU THIERRY;;73.70;112.60;181.70;236.40;41.10
VEIGNE;CHATENOIS;;66.90;103.60;167.20;218.40;37.50
VEIGNE;CHATILLON LABORDE;;52.60;81.40;132.20;169.50;29.10
VEIGNE;CHAUMONT SEMOUTIERS;;59.30;91.70;149.10;193.00;32.80
VEIGNE;CHOISEY;;68.10;105.20;170.60;222.30;38.00
VEIGNE;CLERMONT;;35.50;56.40;91.50;122.20;22.00
VEIGNE;CLERMONT EN ARGONNE;;68.10;106.30;171.60;221.30;38.50
VEIGNE;COLOMBEY LES BELLES;;69.70;107.50;173.60;228.10;38.80
VEIGNE;COMBRONDE;;30.80;49.10;78.50;104.20;19.10
VEIGNE;COURTENAY;;44.80;69.20;113.40;143.10;24.20
VEIGNE;CRIMOLOIS;;66.90;103.30;167.70;217.40;37.50
VEIGNE;DEUX CHAISES;;27.20;44.30;71.00;93.60;17.30
VEIGNE;DIJON SUD;;65.90;102.70;165.00;214.60;36.70
VEIGNE;DIJON ARC SUR TILLE;;67.60;105.10;168.90;220.00;37.80
VEIGNE;DOLE;;68.10;105.20;170.60;222.30;38.00
VEIGNE;DORMANS;;70.90;109.00;176.00;227.70;39.80
VEIGNE;EGLETONS;;45.30;71.60;109.60;148.50;27.90
VEIGNE;ELOISE ANNECY;;85.70;134.00;213.90;282.50;49.30
VEIGNE;EPERNAY;;68.40;104.50;169.80;218.50;37.60
VEIGNE;ESCRENNES;;27.60;43.40;68.40;87.90;15.50
VEIGNE;ESVRES;;1.60;3.50;5.00;6.70;1.30
VEIGNE;FEILLENS;;70.40;109.60;176.70;231.20;40.00
VEIGNE;FLEURY EN BIERE;;51.20;79.30;128.60;164.00;28.00
VEIGNE;FONTAINEBLEAU;;48.50;74.90;122.40;154.60;26.40
VEIGNE;FONTENAY SUR LOING;;35.90;56.60;94.40;117.90;19.70
VEIGNE;FORET DE TRONCAIS;;23.10;37.90;59.50;77.00;14.80
VEIGNE;FORGES;;50.20;77.10;125.60;160.60;27.00
VEIGNE;FRESNES EN WOEVRE;;73.40;113.80;183.50;236.50;41.00
VEIGNE;GANNAT;;30.50;49.00;77.70;103.50;19.00
VEIGNE;GENDREY;;69.20;107.50;174.10;227.70;39.10
VEIGNE;GERZAT;;32.40;52.00;82.10;107.80;20.20
VEIGNE;GIDY;;20.00;32.20;51.10;64.30;11.80
VEIGNE;GONDREVILLE LA FRANCHE NORD;;35.60;54.10;89.00;113.40;19.20
VEIGNE;GONDREVILLE LA FRANCHE SUD;;40.10;60.90;99.70;127.60;22.00
VEIGNE;GROISSIAT;;81.20;126.50;203.10;267.20;46.70
VEIGNE;GYE;;72.00;110.80;177.90;233.50;40.10
VEIGNE;JANVILLE ALLAINES;;24.20;39.60;61.70;79.10;15.20
VEIGNE;JARNY;;74.70;116.70;186.30;238.50;42.10
VEIGNE;JOIGNY;;46.50;71.60;116.90;148.20;25.20
VEIGNE;L ISLE SUR LE DOUBS;;76.20;118.50;190.60;250.10;43.20
VEIGNE;LA BOISSE;;82.30;128.20;205.20;270.20;47.30
VEIGNE;LA BOISSE MONTLUEL;;79.90;123.90;196.10;257.30;45.70
VEIGNE;LA COTIERE;;80.70;125.10;200.40;261.70;46.40
VEIGNE;LA CROIX CHALON;;79.40;123.70;198.70;261.40;45.40
VEIGNE;LAMOTTE BEUVRON;;16.60;25.70;39.30;51.70;9.50
VEIGNE;LANGRES NORD;;61.40;94.50;151.90;198.00;34.00
VEIGNE;LANGRES SUD;;62.20;95.90;154.70;200.90;34.70
VEIGNE;LE MIROIR;;73.80;114.70;185.30;242.10;41.80
VEIGNE;LES EPRUNES;;53.70;83.70;136.10;175.40;30.00
VEIGNE;MACON NORD;;70.30;109.20;174.70;228.30;39.60
VEIGNE;MACON SUD;;71.20;110.70;177.20;231.50;40.10
VEIGNE;MAGNANT;;55.80;86.20;139.80;180.80;30.80
VEIGNE;MANZAT;;32.40;52.40;82.20;108.50;20.30
VEIGNE;MAROLLES SUR SEINE;;50.20;77.10;125.60;160.60;27.00
VEIGNE;MER;;23.70;38.80;61.30;78.10;14.40
VEIGNE;MEUNG;;21.00;34.80;55.40;68.40;13.20
VEIGNE;MONT CHOISY;;62.30;96.70;158.00;203.20;34.90
VEIGNE;MONTIGNY LE ROI;;63.10;97.00;157.20;204.90;35.10
VEIGNE;MONTLUCON;;25.50;41.50;65.40;86.20;16.10
VEIGNE;MONTMARAULT;;26.80;43.60;69.60;92.30;16.90
VEIGNE;MONTREUIL AUX LIONS;;76.30;116.10;186.50;239.90;42.40
VEIGNE;NEMOURS;;48.50;74.90;122.40;154.60;26.40
VEIGNE;NITRY;;51.60;79.70;129.70;166.60;28.20
VEIGNE;NUITS SAINT GEORGES;;64.20;99.70;161.40;209.50;35.80
VEIGNE;OLIVET;;18.40;29.30;47.40;60.80;11.30
VEIGNE;ORLEANS CENTRE;;19.40;30.60;49.40;62.80;11.60
VEIGNE;ORLEANS NORD;;19.90;31.10;50.30;63.70;11.70
VEIGNE;ORMES;;69.90;106.60;172.90;222.60;38.40
VEIGNE;PARIS LA FOLIE BESSIN;;31.70;50.80;78.80;102.30;19.90
VEIGNE;PEROUGES;;78.30;121.80;194.80;255.40;44.50
VEIGNE;PONT D AIN;;75.70;118.30;190.50;249.10;43.30
VEIGNE;POUILLY EN AUXOIS;;59.40;91.90;148.70;193.30;32.70
VEIGNE;REIMS TAISSY;;68.60;105.00;171.20;220.20;37.90
VEIGNE;REIMS TINQUEUX;;70.30;107.40;173.50;224.60;38.80
VEIGNE;REPLONGES;;70.40;109.60;176.70;231.20;40.00
VEIGNE;RIOM;;32.20;51.80;81.50;107.60;20.00
VEIGNE;ROBECOURT;;64.80;100.60;162.00;211.50;36.20
VEIGNE;ROMORANTIN;;10.10;16.00;25.80;36.00;5.90
VEIGNE;SAINT AIGNAN SUR CHER;;6.90;10.60;16.40;22.60;4.00
VEIGNE;SAINT AMAND;;20.50;33.90;53.70;68.60;13.20
VEIGNE;SAINT DENIS LES SENS;;47.20;73.00;118.80;150.30;25.60
VEIGNE;SAINT ETIENNE AU TEMPLE;;64.20;99.90;163.40;211.10;36.10
VEIGNE;SAINT GENIS;;74.90;116.30;185.00;241.60;42.30
VEIGNE;SAINT GERMAIN LAXIS;;52.60;81.40;132.20;169.50;29.10
VEIGNE;SAINT GIBRIEN;;63.40;98.00;159.70;206.00;35.40
VEIGNE;SAINT HILAIRE LES ANDRESIS;;40.70;63.00;102.80;128.60;22.10
VEIGNE;SAINT MARTIN DU FRESNE;;79.10;123.60;197.20;259.60;45.40
VEIGNE;SAINT MAURICE;;80.90;125.80;203.10;267.90;46.50
VEIGNE;SAINT THIBAULT;;53.10;82.20;134.30;172.80;29.50
VEIGNE;SAINTE MENEHOULD;;66.50;103.70;169.40;218.90;37.60
VEIGNE;SALBRIS;;14.10;21.80;35.00;45.50;8.70
VEIGNE;SAVIGNY SUR CLAIRIS;;41.30;63.20;103.60;131.50;22.40
VEIGNE;SELLES SUR CHER;;7.80;12.40;20.00;26.70;4.40
VEIGNE;SEURRE;;65.40;101.90;163.60;213.20;36.50
VEIGNE;SOIRANS;;66.80;103.20;168.60;218.50;37.80
VEIGNE;SOMMESOUS;;60.00;93.20;152.00;195.90;33.40
VEIGNE;ST GERMAIN LES VERGNES;;50.60;80.10;121.20;163.80;31.20
VEIGNE;ST JULIEN SANCY;;37.40;60.10;93.50;123.80;23.40
VEIGNE;SYLANS;;79.80;124.60;198.80;261.80;45.80
VEIGNE;THENNELIERES;;54.50;84.50;136.00;174.90;30.40
VEIGNE;TIL CHATEL;;64.70;99.40;161.80;211.20;36.00
VEIGNE;TORVILLIERS;;52.60;81.40;132.50;169.80;29.10
VEIGNE;TOURNUS;;67.40;104.80;168.40;218.80;37.80
VEIGNE;TOURS CENTRE MONNAIE;;31.10;52.50;80.50;103.30;19.40
VEIGNE;TULLE EST;;48.20;76.20;116.40;155.00;29.50
VEIGNE;TULLE NORD;;48.90;77.50;117.20;160.10;29.80
VEIGNE;URY;;49.30;76.00;123.70;156.80;26.90
VEIGNE;USSEL EST;;40.20;64.70;100.20;133.70;24.80
VEIGNE;USSEL OUEST;;42.30;66.70;103.80;139.20;26.10
VEIGNE;VAL DE SAONE;;77.70;119.00;192.60;252.70;43.60
VEIGNE;VALLEE DE L AUBE;;57.90;89.90;145.90;188.20;32.10
VEIGNE;VATRY;;60.80;93.90;152.10;197.30;33.60
VEIGNE;VERDUN;;73.40;113.80;183.50;236.50;41.00
VEIGNE;VIERZON EST;;13.50;22.80;35.70;45.10;8.60
VEIGNE;VIERZON NORD;;13.40;21.70;33.60;42.60;8.40
VEIGNE;VILLE SOUS LA FERTE;;57.40;89.00;145.00;187.10;31.70
VEIGNE;VILLEFRANCHE NORD;;73.80;114.00;184.70;241.50;41.90
VEIGNE;VILLEFRANCHE LIMAS;;78.00;120.70;193.20;253.50;43.90
VEIGNE;VILLEFRANCHE VILLE;;74.40;115.60;185.50;242.60;42.20
VEIGNE;VILLENEUVE DONDAGRE;;45.90;71.00;115.90;146.70;24.90
VEIGNE;VIRIAT;;73.10;113.70;182.20;239.10;42.00
VEIGNE;VIRY;;90.10;141.50;225.60;297.70;52.20
VEIGNE;VOIE SACREE;;70.60;109.80;175.40;227.50;39.60
VEIGNE;VULAINES;;50.50;77.10;125.60;160.50;27.10
VEIGNE;VULCANIA BROMONT;;34.80;55.80;87.60;116.10;21.70
VERDUN;ALLAINVILLE;;57.20;88.50;144.00;185.60;31.60
VERDUN;ARTENAY;;53.10;81.30;132.00;171.70;29.10
VERDUN;AUXY;;38.50;60.00;96.60;125.20;22.00
VERDUN;BLERE;;69.90;108.10;173.80;224.20;39.30
VERDUN;BLOIS;;60.00;92.20;149.10;193.30;33.20
VERDUN;BOURGES;;66.80;102.80;166.40;216.00;37.30
VERDUN;CHATEAU RENAULT;;62.90;96.30;154.70;202.00;35.20
VERDUN;ESCRENNES;;43.00;66.70;109.10;140.60;24.40
VERDUN;ESVRES;;71.20;110.30;177.60;228.40;39.80
VERDUN;FONTENAY SUR LOING;;34.80;53.00;83.90;110.40;19.80
VERDUN;GIDY;;53.60;82.10;132.90;172.80;29.30
VERDUN;GONDREVILLE LA FRANCHE NORD;;36.60;56.20;88.10;114.60;20.30
VERDUN;GONDREVILLE LA FRANCHE SUD;;41.10;63.00;98.80;128.80;23.10
VERDUN;JANVILLE ALLAINES;;54.20;83.20;134.50;175.10;29.90
VERDUN;LAMOTTE BEUVRON;;58.70;90.00;145.50;189.20;32.60
VERDUN;MER;;58.60;89.00;143.80;186.70;32.40
VERDUN;MEUNG;;56.50;86.40;138.50;180.80;31.10
VERDUN;OLIVET;;55.30;84.70;137.00;177.20;30.60
VERDUN;ORLEANS CENTRE;;54.60;83.80;135.20;174.80;30.00
VERDUN;ORLEANS NORD;;53.80;82.40;133.20;173.10;29.60
VERDUN;PARIS LA FOLIE BESSIN;;62.40;94.80;155.30;201.70;34.80
VERDUN;ROMORANTIN;;64.30;99.30;159.10;206.90;35.50
VERDUN;SAINT AIGNAN SUR CHER;;67.00;103.70;165.70;216.50;37.10
VERDUN;SAINT HILAIRE LES ANDRESIS;;29.80;46.40;73.30;97.30;17.40
VERDUN;SALBRIS;;60.30;93.00;149.90;196.10;33.40
VERDUN;SAVIGNY SUR CLAIRIS;;28.80;44.80;70.50;93.90;16.90
VERDUN;SELLES SUR CHER;;66.10;102.10;163.10;212.60;36.50
VERDUN;TOURS CENTRE MONNAIE;;67.50;102.80;164.20;214.80;37.70
VERDUN;VEIGNE;;73.40;113.80;183.50;236.50;41.00
VERDUN;VIERZON EST;;63.20;96.60;157.20;203.70;35.20
VERDUN;VIERZON NORD;;62.60;96.20;156.60;203.30;34.60
VIEILLEVILLE;NANTES;;0.70;2.00;2.10;2.20;0.50
VIERZON EST;ALLAINVILLE;;17.30;28.10;44.10;57.40;10.80
VIERZON EST;AMBERIEU EN BUGEY;;67.20;102.50;165.70;219.30;38.10
VIERZON EST;ARLAY;;61.30;94.30;154.40;202.50;34.40
VIERZON EST;ARTENAY;;12.30;19.10;31.00;40.20;7.80
VIERZON EST;AUXERRE NORD;;39.10;58.90;98.00;125.30;20.90
VIERZON EST;AUXERRE SUD;;39.10;58.90;98.00;125.30;20.90
VIERZON EST;AUXY;;21.90;32.20;54.10;69.00;11.70
VIERZON EST;AVALLON;;43.30;65.60;109.00;141.00;23.80
VIERZON EST;BALAN;;68.10;104.60;168.50;222.60;38.70
VIERZON EST;BARRIERE DE MONTREUIL AUX LIONS;;68.30;102.40;165.60;215.50;38.10
VIERZON EST;BAUME LES DAMES;;64.40;99.00;160.80;212.70;36.60
VIERZON EST;BEAUMONT;;68.60;103.80;168.40;218.80;37.80
VIERZON EST;BEAUNE NORD;;51.80;79.40;129.80;168.70;28.90
VIERZON EST;BEAUNE SUD;;53.10;80.90;132.40;172.80;29.50
VIERZON EST;BEAUPONT;;64.60;99.50;162.30;214.10;36.90
VIERZON EST;BEAUREPAIRE;;62.50;96.00;156.50;207.00;35.10
VIERZON EST;BELLEGARDE;;74.10;114.30;184.20;244.70;42.50
VIERZON EST;BELLEVILLE SUR SAONE;;62.60;95.90;155.10;204.60;35.10
VIERZON EST;BERSAILLIN;;61.10;92.80;152.90;200.80;34.30
VIERZON EST;BESANCON EST;;61.60;95.40;155.30;205.30;34.90
VIERZON EST;BESANCON NORD;;61.60;94.30;153.70;202.30;34.50
VIERZON EST;BESANCON OUEST;;61.60;93.70;153.20;201.20;34.40
VIERZON EST;BEYNOST;;70.60;108.70;174.70;231.60;40.70
VIERZON EST;BIERRE LES SEMUR;;45.40;68.50;113.60;147.30;25.00
VIERZON EST;BLERE;;10.80;17.30;27.10;35.60;6.40
VIERZON EST;BLOIS;;15.50;24.10;39.50;49.60;9.30
VIERZON EST;BOURG NORD;;62.80;96.40;155.30;205.30;35.50
VIERZON EST;BOURG SUD;;64.10;98.70;159.40;210.50;36.90
VIERZON EST;BOURGES;;3.00;5.20;7.10;9.20;2.30
VIERZON EST;BULGNEVILLE;;56.10;85.70;139.10;183.60;31.10
VIERZON EST;CHALON CENTRE;;55.50;85.10;137.40;180.20;30.80
VIERZON EST;CHALON NORD;;55.50;85.10;137.40;180.20;30.80
VIERZON EST;CHALON SUD;;55.50;85.10;137.40;180.20;30.80
VIERZON EST;CHALONS LA VEUVE;;54.60;82.40;136.70;175.70;30.20
VIERZON EST;CHARMONT;;46.50;70.60;116.40;151.20;25.50
VIERZON EST;CHATEAU RENAULT;;18.30;28.90;45.50;60.60;11.40
VIERZON EST;CHATEAU THIERRY;;63.50;95.40;155.40;203.60;35.30
VIERZON EST;CHATENOIS;;56.70;86.40;140.90;185.60;31.70
VIERZON EST;CHATILLON LABORDE;;42.40;64.20;105.90;136.70;23.30
VIERZON EST;CHAUMONT SEMOUTIERS;;49.10;74.50;122.80;160.20;27.00
VIERZON EST;CHOISEY;;57.90;88.00;144.30;189.50;32.20
VIERZON EST;CLERMONT;;21.80;33.60;53.90;74.70;13.30
VIERZON EST;CLERMONT EN ARGONNE;;57.90;89.10;145.30;188.50;32.70
VIERZON EST;COLOMBEY LES BELLES;;59.50;90.30;147.30;195.30;33.00
VIERZON EST;COMBRONDE;;17.10;26.30;40.90;56.70;10.40
VIERZON EST;COURTENAY;;34.60;52.00;87.10;110.30;18.40
VIERZON EST;CRIMOLOIS;;56.70;86.10;141.40;184.60;31.70
VIERZON EST;DEUX CHAISES;;13.50;21.50;33.40;46.10;8.60
VIERZON EST;DIJON SUD;;55.70;85.50;138.70;181.80;30.90
VIERZON EST;DIJON ARC SUR TILLE;;57.40;87.90;142.60;187.20;32.00
VIERZON EST;DOLE;;57.90;88.00;144.30;189.50;32.20
VIERZON EST;DORMANS;;60.70;91.80;149.70;194.90;34.00
VIERZON EST;EGLETONS;;31.60;48.80;72.00;101.00;19.20
VIERZON EST;ELOISE ANNECY;;75.50;116.80;187.60;249.70;43.50
VIERZON EST;EPERNAY;;58.20;87.30;143.50;185.70;31.80
VIERZON EST;ESCRENNES;;17.40;26.20;42.10;55.10;9.70
VIERZON EST;ESVRES;;12.90;20.30;33.90;41.40;7.50
VIERZON EST;FEILLENS;;60.20;92.40;150.40;198.40;34.20
VIERZON EST;FLEURY EN BIERE;;41.00;62.10;102.30;131.20;22.20
VIERZON EST;FONTAINEBLEAU;;38.30;57.70;96.10;121.80;20.60
VIERZON EST;FONTENAY SUR LOING;;25.70;39.40;68.10;85.10;13.90
VIERZON EST;FORET DE TRONCAIS;;9.40;15.10;21.90;29.50;6.10
VIERZON EST;FORGES;;40.00;59.90;99.30;127.80;21.20
VIERZON EST;FRESNES EN WOEVRE;;63.20;96.60;157.20;203.70;35.20
VIERZON EST;GANNAT;;16.80;26.20;40.10;56.00;10.30
VIERZON EST;GENDREY;;59.00;90.30;147.80;194.90;33.30
VIERZON EST;GERZAT;;18.70;29.20;44.50;60.30;11.50
VIERZON EST;GIDY;;10.50;16.10;26.60;33.70;6.20
VIERZON EST;GONDREVILLE LA FRANCHE NORD;;25.40;36.90;62.70;80.60;13.40
VIERZON EST;GONDREVILLE LA FRANCHE SUD;;29.90;43.70;73.40;94.80;16.20
VIERZON EST;GROISSIAT;;71.00;109.30;176.80;234.40;40.90
VIERZON EST;GYE;;61.80;93.60;151.60;200.70;34.30
VIERZON EST;JANVILLE ALLAINES;;13.90;21.80;34.60;44.00;8.80
VIERZON EST;JARNY;;64.50;99.50;160.00;205.70;36.30
VIERZON EST;JOIGNY;;36.30;54.40;90.60;115.40;19.40
VIERZON EST;L ISLE SUR LE DOUBS;;66.00;101.30;164.30;217.30;37.40
VIERZON EST;LA BOISSE;;72.10;111.00;178.90;237.40;41.50
VIERZON EST;LA BOISSE MONTLUEL;;69.70;106.70;169.80;224.50;39.90
VIERZON EST;LA COTIERE;;70.50;107.90;174.10;228.90;40.60
VIERZON EST;LA CROIX CHALON;;69.20;106.50;172.40;228.60;39.60
VIERZON EST;LAMOTTE BEUVRON;;3.40;5.90;9.30;10.00;2.40
VIERZON EST;LANGRES NORD;;51.20;77.30;125.60;165.20;28.20
VIERZON EST;LANGRES SUD;;52.00;78.70;128.40;168.10;28.90
VIERZON EST;LE MIROIR;;63.60;97.50;159.00;209.30;36.00
VIERZON EST;LES EPRUNES;;43.50;66.50;109.80;142.60;24.20
VIERZON EST;MACON NORD;;60.10;92.00;148.40;195.50;33.80
VIERZON EST;MACON SUD;;61.00;93.50;150.90;198.70;34.30
VIERZON EST;MAGNANT;;45.60;69.00;113.50;148.00;25.00
VIERZON EST;MANZAT;;18.70;29.60;44.60;61.00;11.60
VIERZON EST;MAROLLES SUR SEINE;;40.00;59.90;99.30;127.80;21.20
VIERZON EST;MER;;13.60;20.40;34.90;44.30;8.20
VIERZON EST;MEUNG;;11.30;17.70;29.20;35.80;7.00
VIERZON EST;MONT CHOISY;;52.10;79.50;131.70;170.40;29.10
VIERZON EST;MONTIGNY LE ROI;;52.90;79.80;130.90;172.10;29.30
VIERZON EST;MONTLUCON;;11.80;18.70;27.80;38.70;7.40
VIERZON EST;MONTMARAULT;;13.10;20.80;32.00;44.80;8.20
VIERZON EST;MONTREUIL AUX LIONS;;66.10;98.90;160.20;207.10;36.60
VIERZON EST;NEMOURS;;38.30;57.70;96.10;121.80;20.60
VIERZON EST;NITRY;;41.40;62.50;103.40;133.80;22.40
VIERZON EST;NUITS SAINT GEORGES;;54.00;82.50;135.10;176.70;30.00
VIERZON EST;OLIVET;;7.50;10.60;19.30;22.50;4.50
VIERZON EST;ORLEANS CENTRE;;8.40;14.50;22.60;26.10;5.00
VIERZON EST;ORLEANS NORD;;9.60;15.10;25.10;31.90;5.80
VIERZON EST;ORMES;;59.70;89.40;146.60;189.80;32.60
VIERZON EST;PARIS LA FOLIE BESSIN;;22.70;34.50;56.70;73.70;14.30
VIERZON EST;PEROUGES;;68.10;104.60;168.50;222.60;38.70
VIERZON EST;PONT D AIN;;65.50;101.10;164.20;216.30;37.50
VIERZON EST;POUILLY EN AUXOIS;;49.20;74.70;122.40;160.50;26.90
VIERZON EST;REIMS TAISSY;;58.40;87.80;144.90;187.40;32.10
VIERZON EST;REIMS TINQUEUX;;60.10;90.20;147.20;191.80;33.00
VIERZON EST;REPLONGES;;60.20;92.40;150.40;198.40;34.20
VIERZON EST;RIOM;;18.50;29.00;43.90;60.10;11.30
VIERZON EST;ROBECOURT;;54.60;83.40;135.70;178.70;30.40
VIERZON EST;ROMORANTIN;;4.30;6.50;9.40;11.30;3.00
VIERZON EST;SAINT AIGNAN SUR CHER;;7.10;11.30;18.80;24.20;4.60
VIERZON EST;SAINT AMAND;;6.80;11.10;16.10;21.10;4.50
VIERZON EST;SAINT DENIS LES SENS;;37.00;55.80;92.50;117.50;19.80
VIERZON EST;SAINT ETIENNE AU TEMPLE;;54.00;82.70;137.10;178.30;30.30
VIERZON EST;SAINT GENIS;;64.70;99.10;158.70;208.80;36.50
VIERZON EST;SAINT GERMAIN LAXIS;;42.40;64.20;105.90;136.70;23.30
VIERZON EST;SAINT GIBRIEN;;53.20;80.80;133.40;173.20;29.60
VIERZON EST;SAINT HILAIRE LES ANDRESIS;;30.50;45.80;76.50;95.80;16.30
VIERZON EST;SAINT MARTIN DU FRESNE;;68.90;106.40;170.90;226.80;39.60
VIERZON EST;SAINT MAURICE;;70.70;108.60;176.80;235.10;40.70
VIERZON EST;SAINT THIBAULT;;42.90;65.00;108.00;140.00;23.70
VIERZON EST;SAINTE MENEHOULD;;56.30;86.50;143.10;186.10;31.80
VIERZON EST;SALBRIS;;2.00;3.50;4.60;6.20;1.40
VIERZON EST;SAVIGNY SUR CLAIRIS;;31.10;46.00;77.30;98.70;16.60
VIERZON EST;SELLES SUR CHER;;5.90;9.50;15.20;19.20;3.90
VIERZON EST;SEURRE;;55.20;84.70;137.30;180.40;30.70
VIERZON EST;SOIRANS;;56.60;86.00;142.30;185.70;32.00
VIERZON EST;SOMMESOUS;;49.80;76.00;125.70;163.10;27.60
VIERZON EST;ST GERMAIN LES VERGNES;;36.90;57.30;83.60;116.30;22.50
VIERZON EST;ST JULIEN SANCY;;23.70;37.30;55.90;76.30;14.70
VIERZON EST;SYLANS;;69.60;107.40;172.50;229.00;40.00
VIERZON EST;THENNELIERES;;44.30;67.30;109.70;142.10;24.60
VIERZON EST;TIL CHATEL;;54.50;82.20;135.50;178.40;30.20
VIERZON EST;TORVILLIERS;;42.40;64.20;106.20;137.00;23.30
VIERZON EST;TOURNUS;;57.20;87.60;142.10;186.00;32.00
VIERZON EST;TOURS CENTRE MONNAIE;;22.60;35.70;56.70;72.40;14.20
VIERZON EST;TULLE EST;;34.50;53.40;78.80;107.50;20.80
VIERZON EST;TULLE NORD;;35.20;54.70;79.60;112.60;21.10
VIERZON EST;URY;;39.10;58.80;97.40;124.00;21.10
VIERZON EST;USSEL EST;;26.50;41.90;62.60;86.20;16.10
VIERZON EST;USSEL OUEST;;28.60;43.90;66.20;91.70;17.40
VIERZON EST;VAL DE SAONE;;67.50;101.80;166.30;219.90;37.80
VIERZON EST;VALLEE DE L AUBE;;47.70;72.70;119.60;155.40;26.30
VIERZON EST;VATRY;;50.60;76.70;125.80;164.50;27.80
VIERZON EST;VEIGNE;;13.50;22.80;35.70;45.10;8.60
VIERZON EST;VERDUN;;63.20;96.60;157.20;203.70;35.20
VIERZON EST;VIERZON NORD;;0.70;1.70;2.10;2.60;0.50
VIERZON EST;VILLE SOUS LA FERTE;;47.20;71.80;118.70;154.30;25.90
VIERZON EST;VILLEFRANCHE NORD;;63.60;96.80;158.40;208.70;36.10
VIERZON EST;VILLEFRANCHE LIMAS;;67.80;103.50;166.90;220.70;38.10
VIERZON EST;VILLEFRANCHE VILLE;;64.20;98.40;159.20;209.80;36.40
VIERZON EST;VILLENEUVE DONDAGRE;;35.70;53.80;89.60;113.90;19.10
VIERZON EST;VIRIAT;;62.90;96.50;155.90;206.30;36.20
VIERZON EST;VIRY;;79.90;124.30;199.30;264.90;46.40
VIERZON EST;VOIE SACREE;;60.40;92.60;149.10;194.70;33.80
VIERZON EST;VULAINES;;40.30;59.90;99.30;127.70;21.30
VIERZON EST;VULCANIA BROMONT;;21.10;33.00;50.00;68.60;13.00
VIERZON NORD;ALLAINVILLE;;17.20;28.00;43.30;57.20;10.70
VIERZON NORD;AMBERIEU EN BUGEY;;66.60;102.10;165.10;218.90;37.50
VIERZON NORD;ARLAY;;60.70;93.90;153.80;202.10;33.80
VIERZON NORD;ARTENAY;;12.20;19.00;29.80;40.00;7.60
VIERZON NORD;AUXERRE NORD;;38.50;58.50;97.40;124.90;20.30
VIERZON NORD;AUXERRE SUD;;38.50;58.50;97.40;124.90;20.30
VIERZON NORD;AUXY;;21.30;31.80;53.50;68.60;11.10
VIERZON NORD;AVALLON;;42.70;65.20;108.40;140.60;23.20
VIERZON NORD;BALAN;;67.50;104.20;167.90;222.20;38.10
VIERZON NORD;BARRIERE DE MONTREUIL AUX LIONS;;67.70;102.00;165.00;215.10;37.50
VIERZON NORD;BAUME LES DAMES;;63.80;98.60;160.20;212.30;36.00
VIERZON NORD;BEAUMONT;;68.00;103.40;167.80;218.40;37.20
VIERZON NORD;BEAUNE NORD;;51.20;79.00;129.20;168.30;28.30
VIERZON NORD;BEAUNE SUD;;52.50;80.50;131.80;172.40;28.90
VIERZON NORD;BEAUPONT;;64.00;99.10;161.70;213.70;36.30
VIERZON NORD;BEAUREPAIRE;;61.90;95.60;155.90;206.60;34.50
VIERZON NORD;BELLEGARDE;;73.50;113.90;183.60;244.30;41.90
VIERZON NORD;BELLEVILLE SUR SAONE;;62.00;95.50;154.50;204.20;34.50
VIERZON NORD;BERSAILLIN;;60.50;92.40;152.30;200.40;33.70
VIERZON NORD;BESANCON EST;;61.00;95.00;154.70;204.90;34.30
VIERZON NORD;BESANCON NORD;;61.00;93.90;153.10;201.90;33.90
VIERZON NORD;BESANCON OUEST;;61.00;93.30;152.60;200.80;33.80
VIERZON NORD;BEYNOST;;70.00;108.30;174.10;231.20;40.10
VIERZON NORD;BIERRE LES SEMUR;;44.80;68.10;113.00;146.90;24.40
VIERZON NORD;BLERE;;9.50;16.40;25.50;32.80;5.90
VIERZON NORD;BLOIS;;15.40;23.80;38.50;49.00;8.90
VIERZON NORD;BOURG NORD;;62.20;96.00;154.70;204.90;34.90
VIERZON NORD;BOURG SUD;;63.50;98.30;158.80;210.10;36.30
VIERZON NORD;BOURGES;;3.20;5.40;9.40;11.10;2.40
VIERZON NORD;BULGNEVILLE;;55.50;85.30;138.50;183.20;30.50
VIERZON NORD;CHALON CENTRE;;54.90;84.70;136.80;179.80;30.20
VIERZON NORD;CHALON NORD;;54.90;84.70;136.80;179.80;30.20
VIERZON NORD;CHALON SUD;;54.90;84.70;136.80;179.80;30.20
VIERZON NORD;CHALONS LA VEUVE;;54.00;82.00;136.10;175.30;29.60
VIERZON NORD;CHARMONT;;45.90;70.20;115.80;150.80;24.90
VIERZON NORD;CHATEAU RENAULT;;17.80;28.30;44.80;57.90;10.80
VIERZON NORD;CHATEAU THIERRY;;62.90;95.00;154.80;203.20;34.70
VIERZON NORD;CHATENOIS;;56.10;86.00;140.30;185.20;31.10
VIERZON NORD;CHATILLON LABORDE;;41.80;63.80;105.30;136.30;22.70
VIERZON NORD;CHAUMONT SEMOUTIERS;;48.50;74.10;122.20;159.80;26.40
VIERZON NORD;CHOISEY;;57.30;87.60;143.70;189.10;31.60
VIERZON NORD;CLERMONT;;22.00;33.80;56.20;76.60;13.40
VIERZON NORD;CLERMONT EN ARGONNE;;57.30;88.70;144.70;188.10;32.10
VIERZON NORD;COLOMBEY LES BELLES;;58.90;89.90;146.70;194.90;32.40
VIERZON NORD;COMBRONDE;;17.30;26.50;43.20;58.60;10.50
VIERZON NORD;COURTENAY;;34.00;51.60;86.50;109.90;17.80
VIERZON NORD;CRIMOLOIS;;56.10;85.70;140.80;184.20;31.10
VIERZON NORD;DEUX CHAISES;;13.70;21.70;35.70;48.00;8.70
VIERZON NORD;DIJON SUD;;55.10;85.10;138.10;181.40;30.30
VIERZON NORD;DIJON ARC SUR TILLE;;56.80;87.50;142.00;186.80;31.40
VIERZON NORD;DOLE;;57.30;87.60;143.70;189.10;31.60
VIERZON NORD;DORMANS;;60.10;91.40;149.10;194.50;33.40
VIERZON NORD;EGLETONS;;31.80;49.00;74.30;102.90;19.30
VIERZON NORD;ELOISE ANNECY;;74.90;116.40;187.00;249.30;42.90
VIERZON NORD;EPERNAY;;57.60;86.90;142.90;185.30;31.20
VIERZON NORD;ESCRENNES;;16.80;25.80;41.50;54.70;9.10
VIERZON NORD;ESVRES;;12.40;19.30;31.30;39.20;7.40
VIERZON NORD;FEILLENS;;59.60;92.00;149.80;198.00;33.60
VIERZON NORD;FLEURY EN BIERE;;40.40;61.70;101.70;130.80;21.60
VIERZON NORD;FONTAINEBLEAU;;37.70;57.30;95.50;121.40;20.00
VIERZON NORD;FONTENAY SUR LOING;;25.10;39.00;67.50;84.70;13.30
VIERZON NORD;FORET DE TRONCAIS;;9.60;15.30;24.20;31.40;6.20
VIERZON NORD;FORGES;;39.40;59.50;98.70;127.40;20.60
VIERZON NORD;FRESNES EN WOEVRE;;62.60;96.20;156.60;203.30;34.60
VIERZON NORD;GANNAT;;17.00;26.40;42.40;57.90;10.40
VIERZON NORD;GENDREY;;58.40;89.90;147.20;194.50;32.70
VIERZON NORD;GERZAT;;18.90;29.40;46.80;62.20;11.60
VIERZON NORD;GIDY;;10.00;15.70;25.80;33.30;5.80
VIERZON NORD;GONDREVILLE LA FRANCHE NORD;;24.80;36.50;62.10;80.20;12.80
VIERZON NORD;GONDREVILLE LA FRANCHE SUD;;29.30;43.30;72.80;94.40;15.60
VIERZON NORD;GROISSIAT;;70.40;108.90;176.20;234.00;40.30
VIERZON NORD;GYE;;61.20;93.20;151.00;200.30;33.70
VIERZON NORD;JANVILLE ALLAINES;;13.80;21.70;34.00;43.60;8.70
VIERZON NORD;JARNY;;63.90;99.10;159.40;205.30;35.70
VIERZON NORD;JOIGNY;;35.70;54.00;90.00;115.00;18.80
VIERZON NORD;L ISLE SUR LE DOUBS;;65.40;100.90;163.70;216.90;36.80
VIERZON NORD;LA BOISSE;;71.50;110.60;178.30;237.00;40.90
VIERZON NORD;LA BOISSE MONTLUEL;;69.10;106.30;169.20;224.10;39.30
VIERZON NORD;LA COTIERE;;69.90;107.50;173.50;228.50;40.00
VIERZON NORD;LA CROIX CHALON;;68.60;106.10;171.80;228.20;39.00
VIERZON NORD;LAMOTTE BEUVRON;;3.30;5.80;8.60;9.70;2.30
VIERZON NORD;LANGRES NORD;;50.60;76.90;125.00;164.80;27.60
VIERZON NORD;LANGRES SUD;;51.40;78.30;127.80;167.70;28.30
VIERZON NORD;LE MIROIR;;63.00;97.10;158.40;208.90;35.40
VIERZON NORD;LES EPRUNES;;42.90;66.10;109.20;142.20;23.60
VIERZON NORD;MACON NORD;;59.50;91.60;147.80;195.10;33.20
VIERZON NORD;MACON SUD;;60.40;93.10;150.30;198.30;33.70
VIERZON NORD;MAGNANT;;45.00;68.60;112.90;147.60;24.40
VIERZON NORD;MANZAT;;18.90;29.80;46.90;62.90;11.70
VIERZON NORD;MAROLLES SUR SEINE;;39.40;59.50;98.70;127.40;20.60
VIERZON NORD;MER;;13.20;19.90;33.30;43.20;7.90
VIERZON NORD;MEUNG;;11.10;17.60;27.00;35.40;6.50
VIERZON NORD;MONT CHOISY;;51.50;79.10;131.10;170.00;28.50
VIERZON NORD;MONTIGNY LE ROI;;52.30;79.40;130.30;171.70;28.70
VIERZON NORD;MONTLUCON;;12.00;18.90;30.10;40.60;7.50
VIERZON NORD;MONTMARAULT;;13.30;21.00;34.30;46.70;8.30
VIERZON NORD;MONTREUIL AUX LIONS;;65.50;98.50;159.60;206.70;36.00
VIERZON NORD;NEMOURS;;37.70;57.30;95.50;121.40;20.00
VIERZON NORD;NITRY;;40.80;62.10;102.80;133.40;21.80
VIERZON NORD;NUITS SAINT GEORGES;;53.40;82.10;134.50;176.30;29.40
VIERZON NORD;OLIVET;;7.40;10.40;18.40;22.30;4.20
VIERZON NORD;ORLEANS CENTRE;;8.20;14.20;21.60;25.50;4.80
VIERZON NORD;ORLEANS NORD;;9.50;15.00;24.10;31.70;5.60
VIERZON NORD;ORMES;;59.10;89.00;146.00;189.40;32.00
VIERZON NORD;PARIS LA FOLIE BESSIN;;21.80;33.80;54.70;71.60;13.80
VIERZON NORD;PEROUGES;;67.50;104.20;167.90;222.20;38.10
VIERZON NORD;PONT D AIN;;64.90;100.70;163.60;215.90;36.90
VIERZON NORD;POUILLY EN AUXOIS;;48.60;74.30;121.80;160.10;26.30
VIERZON NORD;REIMS TAISSY;;57.80;87.40;144.30;187.00;31.50
VIERZON NORD;REIMS TINQUEUX;;59.50;89.80;146.60;191.40;32.40
VIERZON NORD;REPLONGES;;59.60;92.00;149.80;198.00;33.60
VIERZON NORD;RIOM;;18.70;29.20;46.20;62.00;11.40
VIERZON NORD;ROBECOURT;;54.00;83.00;135.10;178.30;29.80
VIERZON NORD;ROMORANTIN;;3.60;4.90;7.70;9.50;2.40
VIERZON NORD;SAINT AIGNAN SUR CHER;;6.50;10.70;16.60;21.10;4.00
VIERZON NORD;SAINT AMAND;;7.00;11.30;18.40;23.00;4.60
VIERZON NORD;SAINT DENIS LES SENS;;36.40;55.40;91.90;117.10;19.20
VIERZON NORD;SAINT ETIENNE AU TEMPLE;;53.40;82.30;136.50;177.90;29.70
VIERZON NORD;SAINT GENIS;;64.10;98.70;158.10;208.40;35.90
VIERZON NORD;SAINT GERMAIN LAXIS;;41.80;63.80;105.30;136.30;22.70
VIERZON NORD;SAINT GIBRIEN;;52.60;80.40;132.80;172.80;29.00
VIERZON NORD;SAINT HILAIRE LES ANDRESIS;;29.90;45.40;75.90;95.40;15.70
VIERZON NORD;SAINT MARTIN DU FRESNE;;68.30;106.00;170.30;226.40;39.00
VIERZON NORD;SAINT MAURICE;;70.10;108.20;176.20;234.70;40.10
VIERZON NORD;SAINT THIBAULT;;42.30;64.60;107.40;139.60;23.10
VIERZON NORD;SAINTE MENEHOULD;;55.70;86.10;142.50;185.70;31.20
VIERZON NORD;SALBRIS;;1.80;3.10;3.80;5.30;1.30
VIERZON NORD;SAVIGNY SUR CLAIRIS;;30.50;45.60;76.70;98.30;16.00
VIERZON NORD;SELLES SUR CHER;;5.20;8.60;13.40;17.20;3.40
VIERZON NORD;SEURRE;;54.60;84.30;136.70;180.00;30.10
VIERZON NORD;SOIRANS;;56.00;85.60;141.70;185.30;31.40
VIERZON NORD;SOMMESOUS;;49.20;75.60;125.10;162.70;27.00
VIERZON NORD;ST GERMAIN LES VERGNES;;37.10;57.50;85.90;118.20;22.60
VIERZON NORD;ST JULIEN SANCY;;23.90;37.50;58.20;78.20;14.80
VIERZON NORD;SYLANS;;69.00;107.00;171.90;228.60;39.40
VIERZON NORD;THENNELIERES;;43.70;66.90;109.10;141.70;24.00
VIERZON NORD;TIL CHATEL;;53.90;81.80;134.90;178.00;29.60
VIERZON NORD;TORVILLIERS;;41.80;63.80;105.60;136.60;22.70
VIERZON NORD;TOURNUS;;56.60;87.20;141.50;185.60;31.40
VIERZON NORD;TOURS CENTRE MONNAIE;;22.50;35.20;56.10;71.70;13.60
VIERZON NORD;TULLE EST;;34.70;53.60;81.10;109.40;20.90
VIERZON NORD;TULLE NORD;;35.40;54.90;81.90;114.50;21.20
VIERZON NORD;URY;;38.50;58.40;96.80;123.60;20.50
VIERZON NORD;USSEL EST;;26.70;42.10;64.90;88.10;16.20
VIERZON NORD;USSEL OUEST;;28.80;44.10;68.50;93.60;17.50
VIERZON NORD;VAL DE SAONE;;66.90;101.40;165.70;219.50;37.20
VIERZON NORD;VALLEE DE L AUBE;;47.10;72.30;119.00;155.00;25.70
VIERZON NORD;VATRY;;50.00;76.30;125.20;164.10;27.20
VIERZON NORD;VEIGNE;;13.40;21.70;33.60;42.60;8.40
VIERZON NORD;VERDUN;;62.60;96.20;156.60;203.30;34.60
VIERZON NORD;VIERZON EST;;0.70;1.70;2.10;2.60;0.50
VIERZON NORD;VILLE SOUS LA FERTE;;46.60;71.40;118.10;153.90;25.30
VIERZON NORD;VILLEFRANCHE NORD;;63.00;96.40;157.80;208.30;35.50
VIERZON NORD;VILLEFRANCHE LIMAS;;67.20;103.10;166.30;220.30;37.50
VIERZON NORD;VILLEFRANCHE VILLE;;63.60;98.00;158.60;209.40;35.80
VIERZON NORD;VILLENEUVE DONDAGRE;;35.10;53.40;89.00;113.50;18.50
VIERZON NORD;VIRIAT;;62.30;96.10;155.30;205.90;35.60
VIERZON NORD;VIRY;;79.30;123.90;198.70;264.50;45.80
VIERZON NORD;VOIE SACREE;;59.80;92.20;148.50;194.30;33.20
VIERZON NORD;VULAINES;;39.70;59.50;98.70;127.30;20.70
VIERZON NORD;VULCANIA BROMONT;;21.30;33.20;52.30;70.50;13.10
VILLE SOUS LA FERTE;ALLAINVILLE;;41.20;63.70;105.50;136.20;22.30
VILLE SOUS LA FERTE;ARTENAY;;37.10;56.50;93.50;122.30;19.80
VILLE SOUS LA FERTE;AUXY;;22.50;35.20;58.10;75.80;12.70
VILLE SOUS LA FERTE;BLERE;;53.90;83.30;135.30;174.80;30.00
VILLE SOUS LA FERTE;BLOIS;;44.00;67.40;110.60;143.90;23.90
VILLE SOUS LA FERTE;BOURGES;;50.80;78.00;127.90;166.60;28.00
VILLE SOUS LA FERTE;CHATEAU RENAULT;;46.90;71.50;116.20;152.60;25.90
VILLE SOUS LA FERTE;ESCRENNES;;27.00;41.90;70.60;91.20;15.10
VILLE SOUS LA FERTE;ESVRES;;55.20;85.50;139.10;179.00;30.50
VILLE SOUS LA FERTE;FONTENAY SUR LOING;;18.80;28.20;45.40;61.00;10.50
VILLE SOUS LA FERTE;GIDY;;37.60;57.30;94.40;123.40;20.00
VILLE SOUS LA FERTE;GONDREVILLE LA FRANCHE NORD;;20.60;31.40;49.60;65.20;11.00
VILLE SOUS LA FERTE;GONDREVILLE LA FRANCHE SUD;;25.10;38.20;60.30;79.40;13.80
VILLE SOUS LA FERTE;JANVILLE ALLAINES;;38.20;58.40;96.00;125.70;20.60
VILLE SOUS LA FERTE;LAMOTTE BEUVRON;;42.70;65.20;107.00;139.80;23.30
VILLE SOUS LA FERTE;MER;;42.60;64.20;105.30;137.30;23.10
VILLE SOUS LA FERTE;MEUNG;;40.50;61.60;100.00;131.40;21.80
VILLE SOUS LA FERTE;OLIVET;;39.30;59.90;98.50;127.80;21.30
VILLE SOUS LA FERTE;ORLEANS CENTRE;;38.60;59.00;96.70;125.40;20.70
VILLE SOUS LA FERTE;ORLEANS NORD;;37.80;57.60;94.70;123.70;20.30
VILLE SOUS LA FERTE;PARIS LA FOLIE BESSIN;;46.40;70.00;116.80;152.30;25.50
VILLE SOUS LA FERTE;ROMORANTIN;;48.30;74.50;120.60;157.50;26.20
VILLE SOUS LA FERTE;SAINT AIGNAN SUR CHER;;51.00;78.90;127.20;167.10;27.80
VILLE SOUS LA FERTE;SAINT HILAIRE LES ANDRESIS;;13.80;21.60;34.80;47.90;8.10
VILLE SOUS LA FERTE;SALBRIS;;44.30;68.20;111.40;146.70;24.10
VILLE SOUS LA FERTE;SAVIGNY SUR CLAIRIS;;12.80;20.00;32.00;44.50;7.60
VILLE SOUS LA FERTE;SELLES SUR CHER;;50.10;77.30;124.60;163.20;27.20
VILLE SOUS LA FERTE;TOURS CENTRE MONNAIE;;51.50;78.00;125.70;165.40;28.40
VILLE SOUS LA FERTE;VEIGNE;;57.40;89.00;145.00;187.10;31.70
VILLE SOUS LA FERTE;VIERZON EST;;47.20;71.80;118.70;154.30;25.90
VILLE SOUS LA FERTE;VIERZON NORD;;46.60;71.40;118.10;153.90;25.30
VILLEFRANCHE LIMAS;ALLAINVILLE;;61.80;95.40;153.70;202.60;34.50
VILLEFRANCHE LIMAS;ARTENAY;;57.70;88.20;141.70;188.70;32.00
VILLEFRANCHE LIMAS;AUXY;;43.10;66.90;106.30;142.20;24.90
VILLEFRANCHE LIMAS;BLERE;;74.50;115.00;183.50;241.20;42.20
VILLEFRANCHE LIMAS;BLOIS;;64.60;99.10;158.80;210.30;36.10
VILLEFRANCHE LIMAS;BOURGES;;71.40;109.70;176.10;233.00;40.20
VILLEFRANCHE LIMAS;CHATEAU RENAULT;;67.50;103.20;164.40;219.00;38.10
VILLEFRANCHE LIMAS;ESCRENNES;;47.60;73.60;118.80;157.60;27.30
VILLEFRANCHE LIMAS;ESVRES;;75.80;117.20;187.30;245.40;42.70
VILLEFRANCHE LIMAS;FONTENAY SUR LOING;;39.40;59.90;93.60;127.40;22.70
VILLEFRANCHE LIMAS;GIDY;;58.20;89.00;142.60;189.80;32.20
VILLEFRANCHE LIMAS;GONDREVILLE LA FRANCHE NORD;;41.20;63.10;97.80;131.60;23.20
VILLEFRANCHE LIMAS;GONDREVILLE LA FRANCHE SUD;;45.70;69.90;108.50;145.80;26.00
VILLEFRANCHE LIMAS;JANVILLE ALLAINES;;58.80;90.10;144.20;192.10;32.80
VILLEFRANCHE LIMAS;LAMOTTE BEUVRON;;63.30;96.90;155.20;206.20;35.50
VILLEFRANCHE LIMAS;MER;;63.20;95.90;153.50;203.70;35.30
VILLEFRANCHE LIMAS;MEUNG;;61.10;93.30;148.20;197.80;34.00
VILLEFRANCHE LIMAS;OLIVET;;59.90;91.60;146.70;194.20;33.50
VILLEFRANCHE LIMAS;ORLEANS CENTRE;;59.20;90.70;144.90;191.80;32.90
VILLEFRANCHE LIMAS;ORLEANS NORD;;58.40;89.30;142.90;190.10;32.50
VILLEFRANCHE LIMAS;PARIS LA FOLIE BESSIN;;67.00;101.70;165.00;218.70;37.70
VILLEFRANCHE LIMAS;ROMORANTIN;;68.90;106.20;168.80;223.90;38.40
VILLEFRANCHE LIMAS;SAINT AIGNAN SUR CHER;;71.60;110.60;175.40;233.50;40.00
VILLEFRANCHE LIMAS;SAINT HILAIRE LES ANDRESIS;;34.40;53.30;83.00;114.30;20.30
VILLEFRANCHE LIMAS;SALBRIS;;64.90;99.90;159.60;213.10;36.30
VILLEFRANCHE LIMAS;SAVIGNY SUR CLAIRIS;;33.40;51.70;80.20;110.90;19.80
VILLEFRANCHE LIMAS;SELLES SUR CHER;;70.70;109.00;172.80;229.60;39.40
VILLEFRANCHE LIMAS;TOURS CENTRE MONNAIE;;72.10;109.70;173.90;231.80;40.60
VILLEFRANCHE LIMAS;VEIGNE;;78.00;120.70;193.20;253.50;43.90
VILLEFRANCHE LIMAS;VIERZON EST;;67.80;103.50;166.90;220.70;38.10
VILLEFRANCHE LIMAS;VIERZON NORD;;67.20;103.10;166.30;220.30;37.50
VILLEFRANCHE NORD;ALLAINVILLE;;57.60;88.70;145.20;190.60;32.50
VILLEFRANCHE NORD;ARTENAY;;53.50;81.50;133.20;176.70;30.00
VILLEFRANCHE NORD;AUXY;;38.90;60.20;97.80;130.20;22.90
VILLEFRANCHE NORD;BLERE;;70.30;108.30;175.00;229.20;40.20
VILLEFRANCHE NORD;BLOIS;;60.40;92.40;150.30;198.30;34.10
VILLEFRANCHE NORD;BOURGES;;67.20;103.00;167.60;221.00;38.20
VILLEFRANCHE NORD;CHATEAU RENAULT;;63.30;96.50;155.90;207.00;36.10
VILLEFRANCHE NORD;ESCRENNES;;43.40;66.90;110.30;145.60;25.30
VILLEFRANCHE NORD;ESVRES;;71.60;110.50;178.80;233.40;40.70
VILLEFRANCHE NORD;FONTENAY SUR LOING;;35.20;53.20;85.10;115.40;20.70
VILLEFRANCHE NORD;GIDY;;54.00;82.30;134.10;177.80;30.20
VILLEFRANCHE NORD;GONDREVILLE LA FRANCHE NORD;;37.00;56.40;89.30;119.60;21.20
VILLEFRANCHE NORD;GONDREVILLE LA FRANCHE SUD;;41.50;63.20;100.00;133.80;24.00
VILLEFRANCHE NORD;JANVILLE ALLAINES;;54.60;83.40;135.70;180.10;30.80
VILLEFRANCHE NORD;LAMOTTE BEUVRON;;59.10;90.20;146.70;194.20;33.50
VILLEFRANCHE NORD;MER;;59.00;89.20;145.00;191.70;33.30
VILLEFRANCHE NORD;MEUNG;;56.90;86.60;139.70;185.80;32.00
VILLEFRANCHE NORD;OLIVET;;55.70;84.90;138.20;182.20;31.50
VILLEFRANCHE NORD;ORLEANS CENTRE;;55.00;84.00;136.40;179.80;30.90
VILLEFRANCHE NORD;ORLEANS NORD;;54.20;82.60;134.40;178.10;30.50
VILLEFRANCHE NORD;PARIS LA FOLIE BESSIN;;62.80;95.00;156.50;206.70;35.70
VILLEFRANCHE NORD;ROMORANTIN;;64.70;99.50;160.30;211.90;36.40
VILLEFRANCHE NORD;SAINT AIGNAN SUR CHER;;67.40;103.90;166.90;221.50;38.00
VILLEFRANCHE NORD;SAINT HILAIRE LES ANDRESIS;;30.20;46.60;74.50;102.30;18.30
VILLEFRANCHE NORD;SALBRIS;;60.70;93.20;151.10;201.10;34.30
VILLEFRANCHE NORD;SAVIGNY SUR CLAIRIS;;29.20;45.00;71.70;98.90;17.80
VILLEFRANCHE NORD;SELLES SUR CHER;;66.50;102.30;164.30;217.60;37.40
VILLEFRANCHE NORD;TOURS CENTRE MONNAIE;;67.90;103.00;165.40;219.80;38.60
VILLEFRANCHE NORD;VEIGNE;;73.80;114.00;184.70;241.50;41.90
VILLEFRANCHE NORD;VIERZON EST;;63.60;96.80;158.40;208.70;36.10
VILLEFRANCHE NORD;VIERZON NORD;;63.00;96.40;157.80;208.30;35.50
VILLEFRANCHE VILLE;ALLAINVILLE;;58.20;90.30;146.00;191.70;32.80
VILLEFRANCHE VILLE;ARTENAY;;54.10;83.10;134.00;177.80;30.30
VILLEFRANCHE VILLE;AUXY;;39.50;61.80;98.60;131.30;23.20
VILLEFRANCHE VILLE;BLERE;;70.90;109.90;175.80;230.30;40.50
VILLEFRANCHE VILLE;BLOIS;;61.00;94.00;151.10;199.40;34.40
VILLEFRANCHE VILLE;BOURGES;;67.80;104.60;168.40;222.10;38.50
VILLEFRANCHE VILLE;CHATEAU RENAULT;;63.90;98.10;156.70;208.10;36.40
VILLEFRANCHE VILLE;ESCRENNES;;44.00;68.50;111.10;146.70;25.60
VILLEFRANCHE VILLE;ESVRES;;72.20;112.10;179.60;234.50;41.00
VILLEFRANCHE VILLE;FONTENAY SUR LOING;;35.80;54.80;85.90;116.50;21.00
VILLEFRANCHE VILLE;GIDY;;54.60;83.90;134.90;178.90;30.50
VILLEFRANCHE VILLE;GONDREVILLE LA FRANCHE NORD;;37.60;58.00;90.10;120.70;21.50
VILLEFRANCHE VILLE;GONDREVILLE LA FRANCHE SUD;;42.10;64.80;100.80;134.90;24.30
VILLEFRANCHE VILLE;JANVILLE ALLAINES;;55.20;85.00;136.50;181.20;31.10
VILLEFRANCHE VILLE;LAMOTTE BEUVRON;;59.70;91.80;147.50;195.30;33.80
VILLEFRANCHE VILLE;MER;;59.60;90.80;145.80;192.80;33.60
VILLEFRANCHE VILLE;MEUNG;;57.50;88.20;140.50;186.90;32.30
VILLEFRANCHE VILLE;OLIVET;;56.30;86.50;139.00;183.30;31.80
VILLEFRANCHE VILLE;ORLEANS CENTRE;;55.60;85.60;137.20;180.90;31.20
VILLEFRANCHE VILLE;ORLEANS NORD;;54.80;84.20;135.20;179.20;30.80
VILLEFRANCHE VILLE;PARIS LA FOLIE BESSIN;;63.40;96.60;157.30;207.80;36.00
VILLEFRANCHE VILLE;ROMORANTIN;;65.30;101.10;161.10;213.00;36.70
VILLEFRANCHE VILLE;SAINT AIGNAN SUR CHER;;68.00;105.50;167.70;222.60;38.30
VILLEFRANCHE VILLE;SAINT HILAIRE LES ANDRESIS;;30.80;48.20;75.30;103.40;18.60
VILLEFRANCHE VILLE;SALBRIS;;61.30;94.80;151.90;202.20;34.60
VILLEFRANCHE VILLE;SAVIGNY SUR CLAIRIS;;29.80;46.60;72.50;100.00;18.10
VILLEFRANCHE VILLE;SELLES SUR CHER;;67.10;103.90;165.10;218.70;37.70
VILLEFRANCHE VILLE;TOURS CENTRE MONNAIE;;68.50;104.60;166.20;220.90;38.90
VILLEFRANCHE VILLE;VEIGNE;;74.40;115.60;185.50;242.60;42.20
VILLEFRANCHE VILLE;VIERZON EST;;64.20;98.40;159.20;209.80;36.40
VILLEFRANCHE VILLE;VIERZON NORD;;63.60;98.00;158.60;209.40;35.80
VILLENEUVE DONDAGRE;ALLAINVILLE;;29.70;45.70;76.40;95.80;15.50
VILLENEUVE DONDAGRE;ARTENAY;;25.60;38.50;64.40;81.90;13.00
VILLENEUVE DONDAGRE;AUXY;;11.00;17.20;29.00;35.40;5.90
VILLENEUVE DONDAGRE;BLERE;;42.40;65.30;106.20;134.40;23.20
VILLENEUVE DONDAGRE;BLOIS;;32.50;49.40;81.50;103.50;17.10
VILLENEUVE DONDAGRE;BOURGES;;39.30;60.00;98.80;126.20;21.20
VILLENEUVE DONDAGRE;CHATEAU RENAULT;;35.40;53.50;87.10;112.20;19.10
VILLENEUVE DONDAGRE;ESCRENNES;;15.50;23.90;41.50;50.80;8.30
VILLENEUVE DONDAGRE;ESVRES;;43.70;67.50;110.00;138.60;23.70
VILLENEUVE DONDAGRE;FONTENAY SUR LOING;;7.30;10.20;16.30;20.60;3.70
VILLENEUVE DONDAGRE;GIDY;;26.10;39.30;65.30;83.00;13.20
VILLENEUVE DONDAGRE;GONDREVILLE LA FRANCHE NORD;;9.10;13.40;20.50;24.80;4.20
VILLENEUVE DONDAGRE;GONDREVILLE LA FRANCHE SUD;;13.60;20.20;31.20;39.00;7.00
VILLENEUVE DONDAGRE;JANVILLE ALLAINES;;26.70;40.40;66.90;85.30;13.80
VILLENEUVE DONDAGRE;LAMOTTE BEUVRON;;31.20;47.20;77.90;99.40;16.50
VILLENEUVE DONDAGRE;MER;;31.10;46.20;76.20;96.90;16.30
VILLENEUVE DONDAGRE;MEUNG;;29.00;43.60;70.90;91.00;15.00
VILLENEUVE DONDAGRE;OLIVET;;27.80;41.90;69.40;87.40;14.50
VILLENEUVE DONDAGRE;ORLEANS CENTRE;;27.10;41.00;67.60;85.00;13.90
VILLENEUVE DONDAGRE;ORLEANS NORD;;26.30;39.60;65.60;83.30;13.50
VILLENEUVE DONDAGRE;PARIS LA FOLIE BESSIN;;34.90;52.00;87.70;111.90;18.70
VILLENEUVE DONDAGRE;ROMORANTIN;;36.80;56.50;91.50;117.10;19.40
VILLENEUVE DONDAGRE;SAINT AIGNAN SUR CHER;;39.50;60.90;98.10;126.70;21.00
VILLENEUVE DONDAGRE;SAINT HILAIRE LES ANDRESIS;;2.30;3.60;5.70;7.50;1.30
VILLENEUVE DONDAGRE;SALBRIS;;32.80;50.20;82.30;106.30;17.30
VILLENEUVE DONDAGRE;SAVIGNY SUR CLAIRIS;;1.30;2.00;2.90;4.10;0.80
VILLENEUVE DONDAGRE;SELLES SUR CHER;;38.60;59.30;95.50;122.80;20.40
VILLENEUVE DONDAGRE;TOURS CENTRE MONNAIE;;40.00;60.00;96.60;125.00;21.60
VILLENEUVE DONDAGRE;VEIGNE;;45.90;71.00;115.90;146.70;24.90
VILLENEUVE DONDAGRE;VIERZON EST;;35.70;53.80;89.60;113.90;19.10
VILLENEUVE DONDAGRE;VIERZON NORD;;35.10;53.40;89.00;113.50;18.50
VIRIAT;ALLAINVILLE;;56.90;88.40;142.70;188.20;32.60
VIRIAT;ARTENAY;;52.80;81.20;130.70;174.30;30.10
VIRIAT;AUXY;;38.20;59.90;95.30;127.80;23.00
VIRIAT;BLERE;;69.60;108.00;172.50;226.80;40.30
VIRIAT;BLOIS;;59.70;92.10;147.80;195.90;34.20
VIRIAT;BOURGES;;66.50;102.70;165.10;218.60;38.30
VIRIAT;CHATEAU RENAULT;;62.60;96.20;153.40;204.60;36.20
VIRIAT;ESCRENNES;;42.70;66.60;107.80;143.20;25.40
VIRIAT;ESVRES;;70.90;110.20;176.30;231.00;40.80
VIRIAT;FONTENAY SUR LOING;;34.50;52.90;82.60;113.00;20.80
VIRIAT;GIDY;;53.30;82.00;131.60;175.40;30.30
VIRIAT;GONDREVILLE LA FRANCHE NORD;;36.30;56.10;86.80;117.20;21.30
VIRIAT;GONDREVILLE LA FRANCHE SUD;;40.80;62.90;97.50;131.40;24.10
VIRIAT;JANVILLE ALLAINES;;53.90;83.10;133.20;177.70;30.90
VIRIAT;LAMOTTE BEUVRON;;58.40;89.90;144.20;191.80;33.60
VIRIAT;MER;;58.30;88.90;142.50;189.30;33.40
VIRIAT;MEUNG;;56.20;86.30;137.20;183.40;32.10
VIRIAT;OLIVET;;55.00;84.60;135.70;179.80;31.60
VIRIAT;ORLEANS CENTRE;;54.30;83.70;133.90;177.40;31.00
VIRIAT;ORLEANS NORD;;53.50;82.30;131.90;175.70;30.60
VIRIAT;PARIS LA FOLIE BESSIN;;62.10;94.70;154.00;204.30;35.80
VIRIAT;ROMORANTIN;;64.00;99.20;157.80;209.50;36.50
VIRIAT;SAINT AIGNAN SUR CHER;;66.70;103.60;164.40;219.10;38.10
VIRIAT;SAINT HILAIRE LES ANDRESIS;;29.50;46.30;72.00;99.90;18.40
VIRIAT;SALBRIS;;60.00;92.90;148.60;198.70;34.40
VIRIAT;SAVIGNY SUR CLAIRIS;;28.50;44.70;69.20;96.50;17.90
VIRIAT;SELLES SUR CHER;;65.80;102.00;161.80;215.20;37.50
VIRIAT;TOURS CENTRE MONNAIE;;67.20;102.70;162.90;217.40;38.70
VIRIAT;VEIGNE;;73.10;113.70;182.20;239.10;42.00
VIRIAT;VIERZON EST;;62.90;96.50;155.90;206.30;36.20
VIRIAT;VIERZON NORD;;62.30;96.10;155.30;205.90;35.60
VIRSAC;CHATELLERAULT NORD;;24.80;39.30;57.50;73.30;15.70
VIRSAC;CHATELLERAULT SUD;;24.00;37.70;52.80;68.60;14.70
VIRSAC;FUTUROSCOPE;;21.80;34.50;49.00;62.80;13.50
VIRSAC;POITIERS NORD;;21.10;33.70;47.20;61.00;13.20
VIRSAC;POITIERS SUD;;20.00;31.50;44.00;57.70;12.40
VIRSAC;SAINTE MAURE;;28.20;44.70;64.50;85.10;17.70
VIRSAC;TOURS CENTRE SORIGNY;;34.90;53.50;79.30;105.00;21.50
VIRY;ALLAINVILLE;;73.90;116.20;186.10;246.80;42.80
VIRY;ARTENAY;;69.80;109.00;174.10;232.90;40.30
VIRY;AUXY;;55.20;87.70;138.70;186.40;33.20
VIRY;BLERE;;86.60;135.80;215.90;285.40;50.50
VIRY;BLOIS;;76.70;119.90;191.20;254.50;44.40
VIRY;BOURGES;;83.50;130.50;208.50;277.20;48.50
VIRY;CHATEAU RENAULT;;79.60;124.00;196.80;263.20;46.40
VIRY;ESCRENNES;;59.70;94.40;151.20;201.80;35.60
VIRY;ESVRES;;87.90;138.00;219.70;289.60;51.00
VIRY;FONTENAY SUR LOING;;51.50;80.70;126.00;171.60;31.00
VIRY;GIDY;;70.30;109.80;175.00;234.00;40.50
VIRY;GONDREVILLE LA FRANCHE NORD;;53.30;83.90;130.20;175.80;31.50
VIRY;GONDREVILLE LA FRANCHE SUD;;57.80;90.70;140.90;190.00;34.30
VIRY;JANVILLE ALLAINES;;70.90;110.90;176.60;236.30;41.10
VIRY;LAMOTTE BEUVRON;;75.40;117.70;187.60;250.40;43.80
VIRY;MER;;75.30;116.70;185.90;247.90;43.60
VIRY;MEUNG;;73.20;114.10;180.60;242.00;42.30
VIRY;OLIVET;;72.00;112.40;179.10;238.40;41.80
VIRY;ORLEANS CENTRE;;71.30;111.50;177.30;236.00;41.20
VIRY;ORLEANS NORD;;70.50;110.10;175.30;234.30;40.80
VIRY;PARIS LA FOLIE BESSIN;;79.10;122.50;197.40;262.90;46.00
VIRY;ROMORANTIN;;81.00;127.00;201.20;268.10;46.70
VIRY;SAINT AIGNAN SUR CHER;;83.70;131.40;207.80;277.70;48.30
VIRY;SAINT HILAIRE LES ANDRESIS;;46.50;74.10;115.40;158.50;28.60
VIRY;SALBRIS;;77.00;120.70;192.00;257.30;44.60
VIRY;SAVIGNY SUR CLAIRIS;;45.50;72.50;112.60;155.10;28.10
VIRY;SELLES SUR CHER;;82.80;129.80;205.20;273.80;47.70
VIRY;TOURS CENTRE MONNAIE;;84.20;130.50;206.30;276.00;48.90
VIRY;VEIGNE;;90.10;141.50;225.60;297.70;52.20
VIRY;VIERZON EST;;79.90;124.30;199.30;264.90;46.40
VIRY;VIERZON NORD;;79.30;123.90;198.70;264.50;45.80
VITRE LA GRAVELLE;ABLIS;;29.70;46.30;69.20;99.00;18.60
VITRE LA GRAVELLE;ALENCON NORD;;14.90;25.00;38.70;52.00;9.50
VITRE LA GRAVELLE;ALENCON SUD;;14.70;24.10;36.50;49.60;9.10
VITRE LA GRAVELLE;PEAGE DE CORZE;;22.80;33.90;54.30;69.80;13.90
VITRE LA GRAVELLE;ARGENTAN;;25.50;43.50;65.80;87.80;15.70
VITRE LA GRAVELLE;AUVOURS LE MANS ZI SUD;;13.90;22.60;36.80;45.00;8.80
VITRE LA GRAVELLE;BEAUFORT EN VALLEE;;22.10;33.70;51.80;68.40;13.80
VITRE LA GRAVELLE;BEAUMONT SUR SARTHE;;14.00;22.70;36.00;45.00;8.80
VITRE LA GRAVELLE;BERNAY;;34.80;57.10;86.60;117.90;21.70
VITRE LA GRAVELLE;BOURGUEIL;;26.70;39.70;62.70;82.20;16.60
VITRE LA GRAVELLE;BRIONNE;;40.40;66.40;97.00;130.80;25.40
VITRE LA GRAVELLE;BROU;;21.50;33.20;48.30;68.30;13.40
VITRE LA GRAVELLE;CHARTRES EST;;26.40;43.50;62.40;88.90;16.70
VITRE LA GRAVELLE;CHARTRES THIVARS;;25.20;39.60;56.90;83.90;16.00
VITRE LA GRAVELLE;CHATEAU DU LOIR MONTABON;;18.20;29.00;47.70;58.40;11.30
VITRE LA GRAVELLE;CONNERRE;;16.50;25.20;38.00;53.90;10.10
VITRE LA GRAVELLE;DURTAL;;17.70;26.40;43.50;56.90;11.00
VITRE LA GRAVELLE;ECOMMOY;;16.20;27.00;44.20;51.70;9.90
VITRE LA GRAVELLE;EVRON;;5.30;8.00;13.60;17.90;3.60
VITRE LA GRAVELLE;GACE;;25.40;42.20;62.60;84.10;16.10
VITRE LA GRAVELLE;ILLIERS COMBRAY;;24.20;37.60;56.50;82.10;14.90
VITRE LA GRAVELLE;LA FERTE BERNARD;;16.60;26.80;38.50;58.80;10.20
VITRE LA GRAVELLE;LAVAL EST;;3.00;5.40;8.10;10.30;2.00
VITRE LA GRAVELLE;LAVAL OUEST;;2.20;4.10;5.30;6.30;1.50
VITRE LA GRAVELLE;LE MANS CENTRE UNIVERSITE;;12.60;18.50;31.50;41.70;8.00
VITRE LA GRAVELLE;LE MANS SUD;;13.60;20.20;34.00;45.20;8.60
VITRE LA GRAVELLE;LE MANS ZI NORD;;13.40;20.20;29.00;43.60;8.10
VITRE LA GRAVELLE;LONGUE JUMELLES;;23.10;34.80;54.50;71.30;14.40
VITRE LA GRAVELLE;ORBEC;;30.40;50.50;75.30;101.40;19.20
VITRE LA GRAVELLE;PARIGNE L EVEQUE;;14.70;22.90;37.30;45.90;9.10
VITRE LA GRAVELLE;PARIS LA FOLIE BESSIN;;32.30;50.60;75.30;108.60;21.60
VITRE LA GRAVELLE;RESTIGNE;;30.70;45.80;70.50;93.60;18.90
VITRE LA GRAVELLE;ROUMOIS;;49.80;80.90;116.80;159.70;29.90
VITRE LA GRAVELLE;SABLE LA FLECHE;;16.70;24.50;40.50;54.10;10.20
VITRE LA GRAVELLE;SAUMUR VIVY;;24.50;37.30;59.10;77.00;15.40
VITRE LA GRAVELLE;SEES;;21.40;35.80;53.90;72.30;13.40
VITRE LA GRAVELLE;SEICHES;;20.40;30.20;48.10;63.20;12.40
VITRE LA GRAVELLE;SILLE LE GUILLAUME MAMERS;;14.60;23.20;36.20;48.20;8.90
VITRE LA GRAVELLE;SILLE LE GUILLAUME SABLE;;7.40;11.50;18.90;25.90;4.60
VITRE LA GRAVELLE;TOURS CENTRE SAINT CHRISTOPHE;;19.70;33.20;52.70;68.00;13.00
VOIE SACREE;ALLAINVILLE;;54.40;84.50;135.90;176.60;30.20
VOIE SACREE;ARTENAY;;50.30;77.30;123.90;162.70;27.70
VOIE SACREE;AUXY;;35.70;56.00;88.50;116.20;20.60
VOIE SACREE;BLERE;;67.10;104.10;165.70;215.20;37.90
VOIE SACREE;BLOIS;;57.20;88.20;141.00;184.30;31.80
VOIE SACREE;BOURGES;;64.00;98.80;158.30;207.00;35.90
VOIE SACREE;CHATEAU RENAULT;;60.10;92.30;146.60;193.00;33.80
VOIE SACREE;ESCRENNES;;40.20;62.70;101.00;131.60;23.00
VOIE SACREE;ESVRES;;68.40;106.30;169.50;219.40;38.40
VOIE SACREE;FONTENAY SUR LOING;;32.00;49.00;75.80;101.40;18.40
VOIE SACREE;GIDY;;50.80;78.10;124.80;163.80;27.90
VOIE SACREE;GONDREVILLE LA FRANCHE NORD;;33.80;52.20;80.00;105.60;18.90
VOIE SACREE;GONDREVILLE LA FRANCHE SUD;;38.30;59.00;90.70;119.80;21.70
VOIE SACREE;JANVILLE ALLAINES;;51.40;79.20;126.40;166.10;28.50
VOIE SACREE;LAMOTTE BEUVRON;;55.90;86.00;137.40;180.20;31.20
VOIE SACREE;MER;;55.80;85.00;135.70;177.70;31.00
VOIE SACREE;MEUNG;;53.70;82.40;130.40;171.80;29.70
VOIE SACREE;OLIVET;;52.50;80.70;128.90;168.20;29.20
VOIE SACREE;ORLEANS CENTRE;;51.80;79.80;127.10;165.80;28.60
VOIE SACREE;ORLEANS NORD;;51.00;78.40;125.10;164.10;28.20
VOIE SACREE;PARIS LA FOLIE BESSIN;;59.60;90.80;147.20;192.70;33.40
VOIE SACREE;ROMORANTIN;;61.50;95.30;151.00;197.90;34.10
VOIE SACREE;SAINT AIGNAN SUR CHER;;64.20;99.70;157.60;207.50;35.70
VOIE SACREE;SAINT HILAIRE LES ANDRESIS;;27.00;42.40;65.20;88.30;16.00
VOIE SACREE;SALBRIS;;57.50;89.00;141.80;187.10;32.00
VOIE SACREE;SAVIGNY SUR CLAIRIS;;26.00;40.80;62.40;84.90;15.50
VOIE SACREE;SELLES SUR CHER;;63.30;98.10;155.00;203.60;35.10
VOIE SACREE;TOURS CENTRE MONNAIE;;64.70;98.80;156.10;205.80;36.30
VOIE SACREE;VEIGNE;;70.60;109.80;175.40;227.50;39.60
VOIE SACREE;VIERZON EST;;60.40;92.60;149.10;194.70;33.80
VOIE SACREE;VIERZON NORD;;59.80;92.20;148.50;194.30;33.20
VOUILLE;CHATELLERAULT NORD;;10.70;17.20;26.80;32.70;6.60
VOUILLE;CHATELLERAULT SUD;;9.90;15.60;22.10;28.00;5.60
VOUILLE;FUTUROSCOPE;;7.70;12.40;18.30;22.20;4.40
VOUILLE;POITIERS NORD;;7.00;11.60;16.50;20.40;4.10
VOUILLE;POITIERS SUD;;5.90;9.40;13.30;17.10;3.30
VOUILLE;SAINTE MAURE;;14.10;22.60;33.80;44.50;8.60
VOUILLE;TOURS CENTRE SORIGNY;;20.80;31.40;48.60;64.40;12.40
VULAINES;ALLAINVILLE;;34.30;51.80;86.10;109.60;17.70
VULAINES;ARTENAY;;30.20;44.60;74.10;95.70;15.20
VULAINES;AUXY;;15.60;23.30;38.70;49.20;8.10
VULAINES;BLERE;;47.00;71.40;115.90;148.20;25.40
VULAINES;BLOIS;;37.10;55.50;91.20;117.30;19.30
VULAINES;BOURGES;;43.90;66.10;108.50;140.00;23.40
VULAINES;CHATEAU RENAULT;;40.00;59.60;96.80;126.00;21.30
VULAINES;ESCRENNES;;20.10;30.00;51.20;64.60;10.50
VULAINES;ESVRES;;48.30;73.60;119.70;152.40;25.90
VULAINES;FONTENAY SUR LOING;;11.90;16.30;26.00;34.40;5.90
VULAINES;GIDY;;30.70;45.40;75.00;96.80;15.40
VULAINES;GONDREVILLE LA FRANCHE NORD;;13.70;19.50;30.20;38.60;6.40
VULAINES;GONDREVILLE LA FRANCHE SUD;;18.20;26.30;40.90;52.80;9.20
VULAINES;JANVILLE ALLAINES;;31.30;46.50;76.60;99.10;16.00
VULAINES;LAMOTTE BEUVRON;;35.80;53.30;87.60;113.20;18.70
VULAINES;MER;;35.70;52.30;85.90;110.70;18.50
VULAINES;MEUNG;;33.60;49.70;80.60;104.80;17.20
VULAINES;OLIVET;;32.40;48.00;79.10;101.20;16.70
VULAINES;ORLEANS CENTRE;;31.70;47.10;77.30;98.80;16.10
VULAINES;ORLEANS NORD;;30.90;45.70;75.30;97.10;15.70
VULAINES;PARIS LA FOLIE BESSIN;;39.50;58.10;97.40;125.70;20.90
VULAINES;ROMORANTIN;;41.40;62.60;101.20;130.90;21.60
VULAINES;SAINT AIGNAN SUR CHER;;44.10;67.00;107.80;140.50;23.20
VULAINES;SAINT HILAIRE LES ANDRESIS;;6.90;9.70;15.40;21.30;3.50
VULAINES;SALBRIS;;37.40;56.30;92.00;120.10;19.50
VULAINES;SAVIGNY SUR CLAIRIS;;5.90;8.10;12.60;17.90;3.00
VULAINES;SELLES SUR CHER;;43.20;65.40;105.20;136.60;22.60
VULAINES;TOURS CENTRE MONNAIE;;44.60;66.10;106.30;138.80;23.80
VULAINES;VEIGNE;;50.50;77.10;125.60;160.50;27.10
VULAINES;VIERZON EST;;40.30;59.90;99.30;127.70;21.30
VULAINES;VIERZON NORD;;39.70;59.50;98.70;127.30;20.70
VULCANIA BROMONT;ALLAINVILLE;;40.70;63.30;96.80;130.90;23.90
VULCANIA BROMONT;ARTENAY;;34.20;54.30;83.50;112.80;20.70
VULCANIA BROMONT;AUXY;;43.60;66.20;106.20;140.70;24.50
VULCANIA BROMONT;BLERE;;32.10;50.50;78.10;105.10;19.30
VULCANIA BROMONT;BLOIS;;37.60;58.10;91.80;119.70;22.60
VULCANIA BROMONT;BOURGES;;18.10;27.80;42.90;59.40;10.70
VULCANIA BROMONT;CHATEAU RENAULT;;39.30;62.40;96.40;130.90;23.90
VULCANIA BROMONT;ESCRENNES;;39.10;60.20;94.20;126.80;22.50
VULCANIA BROMONT;ESVRES;;34.50;54.30;84.20;110.40;20.50
VULCANIA BROMONT;FONTENAY SUR LOING;;47.40;73.40;120.20;156.80;26.70
VULCANIA BROMONT;GIDY;;32.30;50.10;78.70;105.40;19.20
VULCANIA BROMONT;GONDREVILLE LA FRANCHE NORD;;47.10;70.90;114.80;152.30;26.20
VULCANIA BROMONT;GONDREVILLE LA FRANCHE SUD;;51.60;77.70;125.50;166.50;29.00
VULCANIA BROMONT;JANVILLE ALLAINES;;36.50;57.50;88.30;118.70;22.00
VULCANIA BROMONT;LAMOTTE BEUVRON;;25.50;39.60;62.90;82.90;14.80
VULCANIA BROMONT;MER;;35.70;55.90;86.40;116.50;20.90
VULCANIA BROMONT;MEUNG;;33.30;52.60;79.80;109.60;19.90
VULCANIA BROMONT;OLIVET;;30.20;46.30;71.90;96.60;17.60
VULCANIA BROMONT;ORLEANS CENTRE;;30.40;47.80;76.20;98.40;17.90
VULCANIA BROMONT;ORLEANS NORD;;32.10;49.50;77.30;103.90;18.90
VULCANIA BROMONT;PARIS LA FOLIE BESSIN;;42.70;67.40;107.30;141.90;26.40
VULCANIA BROMONT;ROMORANTIN;;24.80;39.20;60.60;81.50;15.10
VULCANIA BROMONT;SAINT AIGNAN SUR CHER;;28.60;44.80;70.00;95.50;16.80
VULCANIA BROMONT;SAINT HILAIRE LES ANDRESIS;;52.20;79.80;128.60;167.50;29.10
VULCANIA BROMONT;SALBRIS;;23.40;36.80;57.40;75.80;14.20
VULCANIA BROMONT;SAVIGNY SUR CLAIRIS;;52.80;80.00;129.40;170.40;29.40
VULCANIA BROMONT;SELLES SUR CHER;;26.80;41.90;64.00;88.30;16.20
VULCANIA BROMONT;TOURS CENTRE MONNAIE;;44.20;70.20;105.90;144.10;26.10
VULCANIA BROMONT;VEIGNE;;34.80;55.80;87.60;116.10;21.70
VULCANIA BROMONT;VIERZON EST;;21.10;33.00;50.00;68.60;13.00
VULCANIA BROMONT;VIERZON NORD;;21.30;33.20;52.30;70.50;13.10
